energy_term,comfort_term,energy_penalty,comfort_penalty,total_power_demand,total_temperature_violation,avg_pmv,price_kwh,TimeLimit.truncated
,,,,,,,,
-3.1647613896948013,-0.0,-6.3295227793896025,-0.0,1389.2719006561902,0.0,0.3729226851098046,4.556,False
-0.0,-0.0,-0.0,-0.0,0.0,0.0,0.3603484791219329,4.556,False
-0.0,-0.0,-0.0,-0.0,0.0,0.0,0.30644497983736757,4.556,False
-0.0,-0.0,-0.0,-0.0,0.0,0.0,0.20478031588301585,4.556,False
-0.0,-0.0,-0.0,-0.0,0.0,0.0,0.04918596118128852,4.556,False
-0.0,-0.0,-0.0,-0.0,0.0,0.0,-0.054649024239749676,4.556,False
-0.0,-0.0,-0.0,-0.0,0.0,0.0,-0.12743975287744788,4.556,False
-0.0,-0.0,-0.0,-0.0,0.0,0.0,-0.179197122118417,4.556,False
-0.0,-0.0,-0.0,-0.0,0.0,0.0,-0.22236185476724346,4.556,False
-0.34282387768369427,-0.0,-0.6856477553673885,-0.0,150.49336158195533,0.0,-0.2531060061345324,4.556,False
-0.0,-0.0,-0.0,-0.0,0.0,0.0,-0.27292844923828824,4.556,False
-0.0,-0.0,-0.0,-0.0,0.0,0.0,-0.28515991230991194,4.556,False
-1.561803127063272,-0.0,-3.123606254126544,-0.0,685.6027774641229,0.0,-0.2901918117525026,4.556,False
-1.188862538237516,-0.0,-2.377725076475032,-0.0,521.8887349594013,0.0,-0.2765267533882931,4.556,False
-0.0,-0.0,-0.0,-0.0,0.0,0.0,-0.24248222381312667,4.556,False
-0.0,-0.0,-0.0,-0.0,0.0,0.0,-0.2451199830088899,4.556,False
-0.0,-0.0,-0.0,-0.0,0.0,0.0,-0.26511913984856367,11.493,False
-0.0,-0.48219886772821063,-0.0,-0.03857590941825685,0.0,0.03857590941825685,-0.30308113935878295,11.493,False
-0.0,-1.0320358888356154,-0.0,-0.08256287110684923,0.0,0.08256287110684923,-0.34886890306893586,11.493,False
-0.0,-1.6031740280143325,-0.0,-0.1282539222411466,0.0,0.1282539222411466,-0.3974679074737364,11.493,False
-0.0,-2.2245247403866677,-0.0,-0.1779619792309334,0.0,0.1779619792309334,-0.44653651680864986,11.493,False
-0.0,-2.9640409864101445,-0.0,-0.23712327891281157,0.0,0.23712327891281157,-0.4940514898902988,4.556,False
-0.1314778319687132,-4.471766727047539,-0.2629556639374264,-0.35774133816380316,57.716344147810894,0.35774133816380316,-0.5395315607571317,4.556,False
-3.047821482546821,-32.96172204605465,-6.095642965093642,-2.6369377636843723,1337.937437465681,2.6369377636843723,-1.0574214648274716,4.556,False
-3.2377001845191984,-51.35511471419557,-6.475400369038397,-4.108409177135646,1421.2906867950828,4.108409177135646,-1.2546298790123736,4.556,False
-3.1721674833646887,-50.94386436116313,-6.344334966729377,-4.07550914889305,1392.5230392294507,4.07550914889305,-1.2569360553844453,4.556,False
-3.126083949478477,-50.847431991682754,-6.252167898956954,-4.0677945593346205,1372.2932175059161,4.0677945593346205,-1.2502200525153317,4.556,False
-3.0856948405867026,-50.25580574752656,-6.171389681173405,-4.020464459802125,1354.5631433655412,4.020464459802125,-1.2278488938410799,4.556,False
-3.0497924275165746,-51.7732359143445,-6.099584855033149,-4.14185887314756,1338.8026459686455,4.14185887314756,-1.2210470620116023,4.556,False
-3.0196236009172734,-52.541952515785226,-6.039247201834547,-4.203356201262818,1325.5590873210156,4.203356201262818,-1.2036345325016478,4.556,False
-2.9951302623833578,-54.00581502166014,-5.9902605247667156,-4.320465201732811,1314.8069632938357,4.320465201732811,-1.1941745656997722,4.556,False
-2.975261610483576,-55.769997984818545,-5.950523220967152,-4.461599838785483,1306.0849914326495,4.461599838785483,-1.1897738094800812,4.556,False
-3.4393397873060403,-60.25953767261889,-6.878679574612081,-4.820763013809511,1509.8067547436524,4.820763013809511,-1.2243080948255176,4.556,False
-3.115806754906029,-64.42540066633067,-6.231613509812058,-5.154032053306454,1367.7817185715667,5.154032053306454,-1.2967168672232336,4.556,False
-3.4598890542585994,-65.08307325968889,-6.919778108517199,-5.206645860775112,1518.8275040643543,5.206645860775112,-1.3170910062859642,4.556,False
-3.178437008813569,-66.33654585824348,-6.356874017627138,-5.306923668659478,1395.275245308854,5.306923668659478,-1.3502869803164002,4.556,False
-3.4805168825881445,-68.26491738692937,-6.961033765176289,-5.4611933909543495,1527.8827403810994,5.4611933909543495,-1.3808321123474065,4.556,False
-3.529343566891483,-72.0052082004704,-7.058687133782966,-5.760416656037632,1549.3167545616695,5.760416656037632,-1.4407453594998898,4.556,False
-3.2460194320829032,-77.25923543782581,-6.4920388641658064,-6.180738835026064,1424.9426830917048,6.180738835026064,-1.5022434710031074,4.556,False
-3.150512317028299,-77.88852339833967,-6.301024634056598,-6.231081871867174,1383.0168204689637,6.231081871867174,-1.5056963569649984,4.556,False
-3.0944493838052956,-78.1345130709741,-6.188898767610591,-6.250761045677927,1358.4062264290146,6.250761045677927,-1.497574103644001,4.556,False
-3.472316461007552,-78.87287111001874,-6.944632922015104,-6.309829688801499,1524.2829065002422,6.309829688801499,-1.4927355450208921,4.556,False
-3.1987969410743653,-80.18065371084231,-6.397593882148731,-6.414452296867385,1404.2128801906783,6.414452296867385,-1.5054977207503242,4.556,False
-3.110199286145439,-81.31615373635418,-6.220398572290878,-6.505292298908334,1365.3201431718344,6.505292298908334,-1.5122144204560264,4.556,False
-3.063174410494995,-82.20676481918909,-6.12634882098999,-6.5765411855351275,1344.6770897695324,6.5765411855351275,-1.508217687226012,4.556,False
-3.4666958021450873,-83.17670372223459,-6.933391604290175,-6.654136297778767,1521.8155408889759,6.654136297778767,-1.5058363091651972,4.556,False
-3.1839047316456166,-84.25880758355693,-6.367809463291233,-6.740704606684554,1397.675474822483,6.740704606684554,-1.5212354795397562,4.556,False
-3.496958131479955,-85.36886165140164,-6.99391626295991,-6.829508932112132,1535.1001455135886,6.829508932112132,-1.5367772635108123,4.556,False
-3.220661966241565,-86.8079079324103,-6.44132393248313,-6.944632634592824,1413.8112231086766,6.944632634592824,-1.559556986714912,4.556,False
-3.5104668815958457,-88.11002728730641,-7.0209337631916915,-7.048802182984513,1541.0302377505907,7.048802182984513,-1.575704245406876,4.556,False
-3.240334052213804,-89.62812035761694,-6.480668104427608,-7.170249628609355,1422.4469061518016,7.170249628609355,-1.595515303717024,4.556,False
-3.5186567893167306,-90.80148178448258,-7.037313578633461,-7.264118542758606,1544.6254562408826,7.264118542758606,-1.607782098096476,4.556,False
-3.5595542759651138,-92.3874194623847,-7.1191085519302275,-7.390993556990776,1562.5786988433335,7.390993556990776,-1.6282239716547682,4.556,False
-3.5761866146509935,-94.66425977314601,-7.152373229301987,-7.573140781851681,1569.8799888722535,7.573140781851681,-1.6553674763712174,4.556,False
-3.3211818119434464,-96.98555892047447,-6.642363623886893,-7.7588447136379575,1457.9375820647263,7.7588447136379575,-1.6786112561722675,4.556,False
-3.2070332255842056,-97.33558056153225,-6.414066451168411,-7.78684644492258,1407.8284572362622,7.78684644492258,-1.6799419975000325,4.556,False
-3.1415255220960083,-96.26883033930984,-6.283051044192017,-7.701506427144787,1379.071783185254,7.701506427144787,-1.664139294667393,4.556,False
-3.0953272198055073,-94.97406396697818,-6.190654439611015,-7.597925117358255,1358.7915802482473,7.597925117358255,-1.6402479993067056,4.556,False
-3.0598917862083668,-92.41959677887881,-6.1197835724167335,-7.393567742310305,1343.2360782301873,7.393567742310305,-1.5949127756883745,4.556,False
-3.0328862710580657,-92.86441628253633,-6.0657725421161315,-7.429153302602906,1331.3811549859815,7.429153302602906,-1.579466869369826,4.556,False
-3.466936180142106,-93.19883640627901,-6.933872360284212,-7.455906912502321,1521.921062397764,7.455906912502321,-1.5685581001301785,4.556,False
-3.1743630834565324,-93.43091873508548,-6.348726166913065,-7.474473498806838,1393.4868671889958,7.474473498806838,-1.5794054869902954,4.556,False
-3.09029091756614,-93.72042882902234,-6.18058183513228,-7.497634306321787,1356.5807364206057,7.497634306321787,-1.5847670859998129,4.556,False
-3.047757083827983,-93.99678578932628,-6.095514167655966,-7.519742863146102,1337.9091676154446,7.519742863146102,-1.578807875392644,4.556,False
-3.0192180022343837,-94.28735270784982,-6.0384360044687675,-7.542988216627986,1325.3810369773414,7.542988216627986,-1.5660690606744776,4.556,False
-2.997959276329704,-94.65463793091794,-5.995918552659408,-7.572371034473435,1316.0488482571131,7.572371034473435,-1.550768776746348,4.556,False
-2.9812660889552163,-95.11439402859544,-5.9625321779104326,-7.609151522287635,1308.7208467757753,7.609151522287635,-1.5353432954860937,4.556,False
-3.4498600281294074,-95.2632538718014,-6.899720056258815,-7.621060309744111,1514.4249465010569,7.621060309744111,-1.5291057646688204,4.556,False
-3.522249471923255,-94.2655784510599,-7.04449894384651,-7.541246276084792,1546.202577666047,7.541246276084792,-1.5516222809362465,4.556,False
-3.2070055965397435,-96.19453739472682,-6.414011193079487,-7.695562991578146,1407.8163285951464,7.695562991578146,-1.6119113102099683,4.556,False
-3.5135823385511955,-95.89176446962261,-7.027164677102391,-7.67134115756981,1542.3978659136064,7.67134115756981,-1.6224290678725624,4.556,False
-3.2371410585114293,-96.46990394062284,-6.474282117022859,-7.717592315249827,1421.0452407864045,7.717592315249827,-1.6400563191962194,4.556,False
-3.140449858631549,-96.74151019501693,-6.280899717263098,-7.739320815601355,1378.5995867566062,7.739320815601355,-1.643528628686069,4.556,False
-3.502304999296238,-96.80178273125208,-7.004609998592476,-7.744142618500166,1537.4473219035285,7.744142618500166,-1.6402370074102084,4.556,False
-3.2250023178921414,-97.23346753309382,-6.450004635784283,-7.778677402647506,1415.7165574592368,7.778677402647506,-1.648175031827502,4.556,False
-3.132304729335028,-97.29575128130712,-6.264609458670056,-7.7836601025045695,1375.0240251690202,7.7836601025045695,-1.6469604843145131,4.556,False
-3.0824491432033896,-96.96049775600777,-6.164898286406779,-7.7568398204806215,1353.1383420559218,7.7568398204806215,-1.6338914685919932,4.556,False
-3.04795047429915,-96.58518349905378,-6.0959009485983,-7.726814679924303,1337.9940624667033,7.726814679924303,-1.614438736579559,4.556,False
-3.4748653294513523,-96.41103902962602,-6.949730658902705,-7.712883122370082,1525.401812753008,7.712883122370082,-1.600947044034342,4.556,False
-3.1832898148039592,-96.37179358041936,-6.3665796296079185,-7.709743486433549,1397.4055376663562,7.709743486433549,-1.6087309350172856,4.556,False
-3.0978403387009736,-96.41234121838049,-6.195680677401947,-7.712987297470439,1359.894793108417,7.712987297470439,-1.6112933509832796,4.556,False
-3.4893006087212086,-96.4751774304928,-6.978601217442417,-7.718014194439425,1531.738634205974,7.718014194439425,-1.6102529155368923,4.556,False
-3.2022260690228763,-96.7319802460992,-6.404452138045753,-7.738558419687935,1405.7182041364688,7.738558419687935,-1.6226795635613709,4.556,False
-3.112897800595927,-96.89623942740569,-6.225795601191854,-7.751699154192455,1366.504741262479,7.751699154192455,-1.6260215894599506,4.556,False
-3.0662876920030984,-96.82766237519931,-6.132575384006197,-7.746212990015945,1346.0437629513162,7.746212990015945,-1.6166848999831034,4.556,False
-3.4810282259473784,-96.76837391644814,-6.962056451894757,-7.741469913315852,1528.1072106880501,7.741469913315852,-1.6080401765599532,4.556,False
-3.1912589265766,-96.83191468689225,-6.3825178531532,-7.74655317495138,1400.9038308062334,7.74655317495138,-1.6173224670640833,4.556,False
-3.1042773348123807,-96.89610179909445,-6.208554669624761,-7.751688143927556,1362.7205157209748,7.751688143927556,-1.6198587020003712,4.556,False
-3.059406614860631,-96.8404917408611,-6.118813229721262,-7.747239339268887,1343.023096953745,7.747239339268887,-1.6106957089156861,4.556,False
-3.478782577830187,-96.79365371712339,-6.957565155660374,-7.743492297369872,1527.1214125681242,7.743492297369872,-1.6026180055474668,4.556,False
-3.187457301281324,-96.80935628548004,-6.374914602562648,-7.744748502838403,1399.2349873930307,7.744748502838403,-1.6127666647309897,4.556,False
-3.101032041546061,-96.87028009027968,-6.202064083092122,-7.7496224072223745,1361.2958918112645,7.7496224072223745,-1.6161341208202693,4.556,False
-3.4908771046232947,-96.9213262506664,-6.981754209246589,-7.753706100053312,1532.4306868407791,7.753706100053312,-1.6151670700210843,4.556,False
-3.2040834618072767,-97.16629346595998,-6.408166923614553,-7.773303477276799,1406.533565323651,7.773303477276799,-1.6272845048749096,4.556,False
-3.114455811965762,-97.29832315416603,-6.228911623931524,-7.783865852333282,1367.1886795284295,7.783865852333282,-1.6301971180289092,4.556,False
-3.067594205464722,-97.18430613108457,-6.135188410929444,-7.774744490486765,1346.6172982724854,7.774744490486765,-1.6204302335121288,4.556,False
-3.035667025326895,-97.02641221599018,-6.07133405065379,-7.762112977279214,1332.6018548406037,7.762112977279214,-1.6035993328603475,4.556,False
-3.011712340721967,-96.98572416506524,-6.023424681443934,-7.758857933205219,1322.0861899569652,7.758857933205219,-1.5843447320913915,4.556,False
-2.992835439177857,-97.10566918734742,-5.985670878355714,-7.768453534987793,1313.799578216794,7.768453534987793,-1.5652601140767315,4.556,False
-3.4561462535785585,-97.05653478842515,-6.912292507157117,-7.764522783074012,1517.1844835726772,7.764522783074012,-1.5556806763331485,4.556,False
-3.1528036385665117,-96.47920650757612,-6.305607277133023,-7.71833652060609,1384.0226683786268,7.71833652060609,-1.5700817022354479,4.556,False
-3.071886486974415,-96.33761390938209,-6.14377297394883,-7.707009112750567,1348.501530717478,7.707009112750567,-1.5792560382066771,4.556,False
-3.480523092559719,-96.36203116439937,-6.961046185119438,-7.708962493151949,1527.885466444126,7.708962493151949,-1.5838142278270764,4.556,False
-3.541215692586176,-96.21855777710438,-7.082431385172352,-7.697484622168351,1554.5283988525796,7.697484622168351,-1.6063279962214845,4.556,False
-3.2373515835832456,-98.88508169797956,-6.474703167166491,-7.910806535838365,1421.1376574114336,7.910806535838365,-1.6573786863928872,4.556,False
-3.1448422934048637,-98.4847738991987,-6.289684586809727,-7.878781911935896,1380.5277846377803,7.878781911935896,-1.656912635878817,4.556,False
-3.091622635906678,-97.9002257009596,-6.183245271813356,-7.832018056076768,1357.1653362189104,7.832018056076768,-1.644246869043964,4.556,False
-3.055047087351426,-97.30525860401563,-6.110094174702852,-7.784420688321251,1341.1093447547964,7.784420688321251,-1.6242715077576257,4.556,False
-3.02753582199235,-96.95118647396039,-6.0550716439847,-7.7560949179168315,1329.032406493569,7.7560949179168315,-1.6023217915043626,4.556,False
-3.005865577590373,-96.85685216099313,-6.011731155180746,-7.748548172879451,1319.5195687402866,7.748548172879451,-1.5807436266266717,4.556,False
-3.460515731300454,-96.78190257903306,-6.921031462600908,-7.742552206322644,1519.1026037315426,7.742552206322644,-1.5689157287790787,4.556,False
-3.1603808092558556,-96.38907880650027,-6.320761618511711,-7.711126304520022,1387.348906609243,7.711126304520022,-1.5810188433676255,4.556,False
-3.499829296403316,-96.21587459220031,-6.999658592806632,-7.697269967376025,1536.3605339786286,7.697269967376025,-1.5949331760412164,4.556,False
-3.2111056707832724,-96.55824768715213,-6.422211341566545,-7.724659814972171,1409.6161855940616,7.724659814972171,-1.6171659301637875,4.556,False
-3.118515186742995,-96.91376409321215,-6.23703037348599,-7.753101127456972,1368.9706702120259,7.753101127456972,-1.625506094300188,4.556,False
-3.4964433012300145,-97.09867312997528,-6.992886602460029,-7.767893850398022,1534.874144525906,7.767893850398022,-1.6259680421005396,4.556,False
-3.2129819361658947,-97.4786903270294,-6.425963872331789,-7.798295226162352,1410.4398315039045,7.798295226162352,-1.6375219462826938,4.556,False
-3.1219394011254096,-97.61575128205673,-6.243878802250819,-7.809260102564538,1370.4738371928927,7.809260102564538,-1.6392540099498731,4.556,False
-3.4980829016707933,-97.61051020111687,-6.9961658033415866,-7.808840816089349,1535.5938988897249,7.808840816089349,-1.6357317442322712,4.556,False
-3.215900132271713,-97.9074727097204,-6.431800264543426,-7.832597816777632,1411.7208657909189,7.832597816777632,-1.6446788650164084,4.556,False
-3.124574597447082,-97.94949259427077,-6.249149194894164,-7.835959407541662,1371.6306397923977,7.835959407541662,-1.6446758184803463,4.556,False
-3.076070116914666,-97.66175934619513,-6.152140233829332,-7.81294074769561,1350.3380671267191,7.81294074769561,-1.63256102596226,4.556,False
-3.484897698616124,-97.44233043694909,-6.969795397232248,-7.795386434955928,1529.805837847289,7.795386434955928,-1.6215665859795336,4.556,False
-3.197141719758238,-97.48047051901216,-6.394283439516476,-7.798437641520973,1403.4862685505873,7.798437641520973,-1.6286581236950355,4.556,False
-3.5131284432018672,-97.59238390810847,-7.0262568864037345,-7.807390712648678,1542.1986142238222,7.807390712648678,-1.6360678781838356,4.556,False
-3.2328676581427027,-98.1491088414794,-6.465735316285405,-7.851928707318352,1419.1692968141801,7.851928707318352,-1.6512299720208221,4.556,False
-3.13722617667693,-98.3288791665552,-6.27445235335386,-7.8663103333244155,1377.18444981428,7.8663103333244155,-1.653489038642552,4.556,False
-3.0859065392266167,-98.00898241483196,-6.1718130784532335,-7.8407185931865575,1354.6560751653278,7.8407185931865575,-1.6417359843834933,4.556,False
-3.4883391428175576,-97.73213394415727,-6.976678285635115,-7.818570715532582,1531.316568401035,7.818570715532582,-1.6302162210174822,4.556,False
-3.2025267112084577,-97.78733144039094,-6.405053422416915,-7.822986515231276,1405.8501805129313,7.822986515231276,-1.6362026251766404,4.556,False
-3.11391290158517,-97.74473306810395,-6.22782580317034,-7.819578645448316,1366.9503518811107,7.819578645448316,-1.6357379850391969,4.556,False
-3.4957058779524814,-97.66393612807775,-6.991411755904963,-7.81311489024622,1534.5504293031088,7.81311489024622,-1.6315972628874003,4.556,False
-3.2117745605901233,-97.88921614992877,-6.423549121180247,-7.831137291994302,1409.9098158867969,7.831137291994302,-1.6408181416648497,4.556,False
-3.5180688808101657,-98.10981524513919,-7.036137761620331,-7.848785219611135,1544.3673752459024,7.848785219611135,-1.648033742140577,4.556,False
-3.562856020226305,-98.83036655377695,-7.12571204045261,-7.906429324302156,1564.0281036989925,7.906429324302156,-1.6665453601189946,4.556,False
-3.5810983103845375,-100.4162468361293,-7.162196620769075,-8.033299746890345,1572.0361327412368,8.033299746890345,-1.6930497753608933,4.556,False
-3.318641140238134,-102.32294745000314,-6.637282280476268,-8.185835796000251,1456.8222740290316,8.185835796000251,-1.7158609804360283,4.556,False
-3.5507598057664165,-103.01307730030666,-7.101519611532833,-8.241046184024533,1558.7180885717369,8.241046184024533,-1.7224980595271588,4.556,False
-3.583253772088785,-103.98558623076934,-7.16650754417757,-8.318846898461548,1572.9823406886676,8.318846898461548,-1.7325721652989234,4.556,False
-3.3277748745290636,-105.11785526211969,-6.655549749058127,-8.409428420969576,1460.8318149820295,8.409428420969576,-1.7433946185332092,4.556,False
-3.213979916818328,-104.42109523065449,-6.427959833636656,-8.353687618452359,1410.8779266103284,8.353687618452359,-1.7360600280755272,4.556,False
-3.148198209548168,-102.48355715349531,-6.296396419096336,-8.198684572279625,1382.0009699509078,8.198684572279625,-1.7137676759305238,4.556,False
-3.100481379420762,-98.44172416300248,-6.200962758841524,-7.875337933040198,1361.0541612909403,7.875337933040198,-1.664058375048788,4.556,False
-3.065623255619886,-95.66699190530366,-6.131246511239772,-7.653359352424293,1345.7520876294495,7.653359352424293,-1.6181603543168919,4.556,False
-3.482701883077462,-96.35393822001609,-6.965403766154924,-7.708315057601287,1528.8419153105629,7.708315057601287,-1.612825137642865,4.556,False
-3.1943783166245177,-96.93146662976808,-6.388756633249035,-7.7545173303814465,1402.2731855243712,7.7545173303814465,-1.6236778183076044,4.556,False
-3.512068095088849,-97.2348209156483,-7.024136190177698,-7.778785673251864,1541.7331409520848,7.778785673251864,-1.632454053011556,4.556,False
-3.2314164265883574,-97.8705594274116,-6.462832853176715,-7.829644754192929,1418.5322329185065,7.829644754192929,-1.648308080375979,4.556,False
-3.1360163156863092,-98.10998493664829,-6.2720326313726185,-7.848798794931863,1376.6533431458777,7.848798794931863,-1.651106085989703,4.556,False
-3.5028050575723437,-98.08934937602261,-7.0056101151446875,-7.847147950081808,1537.6668382670518,7.847147950081808,-1.647139249954936,4.556,False
-3.223383559228795,-98.40727900790678,-6.44676711845759,-7.872582320632542,1415.0059522514464,7.872582320632542,-1.6547303039380197,4.556,False
-3.5219024166928965,-98.64010073929293,-7.043804833385793,-7.891208059143435,1546.0502268186551,7.891208059143435,-1.6599248449570096,4.556,False
-3.247599401239265,-99.26068440782463,-6.49519880247853,-7.94085475262597,1425.6362604210997,7.94085475262597,-1.6715497536990533,4.556,False
-3.1498246133184877,-99.27311408536818,-6.2996492266369755,-7.941849126829454,1382.7149312197048,7.941849126829454,-1.670424422300622,4.556,False
-3.507753584887124,-99.01065566530325,-7.015507169774248,-7.92085245322426,1539.8391505211255,7.92085245322426,-1.663233034239495,4.556,False
-3.2314718886835117,-99.21939153814898,-6.462943777367023,-7.937551323051919,1418.5565797557117,7.937551323051919,-1.667846471414473,4.556,False
-3.137883095791064,-99.0361601638298,-6.275766191582128,-7.922892813106385,1377.472825193619,7.922892813106385,-1.6639218012120527,4.556,False
-3.087202083284158,-98.45270152066779,-6.174404166568316,-7.876216121653423,1355.22479512035,7.876216121653423,-1.6486644666058314,4.556,False
-3.0519879386477986,-97.85530684426594,-6.103975877295597,-7.8284245475412755,1339.7664348761186,7.8284245475412755,-1.6273925220391352,4.556,False
-3.025292944580159,-97.47495964563446,-6.050585889160318,-7.797996771650757,1328.047824662054,7.797996771650757,-1.6044934510753723,4.556,False
-3.00414949841035,-97.35067561443257,-6.0082989968207,-7.788054049154606,1318.7662416199955,7.788054049154606,-1.5823542510880628,4.556,False
-3.4605867401795707,-97.22647719816425,-6.921173480359141,-7.77811817585314,1519.1337753202681,7.77811817585314,-1.5702092385064013,4.556,False
-3.530229475335737,-96.42351495587214,-7.060458950671474,-7.713881196469771,1549.705652035003,7.713881196469771,-1.5870685106359936,4.556,False
-3.2184631639472707,-98.3709787019576,-6.4369263278945414,-7.869678296156607,1412.8459894412952,7.869678296156607,-1.639049192121255,4.556,False
-3.129173678568735,-97.87948083903997,-6.25834735713747,-7.830358467123197,1373.6495516105072,7.830358467123197,-1.6401992993491898,4.556,False
-3.0787349019565076,-97.43862963639754,-6.157469803913015,-7.795090370911803,1351.5078586288446,7.795090370911803,-1.6295951946393064,4.556,False
-3.0444479306044085,-97.05411550869457,-6.088895861208817,-7.764329240695566,1336.4565103619002,7.764329240695566,-1.6116713520267612,4.556,False
-3.0187903386143375,-96.87142801759283,-6.037580677228675,-7.7497142414074265,1325.1933005330718,7.7497142414074265,-1.5915396326962092,4.556,False
-3.465047246886708,-96.77099019270831,-6.930094493773416,-7.7416792154166645,1521.0918555253327,7.7416792154166645,-1.5796119540421145,4.556,False
-3.167437335086418,-96.49488473762162,-6.334874670172836,-7.719590779009729,1390.4465913461008,7.719590779009729,-1.5905734288455367,4.556,False
-3.0844005289949683,-96.47174587301858,-6.168801057989937,-7.717739669841486,1353.9949644402848,7.717739669841486,-1.59638556986559,4.556,False
-3.042991955582971,-96.56336989405467,-6.085983911165942,-7.725069591524374,1335.8173641716292,7.725069591524374,-1.5905978491193924,4.556,False
-3.015443095762064,-96.70272645559999,-6.030886191524128,-7.736218116447999,1323.7239226347954,7.736218116447999,-1.5777447058366718,4.556,False
-2.9950058574387795,-96.92036403498024,-5.990011714877559,-7.753629122798419,1314.7523518168477,7.753629122798419,-1.5621492553042051,4.556,False
-3.456638932397918,-96.91936685495122,-6.913277864795836,-7.753549348396098,1517.4007604907454,7.753549348396098,-1.5543823217390706,4.556,False
-3.153561566367266,-96.38213776703935,-6.307123132734532,-7.710571021363148,1384.355384709072,7.710571021363148,-1.569654216094359,4.556,False
-3.0724706554683086,-96.2733176906189,-6.144941310936617,-7.701865415249512,1348.757969915851,7.701865415249512,-1.5792331234067136,4.556,False
-3.480627646529394,-96.32033881741845,-6.961255293058788,-7.705627105393476,1527.9313637091284,7.705627105393476,-1.5839745045528142,4.556,False
-3.1873551586073394,-96.3983598806075,-6.374710317214679,-7.7118687904486,1399.190148642379,7.7118687904486,-1.601749279710278,4.556,False
-3.5090828209837537,-96.61694053276524,-7.018165641967507,-7.729355242621219,1540.42266066012,7.729355242621219,-1.616114651205157,4.556,False
-3.2258026281214582,-97.2496468389395,-6.4516052562429165,-7.77997174711516,1416.0678788944065,7.77997174711516,-1.6361771442506303,4.556,False
-3.521756590429805,-97.80544509850972,-7.04351318085961,-7.824435607880778,1545.9862117777895,7.824435607880778,-1.6484255779600752,4.556,False
-3.2466281578714495,-98.64104873329761,-6.493256315742899,-7.891283898663809,1425.2099024896618,7.891283898663809,-1.6640782789370263,4.556,False
-3.148665789379229,-98.8292762329573,-6.297331578758458,-7.906342098636584,1382.2062288758686,7.906342098636584,-1.6652627605925625,4.556,False
-3.0952997439323244,-98.36721653680769,-6.190599487864649,-7.869377322944615,1358.7795188464988,7.869377322944615,-1.6520918657069552,4.556,False
-3.0583018974901157,-97.76794393785234,-6.116603794980231,-7.8214355150281865,1342.5381463960123,7.8214355150281865,-1.6314727631637156,4.556,False
-3.4794358477599747,-97.42465912187272,-6.958871695519949,-7.793972729749818,1527.408186022816,7.793972729749818,-1.6163806149792272,4.556,False
-3.5422034400880453,-97.23609899089601,-7.084406880176091,-7.778887919271681,1554.9620017945765,7.778887919271681,-1.6271710431508675,4.556,False
-3.2552112345628346,-97.95082957581836,-6.510422469125669,-7.836066366065468,1428.977714909058,7.836066366065468,-1.6508371705962734,4.556,False
-3.1521491352861837,-98.3471265324956,-6.304298270572367,-7.867770122599648,1383.7353535057875,7.867770122599648,-1.6577413533337297,4.556,False
-3.0968190203016555,-98.08649045062306,-6.193638040603311,-7.846919236049845,1359.446453161394,7.846919236049845,-1.6478809706409094,4.556,False
-3.0590236892968456,-97.60461282900071,-6.118047378593691,-7.808369026320057,1342.8549996913282,7.808369026320057,-1.6291142507244505,4.556,False
-3.4794838110621615,-97.31606477479727,-6.958967622124323,-7.785285181983782,1527.4292410281657,7.785285181983782,-1.6150323691657364,4.556,False
-3.1896002238220107,-97.25949486174966,-6.379200447644021,-7.780759588939973,1400.175690878846,7.780759588939973,-1.6214496253184745,4.556,False
-3.103188808172886,-97.23313758629752,-6.206377616345772,-7.778651006903801,1362.2426725956477,7.778651006903801,-1.62251021769987,4.556,False
-3.4918002051156787,-97.21632548381758,-6.983600410231357,-7.777306038705406,1532.8359109375235,7.777306038705406,-1.6200981450009062,4.556,False
-3.2055880136196926,-97.43563581397568,-6.411176027239385,-7.794850865118054,1407.1940358295403,7.794850865118054,-1.6312082624627615,4.556,False
-3.1157921477667156,-97.53183248231225,-6.231584295533431,-7.80254659858498,1367.7753063067232,7.80254659858498,-1.6334051028217147,4.556,False
-3.068745046262598,-97.3766565942746,-6.137490092525196,-7.790132527541968,1347.1224961644416,7.790132527541968,-1.6231247234873656,4.556,False
-3.03664689411475,-97.18253523066839,-6.0732937882295,-7.774602818453472,1333.03199917241,7.774602818453472,-1.605906947972872,4.556,False
-3.4717980695226602,-97.05836887866948,-6.9435961390453205,-7.764669510293558,1524.0553421960756,7.764669510293558,-1.5942788043353915,4.556,False
-3.1770290416091194,-96.8951129149856,-6.354058083218239,-7.751609033198848,1394.6571736651094,7.751609033198848,-1.6039155182582914,4.556,False
-3.09244594605593,-96.88328814633856,-6.18489189211186,-7.750663051707084,1357.5267541948772,7.750663051707084,-1.6079768868550086,4.556,False
-3.0496700962137426,-96.89405840003276,-6.099340192427485,-7.7515246720026205,1338.7489447821522,7.7515246720026205,-1.6005215385239004,4.556,False
-3.4755581793075496,-96.87962987349803,-6.951116358615099,-7.750370389879842,1525.7059610656495,7.750370389879842,-1.5940299468034567,4.556,False
-3.1819039258680895,-96.82166298655068,-6.363807851736179,-7.745733038924055,1396.7971579754562,7.745733038924055,-1.6058518891724616,4.556,False
-3.0962650401530256,-96.8755472961486,-6.192530080306051,-7.750043783691888,1359.2032660900024,7.750043783691888,-1.6106502946773975,4.556,False
-3.0527097276320214,-96.89737997078275,-6.105419455264043,-7.75179039766262,1340.0832869324063,7.75179039766262,-1.6032958686829026,4.556,False
-3.476612677606364,-96.8870657853476,-6.953225355212728,-7.750965262827808,1526.1688663768061,7.750965262827808,-1.5966305586249687,4.556,False
-3.1835995407305124,-96.85546873792234,-6.367199081461025,-7.748437499033787,1397.5415016376262,7.748437499033787,-1.6080983970221663,4.556,False
-3.097709006929459,-96.91354892393338,-6.195418013858918,-7.75308391391467,1359.8371408821154,7.75308391391467,-1.6125339538232941,4.556,False
-3.489855302786202,-96.9720837169098,-6.979710605572404,-7.757766697352784,1531.9821346734864,7.757766697352784,-1.6123711393237894,4.556,False
-3.2021668875938687,-97.19591086690554,-6.404333775187737,-7.775672869352443,1405.692224580276,7.775672869352443,-1.6251807720759153,4.556,False
-3.1127999842530722,-97.33327336305729,-6.2255999685061445,-7.7866618690445835,1366.4618016914276,7.7866618690445835,-1.6286423112656816,4.556,False
-3.066207432298391,-97.24034754016455,-6.132414864596782,-7.779227803213164,1346.0085304207162,7.779227803213164,-1.6192782640964942,4.556,False
-3.2196335078823886,-0.0,-6.439267015764777,-0.0,1413.359748850917,0.0,-0.3411645585958006,4.556,False
-0.0,-0.0,-0.0,-0.0,0.0,0.0,-0.28863785769488953,4.556,False
-0.0,-0.0,-0.0,-0.0,0.0,0.0,-0.26515781683444445,4.556,False
-0.0,-0.0,-0.0,-0.0,0.0,0.0,-0.2978085639349123,4.556,False
-0.0,-0.0,-0.0,-0.0,0.0,0.0,-0.3565637075538957,4.556,False
-0.0,-0.0,-0.0,-0.0,0.0,0.0,-0.4203268094013813,4.556,False
-0.0,-0.256980649263035,-0.0,-0.020558451941042798,0.0,0.020558451941042798,-0.47157606305649263,4.556,False
-0.0,-1.2628345235792398,-0.0,-0.10102676188633919,0.0,0.10102676188633919,-0.496533049420065,4.556,False
-0.22640576385608663,-1.2935936078119519,-0.45281152771217326,-0.10348748862495616,99.3879560386684,0.10348748862495616,-0.4872336068006355,4.556,False
-1.3816034636712233,-0.4508205188969553,-2.7632069273424467,-0.036065641511756424,606.4984476168671,0.036065641511756424,-0.45032079819831994,4.556,False
-1.7974996396612295,-0.0,-3.594999279322459,-0.0,789.0692009048418,0.0,-0.3320735827809934,4.556,False
-0.0,-0.0,-0.0,-0.0,0.0,0.0,-0.24785562085164525,4.556,False
-0.0,-0.0,-0.0,-0.0,0.0,0.0,-0.20304828296848243,4.556,False
-0.0,-0.0,-0.0,-0.0,0.0,0.0,-0.18735444681538527,4.556,False
-0.0,-0.0,-0.0,-0.0,0.0,0.0,-0.20567078453945012,4.556,False
-0.0,-0.0,-0.0,-0.0,0.0,0.0,-0.255649199288594,4.556,False
-3.384660456705259,-0.0,-6.769320913410518,-0.0,1485.8035367450655,0.0,-0.3175323684949745,4.556,False
-6.223978061009387,-0.7934523838602667,-12.447956122018773,-0.06347619070882134,1083.0902394517334,0.06347619070882134,-0.3911231300690792,11.493,False
-7.926535272799292,-1.017501069520426,-15.853070545598584,-0.08140008556163408,1379.3674885233258,0.08140008556163408,-0.4063773409912646,11.493,False
-8.26030012498043,-0.0,-16.52060024996086,-0.0,1437.4489036770956,0.0,-0.34358329983434555,11.493,False
-8.201908681658027,-0.0,-16.403817363316055,-0.0,1427.287684966158,0.0,-0.27765776260060177,11.493,False
-7.639471355144117,-0.0,-15.278942710288234,-0.0,1329.4129218035528,0.0,-0.21618939460881645,11.493,False
-1.5019229462822157,-0.0,-3.0038458925644314,-0.0,659.3164821256435,0.0,-0.10842739634854907,4.556,False
-0.0,-0.0,-0.0,-0.0,0.0,0.0,-0.08027309984980469,4.556,False
-0.0,-0.0,-0.0,-0.0,0.0,0.0,-0.09598791289129731,4.556,False
-0.0,-0.0,-0.0,-0.0,0.0,0.0,-0.1756903485036071,4.556,False
-0.0,-0.0,-0.0,-0.0,0.0,0.0,-0.2784001442652388,4.556,False
-0.0,-0.0,-0.0,-0.0,0.0,0.0,-0.3721758708254658,4.556,False
-0.0,-0.7261388522784078,-0.0,-0.05809110818227262,0.0,0.05809110818227262,-0.46336028916646393,4.556,False
-0.0,-2.3543068952930732,-0.0,-0.18834455162344585,0.0,0.18834455162344585,-0.5560944617644957,4.556,False
-0.0,-3.9888217507484858,-0.0,-0.31910574005987885,0.0,0.31910574005987885,-0.5933842941876808,4.556,False
-0.0,-4.796811091687785,-0.0,-0.3837448873350228,0.0,0.3837448873350228,-0.6095209966954352,4.556,False
-0.0,-4.929656439322591,-0.0,-0.3943725151458073,0.0,0.3943725151458073,-0.6023457300106884,4.556,False
-3.338562374840035,-3.3448098549907295,-6.67712474968007,-0.26758478839925837,1465.5673287269688,0.26758478839925837,-0.5522658518309091,4.556,False
-2.112346846557039,-0.0,-4.224693693114078,-0.0,927.2813198231075,0.0,-0.36805924916567107,4.556,False
-2.7263690376204655,-0.0,-5.452738075240931,-0.0,1196.8257408342693,0.0,-0.16554233470827384,4.556,False
-0.0,-0.0,-0.0,-0.0,0.0,0.0,0.0037041518446003043,4.556,False
-0.0,-0.0,-0.0,-0.0,0.0,0.0,0.04113943215275517,4.556,False
-0.0,-0.0,-0.0,-0.0,0.0,0.0,0.00950014269923353,4.556,False
-0.0,-0.0,-0.0,-0.0,0.0,0.0,-0.08457658093709967,4.556,False
-0.0,-0.0,-0.0,-0.0,0.0,0.0,-0.19487904468299733,4.556,False
-0.0,-0.0,-0.0,-0.0,0.0,0.0,-0.3443930151517824,11.493,False
-0.0,-0.4001046901792991,-0.0,-0.03200837521434393,0.0,0.03200837521434393,-0.4871171190011774,11.493,False
-0.0,-5.423348165860675,-0.0,-0.433867853268854,0.0,0.433867853268854,-0.6255742636346396,11.493,False
-0.0,-9.79784881339174,-0.0,-0.7838279050713391,0.0,0.7838279050713391,-0.7100245967612725,11.493,False
-8.978944028571057,-11.197510675837938,-17.957888057142114,-0.895800854067035,1562.5065741879503,0.895800854067035,-0.7357202354658302,11.493,False
-3.2308105325709495,-8.696161379331889,-6.461621065141899,-0.6956929103465511,1418.266256615869,0.6956929103465511,-0.6914560620553827,4.556,False
-3.312948012290562,-1.6812708174214737,-6.625896024581124,-0.13450166539371788,1454.323095825532,0.13450166539371788,-0.5424269928829987,4.556,False
-3.274595495000192,-0.0,-6.549190990000384,-0.0,1437.4870478490748,0.0,-0.37507130850935066,4.556,False
-0.0,-0.0,-0.0,-0.0,0.0,0.0,-0.31431140519232514,4.556,False
-0.0,-0.0,-0.0,-0.0,0.0,0.0,-0.30507344275510273,4.556,False
-0.0,-0.0,-0.0,-0.0,0.0,0.0,-0.3460649041742598,4.556,False
-0.0,-0.0,-0.0,-0.0,0.0,0.0,-0.4012804677466096,4.556,False
-0.0,-0.0,-0.0,-0.0,0.0,0.0,-0.4640367438976967,4.556,False
-0.0,-1.2680322055846176,-0.0,-0.1014425764467694,0.0,0.1014425764467694,-0.5207079616974999,4.556,False
-0.0,-2.394273817667429,-0.0,-0.1915419054133943,0.0,0.1915419054133943,-0.5459442393617125,4.556,False
-1.6404302495818142,-2.4313329818698475,-3.2808604991636283,-0.1945066385495878,720.1186345837639,0.1945066385495878,-0.5362568393858983,4.556,False
-1.9621332906116613,-0.4578836775384923,-3.9242665812233226,-0.036630694203079385,861.3403382843113,0.036630694203079385,-0.44933300800397696,4.556,False
-3.381691105385642,-0.0,-6.763382210771284,-0.0,1484.5000462623539,0.0,-0.28315528641826543,4.556,False
-0.0,-0.0,-0.0,-0.0,0.0,0.0,-0.12689592515200435,4.556,False
-0.0,-0.0,-0.0,-0.0,0.0,0.0,-0.09449538080350457,4.556,False
-0.0,-0.0,-0.0,-0.0,0.0,0.0,-0.09765759781441492,4.556,False
-1.9161814584255594,-0.0,-3.832362916851119,-0.0,841.1683311789111,0.0,-0.12182848437079614,4.556,False
-0.07183632266971565,-0.0,-0.1436726453394313,-0.0,31.534821189515217,0.0,-0.165620763825591,4.556,False
-0.0,-0.0,-0.0,-0.0,0.0,0.0,-0.2667912847121197,4.556,False
-5.468224541394245,-0.8336742982482535,-10.93644908278849,-0.06669394385986027,951.5747918549109,0.06669394385986027,-0.39898239879087,11.493,False
-8.362944120817426,-1.4527316321512667,-16.725888241634852,-0.11621853057210133,1455.3109059109763,0.11621853057210133,-0.44721401031246205,11.493,False
-8.335357581259766,-0.24742508232814597,-16.67071516251953,-0.01979400658625168,1450.5103247645984,0.01979400658625168,-0.42965577633168683,11.493,False
-7.257619678133066,-0.0,-14.515239356266132,-0.0,1262.9634870152381,0.0,-0.35279475621262435,11.493,False
-8.398455406130141,-0.0,-16.796910812260283,-0.0,1461.4905431358463,0.0,-0.27901987846692905,11.493,False
-2.9543510839897054,-0.0,-5.908702167979411,-0.0,1296.9056558339355,0.0,-0.16845829622963382,4.556,False
-3.0974260670466953,-0.0,-6.194852134093391,-0.0,1359.7129354902086,0.0,-0.04693482434420208,4.556,False
-0.0,-0.0,-0.0,-0.0,0.0,0.0,0.007525183712963586,4.556,False
-0.0,-0.0,-0.0,-0.0,0.0,0.0,-0.02050343297705622,4.556,False
-0.0,-0.0,-0.0,-0.0,0.0,0.0,-0.10691328492130947,4.556,False
-0.0,-0.0,-0.0,-0.0,0.0,0.0,-0.2077845899493673,4.556,False
-0.0,-0.0,-0.0,-0.0,0.0,0.0,-0.3029024405139468,4.556,False
-0.0,-0.0,-0.0,-0.0,0.0,0.0,-0.38516734671640585,4.556,False
-0.0,-0.12478176158541164,-0.0,-0.009982540926832931,0.0,0.009982540926832931,-0.4542473926827017,4.556,False
-0.0,-0.9603195323421965,-0.0,-0.07682556258737572,0.0,0.07682556258737572,-0.48827755486003516,4.556,False
-0.0,-1.6376883079812867,-0.0,-0.13101506463850293,0.0,0.13101506463850293,-0.4972410668086278,4.556,False
-0.0,-1.5009738055557613,-0.0,-0.12007790444446091,0.0,0.12007790444446091,-0.4807940686570487,4.556,False
-3.1258752701055554,-0.08817942103434055,-6.251750540211111,-0.007054353682747244,1372.2016111086723,0.007054353682747244,-0.42408803586904753,4.556,False
-1.0095496383507487,-0.0,-2.0190992767014975,-0.0,443.17367794150516,0.0,-0.29727164062917244,4.556,False
-3.2903374318592222,-0.0,-6.5806748637184445,-0.0,1444.3974678925472,0.0,-0.1399808157213456,4.556,False
-3.22382375331727,-0.0,-6.44764750663454,-0.0,1415.199189340329,0.0,-0.05496843904303531,4.556,False
-3.254192255339401,-0.0,-6.508384510678802,-0.0,1428.5304018171207,0.0,0.05661115932457398,4.556,False
-0.0,-0.0,-0.0,-0.0,0.0,0.0,0.09082906506344139,4.556,False
-0.0,-0.0,-0.0,-0.0,0.0,0.0,0.05381711389030175,4.556,False
-0.0,-0.0,-0.0,-0.0,0.0,0.0,-0.07937628392920822,11.493,False
-0.0,-0.0,-0.0,-0.0,0.0,0.0,-0.23363424016931025,11.493,False
-4.811098660787612,-0.0,-9.622197321575223,-0.0,837.2224242212845,0.0,-0.37739446250959446,11.493,False
-8.239922253372644,-0.0,-16.479844506745287,-0.0,1433.902767488496,0.0,-0.4269849040519058,11.493,False
-8.282135071668835,-0.0,-16.56427014333767,-0.0,1441.248598567621,0.0,-0.40179124522254117,11.493,False
-3.2329003536759644,-0.0,-6.465800707351929,-0.0,1419.1836495504672,0.0,-0.3309623450410088,4.556,False
-2.963848795705286,-0.0,-5.927697591410572,-0.0,1301.0749761656218,0.0,-0.21428598078457448,4.556,False
-3.1240304070670866,-0.0,-6.248060814134173,-0.0,1371.3917502489405,0.0,-0.08779010298577465,4.556,False
-0.0,-0.0,-0.0,-0.0,0.0,0.0,-0.045637554694189064,4.556,False
-0.0,-0.0,-0.0,-0.0,0.0,0.0,-0.06647081036908875,4.556,False
-0.0,-0.0,-0.0,-0.0,0.0,0.0,-0.14491961786916005,4.556,False
-0.0,-0.0,-0.0,-0.0,0.0,0.0,-0.22785803494137427,4.556,False
-0.0,-0.0,-0.0,-0.0,0.0,0.0,-0.31418149036694876,4.556,False
-0.0,-0.0,-0.0,-0.0,0.0,0.0,-0.38958582445069584,4.556,False
-0.0,-0.17713533965251746,-0.0,-0.014170827172201396,0.0,0.014170827172201396,-0.42790317374414366,4.556,False
-0.0,-0.5757070980234088,-0.0,-0.0460565678418727,0.0,0.0460565678418727,-0.44529596412254957,4.556,False
-0.0,-0.5174859796572749,-0.0,-0.04139887837258199,0.0,0.04139887837258199,-0.4336603705834521,4.556,False
-0.0,-0.05267859251240031,-0.0,-0.004214287400992025,0.0,0.004214287400992025,-0.3918944738375334,4.556,False
-0.5703304492753142,-0.0,-1.1406608985506284,-0.0,250.36455192068226,0.0,-0.3534136177693903,4.556,False
-0.0,-0.0,-0.0,-0.0,0.0,0.0,-0.3204952812557145,4.556,False
-0.0,-0.0,-0.0,-0.0,0.0,0.0,-0.30439281142483293,4.556,False
-0.0,-0.0,-0.0,-0.0,0.0,0.0,-0.3177970267664289,4.556,False
-0.0,-0.0,-0.0,-0.0,0.0,0.0,-0.35926263529260444,4.556,False
-3.4323067362101125,-0.8883827045253532,-6.864613472420225,-0.07107061636202826,1506.71937498249,0.07107061636202826,-0.4129952967285024,4.556,False
-8.563991750423286,-1.5496493561559572,-17.12798350084657,-0.12397194849247657,1490.2970069474088,0.12397194849247657,-0.4441749622410642,11.493,False
-7.836302748273944,-0.0,-15.672605496547888,-0.0,1363.6653177192977,0.0,-0.3853370404622889,11.493,False
-7.551417049149392,-0.0,-15.102834098298784,-0.0,1314.0898023404493,0.0,-0.28847750851669446,11.493,False
-8.023807827834903,-0.0,-16.047615655669805,-0.0,1396.2947581719136,0.0,-0.18051008496991652,11.493,False
-6.611811375144626,-0.0,-13.223622750289252,-0.0,1150.5805925597538,0.0,-0.13706220768077415,11.493,False
-1.1033056365880949,-0.0,-2.2066112731761898,-0.0,484.33083256720585,0.0,-0.10196815576041766,4.556,False
-0.0,-0.0,-0.0,-0.0,0.0,0.0,-0.11669542707888547,4.556,False
-0.0,-0.0,-0.0,-0.0,0.0,0.0,-0.183239579153601,4.556,False
-0.0,-0.0,-0.0,-0.0,0.0,0.0,-0.27181534254267464,4.556,False
-0.0,-0.0,-0.0,-0.0,0.0,0.0,-0.37059946231992,4.556,False
-0.0,-0.0,-0.0,-0.0,0.0,0.0,-0.4381360317382689,4.556,False
-0.0,-1.1636620891531273,-0.0,-0.09309296713225018,0.0,0.09309296713225018,-0.4979720811578971,4.556,False
-0.0,-3.2514249600568146,-0.0,-0.26011399680454517,0.0,0.26011399680454517,-0.5596987683019282,4.556,False
-0.9637104781042769,-4.980279316390961,-1.9274209562085538,-0.39842234531127685,423.05113174024444,0.39842234531127685,-0.6067777464064268,4.556,False
-1.354146435847158,-4.685444076362534,-2.708292871694316,-0.37483552610900267,594.4453186335198,0.37483552610900267,-0.60085324276366,4.556,False
-3.033892191977449,-0.992071162514652,-6.067784383954898,-0.07936569300117216,1331.8227357231997,0.07936569300117216,-0.4974385319195835,4.556,False
-3.3508909293812215,-0.0,-6.701781858762443,-0.0,1470.9793368662079,0.0,-0.3119765978256504,4.556,False
-1.66766245138632,-0.0,-3.33532490277264,-0.0,732.0730690896927,0.0,-0.09617304656463103,4.556,False
-0.0,-0.0,-0.0,-0.0,0.0,0.0,-0.01658487970547562,4.556,False
-0.0,-0.0,-0.0,-0.0,0.0,0.0,0.018902646325618517,4.556,False
-0.0,-0.0,-0.0,-0.0,0.0,0.0,-0.0008929497989321004,4.556,False
-0.0,-0.0,-0.0,-0.0,0.0,0.0,-0.04445690202089577,4.556,False
-0.0,-0.0,-0.0,-0.0,0.0,0.0,-0.11455640950025765,4.556,False
-0.0,-0.0,-0.0,-0.0,0.0,0.0,-0.24213214737317687,4.556,False
-0.0,-0.5599247445261962,-0.0,-0.044793979562095694,0.0,0.044793979562095694,-0.38185090322875315,11.493,False
-8.412907071373798,-3.114475545658215,-16.825814142747596,-0.24915804365265723,1464.0054070084047,0.24915804365265723,-0.5032016579529425,11.493,False
-8.36679657756478,-0.353248107231594,-16.73359315512956,-0.02825984857852752,1455.9813064586758,0.02825984857852752,-0.4861222504908243,11.493,False
-7.71057255746346,-0.0,-15.42114511492692,-0.0,1341.785879659525,0.0,-0.42376614630989135,11.493,False
-8.148444116529317,-0.0,-16.296888233058635,-0.0,1417.9838365142812,0.0,-0.31882606577839073,11.493,False
-2.2720454798994627,-0.0,-4.544090959798925,-0.0,997.3860754606947,0.0,-0.21814402523901724,4.556,False
-2.725021456804808,-0.0,-5.450042913609616,-0.0,1196.2341777018473,0.0,-0.14260423820750767,4.556,False
-3.310664739740078,-0.0,-6.621329479480156,-0.0,1453.320781273081,0.0,-0.06290565362628546,4.556,False
-0.0,-0.0,-0.0,-0.0,0.0,0.0,-0.0279361987472575,4.556,False
-0.0,-0.0,-0.0,-0.0,0.0,0.0,-0.052156730971582875,4.556,False
-0.0,-0.0,-0.0,-0.0,0.0,0.0,-0.13059964455169595,4.556,False
-0.0,-0.0,-0.0,-0.0,0.0,0.0,-0.21938863592630972,4.556,False
-0.0,-0.0,-0.0,-0.0,0.0,0.0,-0.32369578402471116,4.556,False
-0.0,-0.0195795683462135,-0.0,-0.0015663654676970802,0.0,0.0015663654676970802,-0.41931190666026574,4.556,False
-1.0372299794085178,-0.4512377563262194,-2.0744599588170356,-0.03609902050609755,455.324837317172,0.03609902050609755,-0.445250950917856,4.556,False
-0.0,-0.734213136712319,-0.0,-0.05873705093698552,0.0,0.05873705093698552,-0.4456144388160128,4.556,False
-2.3073580548333847,-0.5269074879619866,-4.6147161096667695,-0.04215259903695893,1012.8876447907747,0.04215259903695893,-0.4162480882387396,4.556,False
-0.0,-0.0,-0.0,-0.0,0.0,0.0,-0.2903640073586356,4.556,False
-0.0,-0.0,-0.0,-0.0,0.0,0.0,-0.24445814332260926,4.556,False
-0.0,-0.0,-0.0,-0.0,0.0,0.0,-0.21948522744547108,4.556,False
-0.0,-0.0,-0.0,-0.0,0.0,0.0,-0.21897074755044543,4.556,False
-0.0,-0.0,-0.0,-0.0,0.0,0.0,-0.24142231024304517,4.556,False
-0.0,-0.0,-0.0,-0.0,0.0,0.0,-0.2911383627900161,4.556,False
-0.0,-0.0,-0.0,-0.0,0.0,0.0,-0.36403301693304185,4.556,False
-2.50918754129422,-2.2469333459748686,-5.01837508258844,-0.17975466767798948,436.6462266238962,0.17975466767798948,-0.47789667391694374,11.493,False
-8.506367394383687,-5.657279175031013,-17.012734788767375,-0.45258233400248105,1480.2692759738427,0.45258233400248105,-0.6007642196678362,11.493,False
-8.02372778396106,-2.405085943646277,-16.04745556792212,-0.19240687549170216,1396.2808290195876,0.19240687549170216,-0.5438199661239361,11.493,False
-8.28041059678626,-0.0,-16.56082119357252,-0.0,1440.948507228097,0.0,-0.4401368827782881,11.493,False
-7.552554060159798,-0.0,-15.105108120319596,-0.0,1314.2876638231614,0.0,-0.33385598012984835,11.493,False
-3.2230421858214906,-0.0,-6.446084371642981,-0.0,1414.8560956196184,0.0,-0.21198972715230005,4.556,False
-2.9370379190797773,-0.0,-5.874075838159555,-0.0,1289.305495645205,0.0,-0.12108429254923932,4.556,False
-2.8476904821867692,-0.0,-5.6953809643735385,-0.0,1250.0836181680286,0.0,-0.0040220106700409874,4.556,False
-0.0,-0.0,-0.0,-0.0,0.0,0.0,0.04789753886432946,4.556,False
-0.0,-0.0,-0.0,-0.0,0.0,0.0,0.025988834639764907,4.556,False
-0.0,-0.0,-0.0,-0.0,0.0,0.0,-0.05618015759156129,4.556,False
-0.0,-0.0,-0.0,-0.0,0.0,0.0,-0.1521821030292938,4.556,False
-0.0,-0.0,-0.0,-0.0,0.0,0.0,-0.2492745004038196,4.556,False
-0.0,-0.0,-0.0,-0.0,0.0,0.0,-0.3345463820349404,4.556,False
-0.0,-0.0,-0.0,-0.0,0.0,0.0,-0.3967297789794763,4.556,False
-0.0,-0.0,-0.0,-0.0,0.0,0.0,-0.41105055920611405,4.556,False
-0.0,-0.0,-0.0,-0.0,0.0,0.0,-0.4130152246987287,4.556,False
-0.0,-0.0,-0.0,-0.0,0.0,0.0,-0.3770340560903997,4.556,False
-0.0,-0.0,-0.0,-0.0,0.0,0.0,-0.3442719104897523,4.556,False
-0.0,-0.0,-0.0,-0.0,0.0,0.0,-0.32870676712394126,4.556,False
-0.0,-0.0,-0.0,-0.0,0.0,0.0,-0.32523979586725366,4.556,False
-0.0,-0.0,-0.0,-0.0,0.0,0.0,-0.34020945712474165,4.556,False
-0.0,-0.0,-0.0,-0.0,0.0,0.0,-0.3799984524306483,4.556,False
-3.387526136612813,-1.007975133745461,-6.775052273225626,-0.08063801069963689,1487.0615173892945,0.08063801069963689,-0.43200719947145166,4.556,False
-8.398076107649192,-2.2912315696448373,-16.796152215298385,-0.183298525571587,1461.424538005602,0.183298525571587,-0.4698521626986974,11.493,False
-7.995457156393673,-1.955312779839845,-15.990914312787346,-0.1564250223871876,1391.3612035836898,0.1564250223871876,-0.4440656627931248,11.493,False
-7.959986118502343,-0.0,-15.919972237004686,-0.0,1385.1885701735564,0.0,-0.34240726759795354,11.493,False
-7.9816645913547655,-0.0,-15.963329182709531,-0.0,1388.9610356486148,0.0,-0.2687773059142979,11.493,False
-7.452354647387389,-0.0,-14.904709294774777,-0.0,1296.8510654115355,0.0,-0.21211103841285717,11.493,False
-2.2316504148074903,-0.0,-4.4633008296149805,-0.0,979.6533866582486,0.0,-0.10520920210351181,4.556,False
-3.2575260532293115,-0.0,-6.515052106458623,-0.0,1429.9938776248075,0.0,-0.0372860147018352,4.556,False
-0.0,-0.0,-0.0,-0.0,0.0,0.0,0.00351435162486341,4.556,False
-0.0,-0.0,-0.0,-0.0,0.0,0.0,-0.01960810748344599,4.556,False
-0.0,-0.0,-0.0,-0.0,0.0,0.0,-0.10634704402977302,4.556,False
-0.0,-0.0,-0.0,-0.0,0.0,0.0,-0.19670142255085654,4.556,False
-0.0,-0.0,-0.0,-0.0,0.0,0.0,-0.3061029313445834,4.556,False
-0.0,-0.0,-0.0,-0.0,0.0,0.0,-0.4028426811074291,4.556,False
-0.0,-0.6450431518020238,-0.0,-0.0516034521441619,0.0,0.0516034521441619,-0.4702991186336372,4.556,False
-0.0,-1.0739492985038321,-0.0,-0.08591594388030657,0.0,0.08591594388030657,-0.49980969036951617,4.556,False
-1.274188009747471,-1.2722956723920271,-2.548376019494942,-0.10178365379136217,559.3450437873007,0.10178365379136217,-0.49689552669104375,4.556,False
-0.0,-0.2775056429240277,-0.0,-0.022200451433922214,0.0,0.022200451433922214,-0.4433124712374217,4.556,False
-0.0,-0.0,-0.0,-0.0,0.0,0.0,-0.3670232151131753,4.556,False
-0.0,-0.0,-0.0,-0.0,0.0,0.0,-0.331507225611105,4.556,False
-1.3529297805479155,-0.0,-2.705859561095831,-0.0,593.9112293889006,0.0,-0.30726652639857055,4.556,False
-3.3517420723224545,-0.0,-6.703484144644909,-0.0,1471.3529729246945,0.0,-0.2609738514833502,4.556,False
-0.01767412129752335,-0.0,-0.0353482425950467,-0.0,7.7586133878504615,0.0,-0.20982001310529194,4.556,False
-0.6294091082301532,-0.0,-1.2588182164603063,-0.0,276.2989939552911,0.0,-0.20236382037011144,4.556,False
-1.2630849894909975,-0.0,-2.526169978981995,-0.0,554.4710226035985,0.0,-0.2418966626416452,4.556,False
-7.067478622561079,-0.0,-14.134957245122157,-0.0,1229.875336737332,0.0,-0.2978624995994304,11.493,False
-8.180093722994629,-0.0,-16.360187445989258,-0.0,1423.491468371118,0.0,-0.3163347362514657,11.493,False
-8.292209770054141,-0.0,-16.584419540108282,-0.0,1443.0017871842235,0.0,-0.3153999178542308,11.493,False
-7.983486977848153,-0.0,-15.966973955696306,-0.0,1389.2781654656144,0.0,-0.2743996600499235,11.493,False
-7.879878659946684,-0.0,-15.759757319893367,-0.0,1371.2483529011893,0.0,-0.21431462575940344,11.493,False
-3.161309841280736,-0.0,-6.322619682561472,-0.0,1387.7567345393925,0.0,-0.11045783020370055,4.556,False
-3.129704118597835,-0.0,-6.25940823719567,-0.0,1373.8824050034393,0.0,-0.02145235017517592,4.556,False
-0.236524002617713,-0.0,-0.473048005235426,-0.0,103.82967630277129,0.0,0.016106213874442665,4.556,False
-0.0,-0.0,-0.0,-0.0,0.0,0.0,-0.004093097564844476,4.556,False
-0.0,-0.0,-0.0,-0.0,0.0,0.0,-0.07656516779820366,4.556,False
-0.0,-0.0,-0.0,-0.0,0.0,0.0,-0.1797727702642442,4.556,False
-0.0,-0.0,-0.0,-0.0,0.0,0.0,-0.27073831306380713,4.556,False
-0.0,-0.0,-0.0,-0.0,0.0,0.0,-0.3577764732557469,4.556,False
-0.0,-0.0,-0.0,-0.0,0.0,0.0,-0.43063310611327593,4.556,False
-2.18667245171214,-0.48801643297662656,-4.37334490342428,-0.039041314638130126,959.9088901282441,0.039041314638130126,-0.45354944937514463,4.556,False
-1.6617562072947702,-0.8769142997706816,-3.3235124145895405,-0.07015314398165452,729.4803368282574,0.07015314398165452,-0.3772633610624638,4.556,False
-0.0,-0.8112543844735489,-0.0,-0.06490035075788392,0.0,0.06490035075788392,-0.2861384788564782,4.556,False
-0.0,-0.0,-0.0,-0.0,0.0,0.0,-0.1978822292215449,4.556,False
-0.0,-0.0,-0.0,-0.0,0.0,0.0,-0.1728780553797048,4.556,False
-0.0,-0.0,-0.0,-0.0,0.0,0.0,-0.17191031016040595,4.556,False
-0.0,-0.0,-0.0,-0.0,0.0,0.0,-0.1797883547610114,4.556,False
-0.0,-0.0,-0.0,-0.0,0.0,0.0,-0.21078392863359677,4.556,False
-0.0,-0.0,-0.0,-0.0,0.0,0.0,-0.2804118124014072,4.556,False
-0.0,-1.0101511020050198,-0.0,-0.08081208816040159,0.0,0.08081208816040159,-0.3733358718888777,4.556,False
-2.6822217097467944,-2.4692194383635977,-5.364443419493589,-0.19753755506908782,466.75745405843463,0.19753755506908782,-0.48242189776351846,11.493,False
-8.0608447298523,-4.331721097705812,-16.1216894597046,-0.346537687816465,1402.7398816413993,0.346537687816465,-0.5688158919109082,11.493,False
-7.258451605013774,-0.7854787864375474,-14.516903210027548,-0.0628383029150038,1263.1082580725265,0.0628383029150038,-0.49354296125245395,11.493,False
-7.476132838902068,-0.9260325909445749,-14.952265677804135,-0.074082607275566,1300.9889217614316,0.074082607275566,-0.4154725708059021,11.493,False
-4.333472385347601,-1.5130701279882208,-8.666944770695203,-0.12104561023905766,754.1063926472812,0.12104561023905766,-0.2722753489999996,11.493,False
-3.2156456002170817,-1.332478081684438,-6.431291200434163,-0.10659824653475503,1411.6091309118005,0.10659824653475503,-0.21772727993049878,4.556,False
-0.0,-0.5725024107889161,-0.0,-0.045800192863113286,0.0,0.045800192863113286,-0.2032007764836797,4.556,False
-2.434175080863258,-0.0,-4.868350161726516,-0.0,1068.5579810637655,0.0,-0.1980861570187208,4.556,False
-0.0,-0.0,-0.0,-0.0,0.0,0.0,-0.18872240614018454,4.556,False
-0.0,-0.0,-0.0,-0.0,0.0,0.0,-0.21076361714181358,4.556,False
-0.0,-0.0,-0.0,-0.0,0.0,0.0,-0.2877874852209522,4.556,False
-3.357242045820457,-0.0,-6.714484091640914,-0.0,1473.7673598860654,0.0,-0.35398842290193167,4.556,False
-0.0,-1.1239981444533416,-0.0,-0.08991985155626733,0.0,0.08991985155626733,-0.4231035337287777,4.556,False
-3.3305646097636443,-1.3905398237678865,-6.661129219527289,-0.11124318590143092,1462.0564573150325,0.11124318590143092,-0.4355523974389032,4.556,False
-3.2509880222882046,-0.3505866657848472,-6.501976044576409,-0.028046933262787777,1427.1238025848131,0.028046933262787777,-0.3773885628586006,4.556,False
-0.0,-0.0,-0.0,-0.0,0.0,0.0,-0.2421228349553367,4.556,False
-0.0,-0.0,-0.0,-0.0,0.0,0.0,-0.17640012908071048,4.556,False
-0.0,-0.0,-0.0,-0.0,0.0,0.0,-0.1340435482251796,4.556,False
-0.0,-0.0,-0.0,-0.0,0.0,0.0,-0.12268679138812329,4.556,False
-2.085175836071895,-0.0,-4.17035167214379,-0.0,915.3537471781804,0.0,-0.11059507213891946,4.556,False
-1.104603624065782,-0.0,-2.209207248131564,-0.0,484.9006251386225,0.0,-0.07852290649749605,4.556,False
-0.0,-0.0,-0.0,-0.0,0.0,0.0,-0.061904768475068574,4.556,False
-0.0,-0.0,-0.0,-0.0,0.0,0.0,-0.09867933622866076,4.556,False
-0.0,-0.0,-0.0,-0.0,0.0,0.0,-0.2004256615169467,4.556,False
-0.0,-0.0,-0.0,-0.0,0.0,0.0,-0.34245513996579185,11.493,False
-8.668133941851007,-0.7860341229692902,-17.336267883702014,-0.06288272983754321,1508.419723631951,0.06288272983754321,-0.45939306169857264,11.493,False
-8.53314126229305,-1.8291921689416846,-17.0662825245861,-0.14633537351533477,1484.9284368386059,0.14633537351533477,-0.49704117727643754,11.493,False
-7.913904225812408,-0.959123992352918,-15.827808451624817,-0.07672991938823344,1377.169446761056,0.07672991938823344,-0.4549509430473461,11.493,False
-8.139350276244855,-0.0,-16.27870055248971,-0.0,1416.4013358122083,0.0,-0.32522922124770665,11.493,False
-2.2463517639192547,-0.0,-4.4927035278385095,-0.0,986.1070078662224,0.0,-0.20257985550045587,4.556,False
-2.866632322479104,-0.0,-5.733264644958208,-0.0,1258.39873682138,0.0,-0.11504002836836746,4.556,False
-3.3368381183836164,-0.0,-6.673676236767233,-0.0,1464.8104119331065,0.0,-0.0514018897233357,4.556,False
-0.0,-0.0,-0.0,-0.0,0.0,0.0,-0.03829378931560427,4.556,False
-0.0,-0.0,-0.0,-0.0,0.0,0.0,-0.07181223656715115,4.556,False
-0.0,-0.0,-0.0,-0.0,0.0,0.0,-0.15731103360706977,4.556,False
-0.0,-0.0,-0.0,-0.0,0.0,0.0,-0.24477064471013402,4.556,False
-0.0,-0.0,-0.0,-0.0,0.0,0.0,-0.3319747725380607,4.556,False
-0.0,-0.0,-0.0,-0.0,0.0,0.0,-0.4066990587070243,4.556,False
-0.0,-0.14254049254950077,-0.0,-0.011403239403960062,0.0,0.011403239403960062,-0.4433342975721131,4.556,False
-0.0,-0.5653928667627405,-0.0,-0.04523142934101924,0.0,0.04523142934101924,-0.4540075964258308,4.556,False
-0.0,-0.6767680696039384,-0.0,-0.05414144556831507,0.0,0.05414144556831507,-0.44276051919446596,4.556,False
-0.0,-0.32625230034804786,-0.0,-0.02610018402784383,0.0,0.02610018402784383,-0.4030937506890006,4.556,False
-0.0,-0.0,-0.0,-0.0,0.0,0.0,-0.3666438818474511,4.556,False
-0.0,-0.0,-0.0,-0.0,0.0,0.0,-0.3470266034671021,4.556,False
-0.0,-0.0,-0.0,-0.0,0.0,0.0,-0.3350440309305626,4.556,False
-0.0,-0.0,-0.0,-0.0,0.0,0.0,-0.34630220225055314,4.556,False
-0.0,-0.08473259782581467,-0.0,-0.006778607826065174,0.0,0.006778607826065174,-0.3846296118832309,4.556,False
-1.692372319125444,-1.7495017372102857,-3.384744638250888,-0.13996013897682286,742.9202454457612,0.13996013897682286,-0.44278359144923946,4.556,False
-8.768025942627629,-4.09885501778359,-17.536051885255258,-0.3279084014226872,1525.8028265252988,0.3279084014226872,-0.5070321318502123,11.493,False
-8.133090212581285,-4.797149878849745,-16.26618042516257,-0.3837719903079796,1415.311965993437,0.3837719903079796,-0.5372188283429663,11.493,False
-7.684733607746117,-0.0,-15.369467215492234,-0.0,1337.2894122937644,0.0,-0.39109910176440915,11.493,False
-8.527851886507586,-0.0,-17.05570377301517,-0.0,1484.0079851226983,0.0,-0.3302801975988287,11.493,False
-1.0939731767220306,-0.0,-2.1879463534440613,-0.0,190.37208330671376,0.0,-0.29582414116393085,11.493,False
-2.9761547450391705,-0.0,-5.952309490078341,-0.0,1306.4770610356325,0.0,-0.27609180457224375,4.556,False
-3.163650814115833,-0.0,-6.327301628231666,-0.0,1388.7843784529557,0.0,-0.25172367138209084,4.556,False
-3.1822989900543717,-0.0,-6.364597980108743,-0.0,1396.9705838693467,0.0,-0.206989389537392,4.556,False
-0.4083892265294541,-0.0,-0.8167784530589082,-0.0,179.2753408821133,0.0,-0.15877984097238054,4.556,False
-0.0,-0.0,-0.0,-0.0,0.0,0.0,-0.17265999396806456,4.556,False
-0.0,-0.0,-0.0,-0.0,0.0,0.0,-0.23416609051259837,4.556,False
-0.0,-0.0,-0.0,-0.0,0.0,0.0,-0.32660722744509174,4.556,False
-0.0,-0.0,-0.0,-0.0,0.0,0.0,-0.4166605375684731,4.556,False
-0.0,-0.9179856354167262,-0.0,-0.07343885083333809,0.0,0.07343885083333809,-0.4577835262931096,4.556,False
-0.8761940776250107,-1.0986667093947677,-1.7523881552500213,-0.08789333675158141,384.6330454894691,0.08789333675158141,-0.4623959925715591,4.556,False
-0.0,-0.24310646344191927,-0.0,-0.01944851707535354,0.0,0.01944851707535354,-0.41520114054993834,4.556,False
-0.0,-0.0,-0.0,-0.0,0.0,0.0,-0.35007101296321647,4.556,False
-0.0,-0.0,-0.0,-0.0,0.0,0.0,-0.2575281980245363,4.556,False
-0.0,-0.0,-0.0,-0.0,0.0,0.0,-0.1739805645940851,4.556,False
-0.0,-0.0,-0.0,-0.0,0.0,0.0,-0.09465709778285074,4.556,False
-0.0,-0.0,-0.0,-0.0,0.0,0.0,-0.052521723065709125,4.556,False
-0.0,-0.0,-0.0,-0.0,0.0,0.0,-0.06200796756674135,4.556,False
-0.0,-0.0,-0.0,-0.0,0.0,0.0,-0.09447626297786642,4.556,False
-0.0,-0.0,-0.0,-0.0,0.0,0.0,-0.1512480906334239,4.556,False
-0.0,-0.0,-0.0,-0.0,0.0,0.0,-0.27420791848599674,11.493,False
-2.574019231983974,-1.2019140712607967,-5.148038463967948,-0.09615312570086373,447.92817053579984,0.09615312570086373,-0.41089373878526164,11.493,False
-6.02025834108583,-3.7791585739026723,-12.04051668217166,-0.3023326859122138,1047.6391440156322,0.3023326859122138,-0.5073013755433995,11.493,False
-7.475333789637327,-2.316716137031406,-14.950667579274654,-0.1853372909625125,1300.8498720329465,0.1853372909625125,-0.5069289620551828,11.493,False
-8.603948582944197,-0.0,-17.207897165888394,-0.0,1497.2502537099447,0.0,-0.41973370891312034,11.493,False
-3.005543252411213,-0.0,-6.011086504822426,-0.0,1319.3780739294175,0.0,-0.3375577744476808,4.556,False
-2.7486015445496204,-0.0,-5.497203089099241,-0.0,1206.5854014704216,0.0,-0.2343631693732818,4.556,False
-3.2697727295728574,-0.0,-6.539545459145715,-0.0,1435.3699427448892,0.0,-0.15905221428743735,4.556,False
-0.048422185268142355,-0.0,-0.09684437053628471,-0.0,21.256446561958892,0.0,-0.12708925450466227,4.556,False
-0.0,-0.0,-0.0,-0.0,0.0,0.0,-0.1699221051641353,4.556,False
-0.0,-0.0,-0.0,-0.0,0.0,0.0,-0.2709778777296567,4.556,False
-0.0,-0.0,-0.0,-0.0,0.0,0.0,-0.387571853913768,4.556,False
-2.8109689828670428,-0.882158715072617,-5.6219379657340856,-0.07057269720580936,1233.9635570092373,0.07057269720580936,-0.4949679131287517,4.556,False
-0.0,-1.3410752959545584,-0.0,-0.10728602367636467,0.0,0.10728602367636467,-0.5156921953337087,4.556,False
-0.0,-3.5410593397314547,-0.0,-0.28328474717851637,0.0,0.28328474717851637,-0.5483564688882606,4.556,False
-0.0,-3.4288788797798153,-0.0,-0.27431031038238524,0.0,0.27431031038238524,-0.5408737681682777,4.556,False
-0.0,-3.2356311317225037,-0.0,-0.2588504905378003,0.0,0.2588504905378003,-0.5297814091964628,4.556,False
-0.0,-3.39382777070122,-0.0,-0.2715062216560976,0.0,0.2715062216560976,-0.5270436582345428,4.556,False
-0.0,-2.74337399585364,-0.0,-0.2194699196682912,0.0,0.2194699196682912,-0.47118522527008383,4.556,False
-0.0,-0.7949276087180278,-0.0,-0.06359420869744223,0.0,0.06359420869744223,-0.3176048124661629,4.556,False
-0.0,-0.0,-0.0,-0.0,0.0,0.0,-0.178599689653778,4.556,False
-0.0,-0.0,-0.0,-0.0,0.0,0.0,-0.064411542194778,4.556,False
-0.0,-0.0,-0.0,-0.0,0.0,0.0,0.008372892915699814,4.556,False
-1.6655557679053585,-0.0,-3.331111535810717,-0.0,731.1482738829493,0.0,-0.146178425321117,4.556,False
-3.9875786293289663,-0.0,-7.975157258657933,-0.0,693.91431816392,0.0,-0.23701621198017112,11.493,False
-0.0,-0.0,-0.0,-0.0,0.0,0.0,-0.3021685557610721,11.493,False
-0.0,-1.8156590387065759,-0.0,-0.14525272309652607,0.0,0.14525272309652607,-0.39594908913779375,11.493,False
-6.523031039543929,-3.676828732547489,-13.046062079087857,-0.2941462986037991,1135.1311301738324,0.2941462986037991,-0.4825486658911462,11.493,False
-7.9654131625553015,-3.146408621902938,-15.930826325110603,-0.25171268975223504,1386.1329787793093,0.25171268975223504,-0.48477564063904427,11.493,False
-2.994896556489411,-0.0,-5.989793112978822,-0.0,1314.7043707152814,0.0,-0.3418229369794368,4.556,False
-2.548879565714682,-0.0,-5.097759131429364,-0.0,1118.9111350810722,0.0,-0.23449653410291016,4.556,False
-2.827950047467483,-0.0,-5.655900094934966,-0.0,1241.417931285111,0.0,-0.15848596661858858,4.556,False
-0.0,-0.20729527048073468,-0.0,-0.016583621638458775,0.0,0.016583621638458775,-0.10618298580931912,4.556,False
-0.0,-0.6043434484169498,-0.0,-0.04834747587335598,0.0,0.04834747587335598,-0.1426120979232847,4.556,False
-0.0,-1.044656530662353,-0.0,-0.08357252245298824,0.0,0.08357252245298824,-0.2335002645795147,4.556,False
-0.0,-1.4294822757611343,-0.0,-0.11435858206089074,0.0,0.11435858206089074,-0.332300520690397,4.556,False
-1.194748944947501,-1.888476393377244,-2.389497889895002,-0.15107811147017952,524.472758976076,0.15107811147017952,-0.4470124242741935,4.556,False
-3.380484446203699,-1.314590728773436,-6.760968892407398,-0.10516725830187487,1483.9703451289283,0.10516725830187487,-0.4617589568408032,4.556,False
-0.0,-0.0,-0.0,-0.0,0.0,0.0,-0.2443758656667674,4.556,False
-0.0,-0.0,-0.0,-0.0,0.0,0.0,-0.013553789860810128,4.556,False
-0.0,-5.689454067444858,-0.0,-0.45515632539558865,0.0,0.45515632539558865,0.1836586824724977,4.556,False
-0.0,-9.397070697143842,-0.0,-0.7517656557715073,0.0,0.7517656557715073,0.30389227932968993,4.556,False
-0.0,-7.487390843911696,-0.0,-0.5989912675129356,0.0,0.5989912675129356,0.3507276525454894,4.556,False
-0.0,-2.188526911325352,-0.0,-0.17508215290602816,0.0,0.17508215290602816,0.3250244342820848,4.556,False
-0.0,-1.9860162784378532,-0.0,-0.15888130227502825,0.0,0.15888130227502825,0.35866748360729545,4.556,False
-0.0,-3.229442076272609,-0.0,-0.2583553661018087,0.0,0.2583553661018087,0.5020645005185594,4.556,False
-0.0,-7.2079832883612776,-0.0,-0.5766386630689022,0.0,0.5766386630689022,0.577561611632669,4.556,False
-0.0,-12.942949224059541,-0.0,-1.0354359379247633,0.0,1.0354359379247633,0.6341827515958943,4.556,False
-0.0,-14.577168813185754,-0.0,-1.1661735050548603,0.0,1.1661735050548603,0.6103061668099139,11.493,False
-0.0,-8.16980788107618,-0.0,-0.6535846304860944,0.0,0.6535846304860944,0.4342115188142432,11.493,False
-0.0,-0.9749030056891977,-0.0,-0.07799224045513582,0.0,0.07799224045513582,0.1807983739315724,11.493,False
-0.0,-0.0,-0.0,-0.0,0.0,0.0,-0.04462157372096556,11.493,False
-8.631213511012383,-0.6381189627174418,-17.262427022024767,-0.051049517017395345,1501.9948683568057,0.051049517017395345,-0.22565528841186308,11.493,False
-3.2051126572663415,-0.0,-6.410225314532683,-0.0,1406.9853631546714,0.0,-0.30208182634298425,4.556,False
-3.259203597003134,-0.0,-6.518407194006268,-0.0,1430.7302884122623,0.0,-0.25804965010950753,4.556,False
-2.99867340633904,-0.0,-5.99734681267808,-0.0,1316.3623381646357,0.0,-0.15266182086728783,4.556,False
-0.0,-0.0,-0.0,-0.0,0.0,0.0,-0.11048486058075761,4.556,False
-0.0,-0.0,-0.0,-0.0,0.0,0.0,-0.14785530330202543,4.556,False
-0.0,-0.0,-0.0,-0.0,0.0,0.0,-0.2353327104988676,4.556,False
-0.0,-0.0,-0.0,-0.0,0.0,0.0,-0.34917949601736337,4.556,False
-0.0,-0.7739348476653582,-0.0,-0.06191478781322866,0.0,0.06191478781322866,-0.4873096975067863,4.556,False
-0.0,-2.245011921866954,-0.0,-0.17960095374935633,0.0,0.17960095374935633,-0.5398813747473862,4.556,False
-0.0,-1.5229422620474498,-0.0,-0.12183538096379598,0.0,0.12183538096379598,-0.4309057614873712,4.556,False
-0.0,-0.8218228239596006,-0.0,-0.06574582591676804,0.0,0.06574582591676804,-0.21770793584009654,4.556,False
-0.0,-1.093047581706198,-0.0,-0.08744380653649585,0.0,0.08744380653649585,0.0023609950141609457,4.556,False
-0.0,-5.4481469533069395,-0.0,-0.43585175626455513,0.0,0.43585175626455513,0.18209400821832125,4.556,False
-0.0,-5.447793456405464,-0.0,-0.43582347651243714,0.0,0.43582347651243714,0.29742711403465893,4.556,False
-0.0,-2.685158428733569,-0.0,-0.21481267429868553,0.0,0.21481267429868553,0.3264977073825644,4.556,False
-0.0,-3.7701671946052167,-0.0,-0.30161337556841733,0.0,0.30161337556841733,0.4111328536134152,4.556,False
-0.0,-5.731491763433118,-0.0,-0.4585193410746494,0.0,0.4585193410746494,0.5576072227470835,4.556,False
-0.0,-10.526393571842465,-0.0,-0.8421114857473972,0.0,0.8421114857473972,0.684672705219986,4.556,False
-0.0,-18.03623381911627,-0.0,-1.4428987055293014,0.0,1.4428987055293014,0.764726099757442,4.556,False
-0.0,-21.070184006358776,-0.0,-1.6856147205087022,0.0,1.6856147205087022,0.757711153717815,4.556,False
-0.0,-12.251985670162494,-0.0,-0.9801588536129995,0.0,0.9801588536129995,0.5792300828516287,4.556,False
-0.0,-2.0735425268009844,-0.0,-0.16588340214407873,0.0,0.16588340214407873,0.28130176559514747,4.556,False
-0.0,-0.0,-0.0,-0.0,0.0,0.0,0.0666174937480929,4.556,False
-3.363210608394973,-0.0,-6.726421216789946,-0.0,1476.387448812543,0.0,-0.0690471212573514,4.556,False
-3.344962925667758,-0.0,-6.689925851335516,-0.0,1468.3770525319394,0.0,-0.17412444638313088,4.556,False
-3.0894019193577966,-0.0,-6.178803838715593,-0.0,1356.1904825978036,0.0,-0.13581829931621914,4.556,False
-3.187454217998632,-0.0,-6.374908435997264,-0.0,1399.233633888776,0.0,-0.05136695491706752,4.556,False
-0.0,-0.0,-0.0,-0.0,0.0,0.0,-0.030652974508219688,4.556,False
-0.0,-0.0,-0.0,-0.0,0.0,0.0,-0.10872900810926112,4.556,False
-0.0,-0.0,-0.0,-0.0,0.0,0.0,-0.1865897263290194,4.556,False
-0.0,-0.0,-0.0,-0.0,0.0,0.0,-0.2974172814131563,4.556,False
-0.0,-1.2766805399220644,-0.0,-0.10213444319376515,0.0,0.10213444319376515,-0.40518149818506943,4.556,False
-0.0,-2.1788433543751937,-0.0,-0.1743074683500155,0.0,0.1743074683500155,-0.45690377925247144,4.556,False
-0.0,-1.0797016746840546,-0.0,-0.08637613397472438,0.0,0.08637613397472438,-0.24957066325496027,4.556,False
-0.0,-0.1678291950047946,-0.0,-0.013426335600383567,0.0,0.013426335600383567,0.0030358077334462865,4.556,False
-0.0,-4.985564447630114,-0.0,-0.39884515581040914,0.0,0.39884515581040914,0.20366409626207005,4.556,False
-0.0,-8.819216943464976,-0.0,-0.7055373554771981,0.0,0.7055373554771981,0.3819946022157625,4.556,False
-0.0,-8.899241910963191,-0.0,-0.7119393528770552,0.0,0.7119393528770552,0.47141589519174776,4.556,False
-0.0,-9.431763275813218,-0.0,-0.7545410620650574,0.0,0.7545410620650574,0.5329059973747076,4.556,False
-0.0,-10.582772425469503,-0.0,-0.8466217940375603,0.0,0.8466217940375603,0.6284383884859098,4.556,False
-0.0,-6.227480341947362,-0.0,-0.49819842735578895,0.0,0.49819842735578895,0.5417321378958192,4.556,False
-0.0,-3.2272125882062186,-0.0,-0.2581770070564975,0.0,0.2581770070564975,0.4494433887329121,4.556,False
-0.0,-1.99396099936122,-0.0,-0.1595168799488976,0.0,0.1595168799488976,0.36881192786172773,4.556,False
-0.0,-0.5043077850466353,-0.0,-0.04034462280373082,0.0,0.04034462280373082,0.2645997119337403,4.556,False
-0.0,-0.0,-0.0,-0.0,0.0,0.0,0.13788139863486396,4.556,False
-0.0,-0.0,-0.0,-0.0,0.0,0.0,-0.020684412342027336,4.556,False
-0.0,-0.0,-0.0,-0.0,0.0,0.0,-0.1564922556385181,4.556,False
-0.0,-0.0,-0.0,-0.0,0.0,0.0,-0.23988049124948474,4.556,False
-0.0,-0.0,-0.0,-0.0,0.0,0.0,-0.3396712354903932,4.556,False
-2.343705039330371,-0.9767398175441742,-4.687410078660742,-0.07813918540353393,1028.8433008473971,0.07813918540353393,-0.40935579096105384,4.556,False
-3.0596970312039016,-1.0643226219930473,-6.119394062407803,-0.08514580975944379,1343.150584373969,0.08514580975944379,-0.42695489582853785,4.556,False
-3.0477854467013943,-0.0,-6.095570893402789,-0.0,1337.9216183939395,0.0,-0.2915926158823405,4.556,False
-0.0,-0.0,-0.0,-0.0,0.0,0.0,-0.2309922519037179,4.556,False
-0.0,-0.0,-0.0,-0.0,0.0,0.0,-0.23761130216264545,4.556,False
-0.0,-0.0,-0.0,-0.0,0.0,0.0,-0.28873729752588473,4.556,False
-0.0,-0.0,-0.0,-0.0,0.0,0.0,-0.3689810840916971,4.556,False
-0.0,-0.0,-0.0,-0.0,0.0,0.0,-0.4090389703537007,4.556,False
-0.0,-0.0,-0.0,-0.0,0.0,0.0,-0.29937424720768996,4.556,False
-0.0,-0.0,-0.0,-0.0,0.0,0.0,-0.08679544756088675,4.556,False
-0.0,-4.088638635114597,-0.0,-0.32709109080916776,0.0,0.32709109080916776,0.11743972732499337,4.556,False
-0.0,-9.20806044586408,-0.0,-0.7366448356691264,0.0,0.7366448356691264,0.2844256348996667,4.556,False
-0.0,-8.453838332678076,-0.0,-0.6763070666142461,0.0,0.6763070666142461,0.3750869209242225,4.556,False
-0.0,-5.119710599809325,-0.0,-0.40957684798474603,0.0,0.40957684798474603,0.41694889100386917,4.556,False
-0.0,-4.61577747032353,-0.0,-0.3692621976258824,0.0,0.3692621976258824,0.46767790380434343,4.556,False
-0.0,-4.869400549580385,-0.0,-0.38955204396643084,0.0,0.38955204396643084,0.5764210911221646,4.556,False
-0.0,-8.385580872946239,-0.0,-0.6708464698356992,0.0,0.6708464698356992,0.6631453797850351,4.556,False
-0.0,-15.413870515972459,-0.0,-1.2331096412777967,0.0,1.2331096412777967,0.7184184998280255,4.556,False
-0.0,-16.395582089679543,-0.0,-1.3116465671743636,0.0,1.3116465671743636,0.692580131379688,11.493,False
-0.0,-9.683419916019195,-0.0,-0.7746735932815356,0.0,0.7746735932815356,0.5273670706781333,11.493,False
-0.0,-1.1132693988849185,-0.0,-0.08906155191079348,0.0,0.08906155191079348,0.2252981415874765,11.493,False
-0.0,-0.0,-0.0,-0.0,0.0,0.0,0.04383119372849179,11.493,False
-0.0,-0.0,-0.0,-0.0,0.0,0.0,-0.11122826483536352,11.493,False
-0.0,-0.0,-0.0,-0.0,0.0,0.0,-0.20527452307780558,4.556,False
-0.0,-0.0,-0.0,-0.0,0.0,0.0,-0.3032889593101874,4.556,False
-0.0,-0.9409397094678501,-0.0,-0.07527517675742801,0.0,0.07527517675742801,-0.3946057262978491,4.556,False
-0.0,-2.017176305056434,-0.0,-0.16137410440451472,0.0,0.16137410440451472,-0.46217771066544033,4.556,False
-0.0,-3.565360269906512,-0.0,-0.28522882159252094,0.0,0.28522882159252094,-0.5261323330922111,4.556,False
-0.0,-5.640985985434131,-0.0,-0.4512788788347305,0.0,0.4512788788347305,-0.5949786945628924,4.556,False
-0.0,-7.109123004254473,-0.0,-0.5687298403403578,0.0,0.5687298403403578,-0.6305488994832165,4.556,False
-2.800317467683898,-7.468865999948688,-5.600634935367796,-0.5975092799958951,1229.2877382282256,0.5975092799958951,-0.649946681289673,4.556,False
-3.069009110870142,-3.227851995379533,-6.138018221740284,-0.2582281596303626,1347.2384156585347,0.2582281596303626,-0.5672639239160988,4.556,False
-1.573146083895726,-0.0,-3.146292167791452,-0.0,690.5821263809157,0.0,-0.3335681481356712,4.556,False
-0.0,-0.0,-0.0,-0.0,0.0,0.0,-0.1084421383206154,4.556,False
-0.0,-0.23349302529732638,-0.0,-0.01867944202378611,0.0,0.01867944202378611,0.11480975516792953,4.556,False
-0.0,-6.521067693835958,-0.0,-0.5216854155068766,0.0,0.5216854155068766,0.33709335651259487,4.556,False
-0.0,-8.586268252322515,-0.0,-0.6869014601858012,0.0,0.6869014601858012,0.47274464236944813,4.556,False
-0.0,-6.354624614560449,-0.0,-0.5083699691648359,0.0,0.5083699691648359,0.5152159294319615,4.556,False
-0.0,-5.655098846646289,-0.0,-0.4524079077317031,0.0,0.4524079077317031,0.5494985622458776,4.556,False
-0.0,-6.580417065239858,-0.0,-0.5264333652191886,0.0,0.5264333652191886,0.6480588777956909,4.556,False
-0.0,-13.914116053863237,-0.0,-1.113129284309059,0.0,1.113129284309059,0.7685137624406574,4.556,False
-0.0,-21.422083605697463,-0.0,-1.713766688455797,0.0,1.713766688455797,0.8263662123679937,4.556,False
-0.0,-21.599145713253833,-0.0,-1.7279316570603067,0.0,1.7279316570603067,0.7853704254539854,11.493,False
-0.0,-13.064355500085153,-0.0,-1.0451484400068123,0.0,1.0451484400068123,0.6164617699122937,11.493,False
-0.0,-2.956793283581526,-0.0,-0.2365434626865221,0.0,0.2365434626865221,0.31195646915260494,11.493,False
-0.0,-0.0,-0.0,-0.0,0.0,0.0,0.08519539860448903,11.493,False
-3.8486945101063914,-0.0,-7.697389020212783,-0.0,669.7458470558412,0.0,-0.05930500396157912,11.493,False
-1.1717829909991884,-0.0,-2.3435659819983767,-0.0,514.3911286212416,0.0,-0.16436023368998418,4.556,False
-1.862694176900186,-0.0,-3.725388353800372,-0.0,817.6884007463503,0.0,-0.24812283087654663,4.556,False
-2.124141466730793,-0.0,-4.248282933461586,-0.0,932.4589406193121,0.0,-0.2583804073072068,4.556,False
-0.0,-0.0,-0.0,-0.0,0.0,0.0,-0.28013487226453143,4.556,False
-0.0,-0.0,-0.0,-0.0,0.0,0.0,-0.3246703422969211,4.556,False
-0.0,-0.49742369833006433,-0.0,-0.039793895866405145,0.0,0.039793895866405145,-0.3704880575836184,4.556,False
-0.0,-1.215251970321551,-0.0,-0.09722015762572409,0.0,0.09722015762572409,-0.42552028753049215,4.556,False
-0.0,-2.550649399356073,-0.0,-0.20405195194848585,0.0,0.20405195194848585,-0.48527695206334326,4.556,False
-0.0,-2.999547259236479,-0.0,-0.23996378073891833,0.0,0.23996378073891833,-0.5004899555234251,4.556,False
-0.0,-0.6956137139645164,-0.0,-0.05564909711716132,0.0,0.05564909711716132,-0.218262426363644,4.556,False
-0.0,-0.0,-0.0,-0.0,0.0,0.0,-0.03096354662418647,4.556,False
-0.0,-5.321448293800943,-0.0,-0.4257158635040754,0.0,0.4257158635040754,0.16728938456754128,4.556,False
-0.0,-10.510206834629852,-0.0,-0.8408165467703882,0.0,0.8408165467703882,0.33559720434952284,4.556,False
-0.0,-10.030620502191193,-0.0,-0.8024496401752954,0.0,0.8024496401752954,0.43466098929029595,4.556,False
-0.0,-8.160366135490822,-0.0,-0.6528292908392658,0.0,0.6528292908392658,0.47864903563321426,4.556,False
-0.0,-7.699045145653905,-0.0,-0.6159236116523124,0.0,0.6159236116523124,0.5314778160144301,4.556,False
-0.0,-7.408076329695095,-0.0,-0.5926461063756076,0.0,0.5926461063756076,0.6341787967280962,4.556,False
-0.0,-13.589156459225565,-0.0,-1.0871325167380452,0.0,1.0871325167380452,0.7661188484713778,4.556,False
-0.0,-21.08186093499515,-0.0,-1.6865488747996118,0.0,1.6865488747996118,0.8397168160829578,4.556,False
-0.0,-23.767094733216787,-0.0,-1.901367578657343,0.0,1.901367578657343,0.8328455236328044,11.493,False
-0.0,-14.857815639178137,-0.0,-1.188625251134251,0.0,1.188625251134251,0.6553927237733842,11.493,False
-0.0,-3.879779306259427,-0.0,-0.31038234450075414,0.0,0.31038234450075414,0.3623533418856111,11.493,False
-0.0,-0.0,-0.0,-0.0,0.0,0.0,0.160804305648243,11.493,False
-0.0,-0.0,-0.0,-0.0,0.0,0.0,0.008005683796776908,11.493,False
-0.0,-0.0,-0.0,-0.0,0.0,0.0,-0.13201746711183973,4.556,False
-0.0,-0.0,-0.0,-0.0,0.0,0.0,-0.2391617231647946,4.556,False
-0.0,-0.0,-0.0,-0.0,0.0,0.0,-0.3324613249793109,4.556,False
-0.0,-0.9753609600281407,-0.0,-0.07802887680225125,0.0,0.07802887680225125,-0.40868842510723863,4.556,False
-0.0,-1.7547958414044342,-0.0,-0.14038366731235474,0.0,0.14038366731235474,-0.4584985627710509,4.556,False
-0.0,-2.957938899367677,-0.0,-0.23663511194941417,0.0,0.23663511194941417,-0.5126342019707139,4.556,False
-0.07769245956742012,-4.608591965480772,-0.15538491913484023,-0.3686873572384618,34.105557316690124,0.3686873572384618,-0.561646203949372,4.556,False
-2.4212789955385667,-4.501629680961228,-4.8425579910771335,-0.3601303744768982,1062.8968373742612,0.3601303744768982,-0.5729304740103812,4.556,False
-3.1727542751036224,-1.5065725780066015,-6.345508550207245,-0.12052580624052811,1392.7806299840308,0.12052580624052811,-0.46873907260209413,4.556,False
-0.0,-0.0,-0.0,-0.0,0.0,0.0,-0.15870574116978017,4.556,False
-0.0,-1.5589037388631812,-0.0,-0.1247122991090545,0.0,0.1247122991090545,0.08684167239194444,4.556,False
-0.0,-7.82075762990183,-0.0,-0.6256606103921464,0.0,0.6256606103921464,0.2840854479596127,4.556,False
-0.0,-12.358827639216896,-0.0,-0.9887062111373517,0.0,0.9887062111373517,0.4322947809104858,4.556,False
-0.0,-10.840201933627993,-0.0,-0.8672161546902395,0.0,0.8672161546902395,0.49633396822563264,4.556,False
-0.0,-7.076159561768175,-0.0,-0.566092764941454,0.0,0.566092764941454,0.5085837656093903,4.556,False
-0.0,-7.423895068814678,-0.0,-0.5939116055051743,0.0,0.5939116055051743,0.5611157405101901,4.556,False
-0.0,-5.356937612028495,-0.0,-0.4285550089622796,0.0,0.4285550089622796,0.6120385241172538,4.556,False
-0.0,-10.31554653886428,-0.0,-0.8252437231091425,0.0,0.8252437231091425,0.7000560397313421,4.556,False
-0.0,-17.41093548166125,-0.0,-1.3928748385329002,0.0,1.3928748385329002,0.7555996076256665,4.556,False
-0.0,-17.93080891326499,-0.0,-1.4344647130611992,0.0,1.4344647130611992,0.714976106451371,11.493,False
-0.0,-10.310685905721234,-0.0,-0.8248548724576987,0.0,0.8248548724576987,0.5362752422539013,11.493,False
-0.0,-1.3461443028093463,-0.0,-0.10769154422474769,0.0,0.10769154422474769,0.22533084629646585,11.493,False
-0.0,-0.0,-0.0,-0.0,0.0,0.0,-0.014155396380055918,11.493,False
-0.0,-0.0,-0.0,-0.0,0.0,0.0,-0.17459429939417967,11.493,False
-0.0,-0.8312092585066159,-0.0,-0.06649674068052927,0.0,0.06649674068052927,-0.3212053218748233,4.556,False
-3.349411081515583,-1.8536984042568765,-6.698822163031166,-0.1482958723405501,1470.3297109374817,0.1482958723405501,-0.42251390236592323,4.556,False
-3.245782782809805,-1.6808182529735796,-6.49156556561961,-0.13446546023788636,1424.8387984239705,0.13446546023788636,-0.4701092553358015,4.556,False
-0.0,-0.0,-0.0,-0.0,0.0,0.0,-0.3986771439890402,4.556,False
-0.0,-0.0,-0.0,-0.0,0.0,0.0,-0.4359501612299897,4.556,False
-0.0,-0.9253080722165491,-0.0,-0.07402464577732393,0.0,0.07402464577732393,-0.5046110090260626,4.556,False
-0.0,-3.40397806200509,-0.0,-0.2723182449604072,0.0,0.2723182449604072,-0.5815294811595123,4.556,False
-0.09042020227930157,-9.069441670344712,-0.18084040455860315,-0.7255553336275771,39.692801702941864,0.7255553336275771,-0.696441052867273,4.556,False
-3.2232178184520133,-9.06775409461233,-6.4464356369040265,-0.7254203275689863,1414.9331951062393,0.7254203275689863,-0.6972575783335856,4.556,False
-3.089361057043584,-0.04416442207385574,-6.178722114087168,-0.0035331537659084593,1356.172544795252,0.0035331537659084593,-0.3184646526195562,4.556,False
-0.0,-0.4012367015666022,-0.0,-0.03209893612532817,0.0,0.03209893612532817,0.02979978784162966,4.556,False
-0.0,-10.141287736620805,-0.0,-0.8113030189296644,0.0,0.8113030189296644,0.296361875449721,4.556,False
-0.0,-15.511887696740725,-0.0,-1.240951015739258,0.0,1.240951015739258,0.44902347137150267,4.556,False
-0.0,-14.792380646721897,-0.0,-1.1833904517377518,0.0,1.1833904517377518,0.540624653616331,4.556,False
-0.0,-10.004554136549284,-0.0,-0.8003643309239428,0.0,0.8003643309239428,0.5520681287787526,4.556,False
-0.0,-7.983786870852088,-0.0,-0.638702949668167,0.0,0.638702949668167,0.5788612413422265,4.556,False
-0.0,-8.033204440602017,-0.0,-0.6426563552481613,0.0,0.6426563552481613,0.672383960087053,4.556,False
-0.0,-14.011198061535262,-0.0,-1.120895844922821,0.0,1.120895844922821,0.7764262983656951,4.556,False
-0.0,-20.387004282893923,-0.0,-1.6309603426315138,0.0,1.6309603426315138,0.8342086298076445,4.556,False
-0.0,-21.66782305422809,-0.0,-1.7334258443382473,0.0,1.7334258443382473,0.7994673460810932,11.493,False
-0.0,-12.544806353309724,-0.0,-1.0035845082647779,0.0,1.0035845082647779,0.6002030140317107,11.493,False
-0.0,-2.328369337949998,-0.0,-0.18626954703599985,0.0,0.18626954703599985,0.28934483627210944,11.493,False
-0.0,-0.0,-0.0,-0.0,0.0,0.0,0.051099549182262206,11.493,False
-0.0,-0.0,-0.0,-0.0,0.0,0.0,-0.15210147382446068,11.493,False
-0.0,-0.017147417113021937,-0.0,-0.0013717933690417551,0.0,0.0013717933690417551,-0.2666557007006322,4.556,False
-0.0,-1.4528241361491772,-0.0,-0.11622593089193417,0.0,0.11622593089193417,-0.3644655022898189,4.556,False
-0.0,-2.565365429352929,-0.0,-0.20522923434823434,0.0,0.20522923434823434,-0.4541297671600237,4.556,False
-0.0,-4.21560003129006,-0.0,-0.33724800250320475,0.0,0.33724800250320475,-0.5147746077994798,4.556,False
-0.0,-7.039506643524727,-0.0,-0.5631605314819782,0.0,0.5631605314819782,-0.5891223536443726,4.556,False
-0.0,-9.34372144569758,-0.0,-0.7474977156558065,0.0,0.7474977156558065,-0.6454594786672306,4.556,False
-0.0,-12.17645996949855,-0.0,-0.974116797559884,0.0,0.974116797559884,-0.7078067224376651,4.556,False
-1.1615392457077838,-13.63938284902153,-2.3230784914155675,-1.0911506279217225,509.89431330455824,1.0911506279217225,-0.7461863755161637,4.556,False
-3.2215870282433903,-9.273552214443656,-6.4431740564867805,-0.7418841771554925,1414.217308271901,0.7418841771554925,-0.6769410288745029,4.556,False
-3.115164208281007,-0.0,-6.230328416562014,-0.0,1367.4996524499593,0.0,-0.2769775119536673,4.556,False
-0.18862799415429457,-5.355339683250623,-0.37725598830858914,-0.42842717466004987,82.80421165684574,0.42842717466004987,0.1861077870110062,4.556,False
-0.0,-13.75152115520659,-0.0,-1.1001216924165271,0.0,1.1001216924165271,0.39334313523894937,4.556,False
-0.0,-19.813136400240516,-0.0,-1.5850509120192413,0.0,1.5850509120192413,0.542401007603701,4.556,False
-0.0,-17.472214510733057,-0.0,-1.3977771608586447,0.0,1.3977771608586447,0.6319372374068707,4.556,False
-0.0,-13.169099079810447,-0.0,-1.0535279263848358,0.0,1.0535279263848358,0.6328078973785495,4.556,False
-0.0,-10.28100653936978,-0.0,-0.8224805231495824,0.0,0.8224805231495824,0.6388844268915369,4.556,False
-0.0,-9.823513397846089,-0.0,-0.7858810718276871,0.0,0.7858810718276871,0.7082088974463066,4.556,False
-0.0,-14.619816182412592,-0.0,-1.1695852945930074,0.0,1.1695852945930074,0.78671197758685,4.556,False
-0.0,-18.48357969665357,-0.0,-1.4786863757322857,0.0,1.4786863757322857,0.8041983235203438,4.556,False
-0.0,-15.281149674928528,-0.0,-1.2224919739942823,0.0,1.2224919739942823,0.7149805653608731,4.556,False
-0.0,-6.916617593413048,-0.0,-0.5533294074730438,0.0,0.5533294074730438,0.5108261871210628,4.556,False
-0.0,-0.0,-0.0,-0.0,0.0,0.0,0.20594121558618603,4.556,False
-0.0,-0.0,-0.0,-0.0,0.0,0.0,0.0070991748527182525,4.556,False
-0.0,-0.0,-0.0,-0.0,0.0,0.0,-0.16115120693402366,4.556,False
-0.0,-0.06287453670442826,-0.0,-0.00502996293635426,0.0,0.00502996293635426,-0.29443749413529113,4.556,False
-0.0,-1.0732536318018422,-0.0,-0.08586029054414737,0.0,0.08586029054414737,-0.3941151929406342,4.556,False
-3.4082077213538775,-1.7559604149668888,-6.816415442707755,-0.1404768331973511,1496.1403517795775,0.1404768331973511,-0.45740965081144935,4.556,False
-0.0,-2.76706873757697,-0.0,-0.22136549900615757,0.0,0.22136549900615757,-0.4816294661343941,4.556,False
-0.0,-3.644466262079778,-0.0,-0.2915573009663822,0.0,0.2915573009663822,-0.5014177932098277,4.556,False
-0.0,-5.056807716828353,-0.0,-0.4045446173462683,0.0,0.4045446173462683,-0.5430827747649035,4.556,False
-0.0,-6.716244428485904,-0.0,-0.5372995542788723,0.0,0.5372995542788723,-0.5889588395308251,4.556,False
-0.0,-8.805476891097408,-0.0,-0.7044381512877926,0.0,0.7044381512877926,-0.6435537709304037,4.556,False
-0.6703349254267089,-9.585635075835972,-1.3406698508534178,-0.7668508060668778,294.2646731460531,0.7668508060668778,-0.6631500967880922,4.556,False
-0.3551532072116913,-4.8539030093219315,-0.7103064144233826,-0.38831224074575454,155.90570992611558,0.38831224074575454,-0.46707727821934314,4.556,False
-0.0,-2.436065256629675,-0.0,-0.194885220530374,0.0,0.194885220530374,-0.35157862853294214,4.556,False
-0.0,-0.5808679942294461,-0.0,-0.046469439538355695,0.0,0.046469439538355695,-0.11382939914070862,4.556,False
-0.0,-1.0863073740641034,-0.0,-0.08690458992512827,0.0,0.08690458992512827,0.09304880822172423,4.556,False
-0.0,-2.3231818437859846,-0.0,-0.18585454750287878,0.0,0.18585454750287878,0.21914331769413375,4.556,False
-0.0,-0.5302936378605292,-0.0,-0.04242349102884233,0.0,0.04242349102884233,0.262412117833334,4.556,False
-0.0,-1.9585697713542947,-0.0,-0.15668558170834357,0.0,0.15668558170834357,0.3232738513859838,4.556,False
-0.0,-3.513920088335981,-0.0,-0.2811136070668785,0.0,0.2811136070668785,0.4465076054431811,4.556,False
-0.0,-6.006786083006814,-0.0,-0.4805428866405451,0.0,0.4805428866405451,0.569590018892704,4.556,False
-0.0,-12.776608685216864,-0.0,-1.0221286948173491,0.0,1.0221286948173491,0.6459734346376073,4.556,False
-0.0,-14.786093473308751,-0.0,-1.1828874778647,0.0,1.1828874778647,0.6383207266303983,4.556,False
-0.0,-8.82861433487923,-0.0,-0.7062891467903384,0.0,0.7062891467903384,0.4728531707273376,4.556,False
-0.0,-0.7687106517890505,-0.0,-0.061496852143124045,0.0,0.061496852143124045,0.1909545488533827,4.556,False
-0.0,-0.0,-0.0,-0.0,0.0,0.0,-0.017002472553291643,4.556,False
-0.0,-0.0,-0.0,-0.0,0.0,0.0,-0.17535306299681863,4.556,False
-0.0,-0.8419574731851163,-0.0,-0.0673565978548093,0.0,0.0673565978548093,-0.3125752393702917,4.556,False
-0.0,-2.298362660944948,-0.0,-0.18386901287559584,0.0,0.18386901287559584,-0.4270714284001787,4.556,False
-0.0,-3.5132680426701155,-0.0,-0.2810614434136092,0.0,0.2810614434136092,-0.5214917810849556,4.556,False
-0.0,-6.575241774867148,-0.0,-0.5260193419893718,0.0,0.5260193419893718,-0.6120618445799051,4.556,False
-0.0,-9.55403065682674,-0.0,-0.7643224525461392,0.0,0.7643224525461392,-0.6800712449444123,4.556,False
-2.128694252256689,-11.660345422421237,-4.257388504513378,-0.9328276337936989,934.4575295244465,0.9328276337936989,-0.7299986039306602,4.556,False
-3.254328229590639,-7.023706942517233,-6.508656459181278,-0.5618965554013786,1428.5900920064262,0.5618965554013786,-0.6556532341011275,4.556,False
-3.36878020634359,-0.9956085414854323,-6.73756041268718,-0.07964868331883458,1478.8323996240517,0.07964868331883458,-0.5255304855910622,4.556,False
-1.0971100012968282,-0.0,-2.1942200025936565,-0.0,481.6110629046656,0.0,-0.3821310068110346,4.556,False
-0.0,-0.0,-0.0,-0.0,0.0,0.0,-0.13293852622636426,4.556,False
-0.0,-1.9899178794575694,-0.0,-0.15919343035660555,0.0,0.15919343035660555,0.11682454770748969,4.556,False
-0.0,-9.030252999666452,-0.0,-0.7224202399733162,0.0,0.7224202399733162,0.2904153091110155,4.556,False
-0.0,-12.814850531761937,-0.0,-1.025188042540955,0.0,1.025188042540955,0.4156976905491459,4.556,False
-0.0,-10.08028550979471,-0.0,-0.8064228407835767,0.0,0.8064228407835767,0.45677954500371265,4.556,False
-0.0,-4.807291278436086,-0.0,-0.3845833022748869,0.0,0.3845833022748869,0.4211465540360879,4.556,False
-0.0,-1.8369718454140105,-0.0,-0.14695774763312083,0.0,0.14695774763312083,0.3770438190495143,4.556,False
-0.0,-0.0,-0.0,-0.0,0.0,0.0,0.16815114389161515,4.556,False
-0.0,-0.0,-0.0,-0.0,0.0,0.0,0.16507479163002828,4.556,False
-0.0,-0.0,-0.0,-0.0,0.0,0.0,0.14610278781251587,4.556,False
-0.0,-0.0,-0.0,-0.0,0.0,0.0,0.06840813539969738,11.493,False
-0.6219677163406646,-0.0,-1.2439354326813292,-0.0,108.23418016891405,0.0,-0.14180916899892226,11.493,False
-8.52772978594994,-2.1195781774891422,-17.05545957189988,-0.16956625419913138,1483.9867373096563,0.16956625419913138,-0.39516920609756045,11.493,False
-8.50982943147323,-3.689969759279224,-17.01965886294646,-0.29519758074233793,1480.8717360955766,0.29519758074233793,-0.4864628796034281,11.493,False
-7.86561215603827,-1.78345490522963,-15.73122431207654,-0.1426763924183704,1368.7657106131157,0.1426763924183704,-0.44412587549761656,11.493,False
-2.970864222249577,-0.0,-5.941728444499154,-0.0,1304.1546190735633,0.0,-0.31956340116420895,4.556,False
-2.8806210052720034,-0.0,-5.761242010544007,-0.0,1264.539510654962,0.0,-0.20071682433510085,4.556,False
-2.8160606695251635,-0.0,-5.632121339050327,-0.0,1236.1987135755764,0.0,-0.07982347416998098,4.556,False
-0.0,-0.0,-0.0,-0.0,0.0,0.0,-0.04141971547558496,4.556,False
-0.0,-0.0,-0.0,-0.0,0.0,0.0,-0.08360410833066301,4.556,False
-0.0,-0.0,-0.0,-0.0,0.0,0.0,-0.19166643202019565,4.556,False
-0.0,-0.09365754416081555,-0.0,-0.007492603532865245,0.0,0.007492603532865245,-0.30625584906770364,4.556,False
-0.5967379759405916,-0.780889290485405,-1.1934759518811833,-0.062471143238832405,261.95696924521144,0.062471143238832405,-0.4280932351429057,4.556,False
-0.0,-0.9745021795872196,-0.0,-0.07796017436697757,0.0,0.07796017436697757,-0.5207687015035153,4.556,False
-0.0,-0.30925032105697714,-0.0,-0.024740025684558173,0.0,0.024740025684558173,-0.37895528278242424,4.556,False
-0.0,-0.12178495966560869,-0.0,-0.009742796773248696,0.0,0.009742796773248696,-0.15604814467216946,4.556,False
-0.0,-1.5063602244454237,-0.0,-0.1205088179556339,0.0,0.1205088179556339,0.0033077908171340966,4.556,False
-0.0,-4.125926377459619,-0.0,-0.3300741101967695,0.0,0.3300741101967695,0.13446889661012806,4.556,False
-0.0,-3.1182923465627392,-0.0,-0.24946338772501914,0.0,0.24946338772501914,0.21676654505508233,4.556,False
-0.0,-0.1892543135682283,-0.0,-0.015140345085458265,0.0,0.015140345085458265,0.20913194688315814,4.556,False
-0.0,-0.21974792757411535,-0.0,-0.017579834205929228,0.0,0.017579834205929228,0.21224335897035052,4.556,False
-0.0,-1.162295465389518,-0.0,-0.09298363723116143,0.0,0.09298363723116143,0.2892945947918097,4.556,False
-0.0,-0.6783530884188537,-0.0,-0.054268247073508295,0.0,0.054268247073508295,0.34658929666344046,4.556,False
-0.0,-4.803636666220166,-0.0,-0.3842909332976133,0.0,0.3842909332976133,0.40755432138804476,4.556,False
-0.0,-4.850355870602272,-0.0,-0.3880284696481817,0.0,0.3880284696481817,0.3398754370928976,11.493,False
-3.561413270390506,-0.4183326434096019,-7.122826540781012,-0.03346661147276815,619.7534621753251,0.03346661147276815,0.13235026746790876,11.493,False
-8.487074118919292,-0.5458439357034709,-16.974148237838584,-0.04366751485627767,1476.9118800868862,0.04366751485627767,-0.2188537151583072,11.493,False
-7.894044960454449,-0.9894037457923678,-15.788089920908899,-0.07915229966338942,1373.7135578968848,0.07915229966338942,-0.3222630770021282,11.493,False
-7.499290179820908,-0.0,-14.998580359641815,-0.0,1305.0187383313162,0.0,-0.23232796792642443,11.493,False
-3.160747579241736,-0.0,-6.321495158483472,-0.0,1387.5099118708235,0.0,-0.1676000558478301,4.556,False
-3.1546636127312775,-0.0,-6.309327225462555,-0.0,1384.8391627441956,0.0,-0.14583188458131513,4.556,False
-3.141120699668604,-0.0,-6.282241399337208,-0.0,1378.8940736034256,0.0,-0.12374070192554144,4.556,False
-2.6955732865691773,-0.0,-5.3911465731383545,-0.0,1183.3069739109644,0.0,-0.11383479294850053,4.556,False
-1.0003714457014494,-0.0,-2.000742891402899,-0.0,439.14462058887153,0.0,-0.11210831971228445,4.556,False
-0.6506770493918279,-0.0,-1.3013540987836558,-0.0,285.63522800343634,0.0,-0.16827511906432913,4.556,False
-1.0666835185240124,-0.0,-2.133367037048025,-0.0,468.25439794732773,0.0,-0.26968873409094835,4.556,False
-0.9452832745244291,-0.0,-1.8905665490488581,-0.0,414.96192911520154,0.0,-0.3794973321269848,4.556,False
-2.875257144263149,-0.0,-5.750514288526298,-0.0,1262.1848745667905,0.0,-0.40145047953813934,4.556,False
-2.891733070460109,-0.0,-5.783466140920218,-0.0,1269.4175023968871,0.0,-0.19256362940361318,4.556,False
-1.574310442408895,-0.0,-3.14862088481779,-0.0,691.0932583006563,0.0,0.0902828398908805,4.556,False
-0.0,-14.071743561492317,-0.0,-1.1257394849193854,0.0,1.1257394849193854,0.4419136915312691,4.556,False
-0.0,-19.20461427995228,-0.0,-1.5363691423961825,0.0,1.5363691423961825,0.5842381265624814,4.556,False
-0.0,-16.813213076284246,-0.0,-1.3450570461027396,0.0,1.3450570461027396,0.6332818120062872,4.556,False
-0.0,-10.077576213744239,-0.0,-0.806206097099539,0.0,0.806206097099539,0.6066354592298677,4.556,False
-0.0,-6.567851239788322,-0.0,-0.5254280991830658,0.0,0.5254280991830658,0.5925294764274369,4.556,False
-0.0,-7.891855843827175,-0.0,-0.631348467506174,0.0,0.631348467506174,0.6764824420021753,4.556,False
-0.0,-12.734790511050692,-0.0,-1.0187832408840554,0.0,1.0187832408840554,0.7460072073002902,4.556,False
-0.0,-19.978351640064286,-0.0,-1.5982681312051428,0.0,1.5982681312051428,0.7881377945481468,4.556,False
-0.0,-22.203365340929587,-0.0,-1.776269227274367,0.0,1.776269227274367,0.7511956964291261,11.493,False
-0.0,-11.770787333091837,-0.0,-0.9416629866473469,0.0,0.9416629866473469,0.5333362129799794,11.493,False
-0.0,-1.45892380314266,-0.0,-0.11671390425141279,0.0,0.11671390425141279,0.19518153203813635,11.493,False
-8.586815873424616,-0.0,-17.17363174684923,-0.0,1494.2688372791465,0.0,-0.10124212501447345,11.493,False
-8.359224033229179,-0.0,-16.718448066458357,-0.0,1454.6635401077488,0.0,-0.2154765167315457,11.493,False
-3.0549688489665523,-0.0,-6.109937697933105,-0.0,1341.0749995463357,0.0,-0.1812620008877448,4.556,False
-3.176951371230427,-0.0,-6.353902742460854,-0.0,1394.6230778008899,0.0,-0.12754238927808798,4.556,False
-2.8973445946621945,-0.0,-5.794689189324389,-0.0,1271.8808580606649,0.0,-0.09330613074890372,4.556,False
-2.3294276488687338,-0.0,-4.6588552977374675,-0.0,1022.575789670208,0.0,-0.038160949954656555,4.556,False
-2.671886265896629,-0.0,-5.343772531793258,-0.0,1172.9088085586604,0.0,-0.001666919048605923,4.556,False
-3.175150669441177,-0.0,-6.350301338882354,-0.0,1393.8326029153543,0.0,0.015698315839311378,4.556,False
-0.0,-0.0,-0.0,-0.0,0.0,0.0,0.0036424420478269512,4.556,False
-0.0,-0.0,-0.0,-0.0,0.0,0.0,-0.09000877008689488,4.556,False
-0.0,-0.0,-0.0,-0.0,0.0,0.0,-0.18537369037098553,4.556,False
-0.0,-0.0,-0.0,-0.0,0.0,0.0,-0.12222039549723114,4.556,False
-0.0,-0.0,-0.0,-0.0,0.0,0.0,-0.0013801739569391975,4.556,False
-0.0,-1.875936135478145,-0.0,-0.1500748908382516,0.0,0.1500748908382516,0.15021070670277936,4.556,False
-0.0,-5.745180462765147,-0.0,-0.45961443702121174,0.0,0.45961443702121174,0.31669489188667654,4.556,False
-0.0,-6.978325400465205,-0.0,-0.5582660320372164,0.0,0.5582660320372164,0.45161352662909793,4.556,False
-0.0,-5.993581082818477,-0.0,-0.47948648662547816,0.0,0.47948648662547816,0.4710596016844075,4.556,False
-0.0,-5.535564140005557,-0.0,-0.4428451312004446,0.0,0.4428451312004446,0.4974574867354926,4.556,False
-0.0,-6.1868946621128895,-0.0,-0.49495157296903114,0.0,0.49495157296903114,0.6002345959043119,4.556,False
-0.0,-11.495670542837551,-0.0,-0.9196536434270041,0.0,0.9196536434270041,0.7028873705984697,4.556,False
-0.0,-18.568252635502212,-0.0,-1.4854602108401769,0.0,1.4854602108401769,0.7780815977962444,4.556,False
-0.0,-20.316826536307588,-0.0,-1.625346122904607,0.0,1.625346122904607,0.7615838859106727,11.493,False
-0.0,-10.44052623056721,-0.0,-0.8352420984453768,0.0,0.8352420984453768,0.5511050549089539,11.493,False
-0.0,-0.39023897145743,-0.0,-0.0312191177165944,0.0,0.0312191177165944,0.24194575154453501,11.493,False
-7.970387617500409,-0.0,-15.940775235000817,-0.0,1386.9986282955554,0.0,-0.0036219460690616137,11.493,False
-8.470034644066446,-0.0,-16.940069288132893,-0.0,1473.9466882565814,0.0,-0.14506349361639603,11.493,False
-3.27615483708087,-0.0,-6.55230967416174,-0.0,1438.1715702725503,0.0,-0.15593665088134304,4.556,False
-3.1311454187227574,-0.0,-6.262290837445515,-0.0,1374.5151091847047,0.0,-0.08540177917567533,4.556,False
-3.16015749712538,-0.0,-6.32031499425076,-0.0,1387.2508767012205,0.0,-0.03575389571397266,4.556,False
-0.0,-0.0,-0.0,-0.0,0.0,0.0,-0.01459418850536994,4.556,False
-0.0,-0.0,-0.0,-0.0,0.0,0.0,-0.05376046125348936,4.556,False
-0.0,-0.0,-0.0,-0.0,0.0,0.0,-0.15161737467419822,4.556,False
-0.0,-0.0,-0.0,-0.0,0.0,0.0,-0.29203255486642055,4.556,False
-0.0,-0.0,-0.0,-0.0,0.0,0.0,-0.40253154790021983,4.556,False
-3.4291961375254365,-1.5104843093473328,-6.858392275050873,-0.12083874474778662,1505.353879510727,0.12083874474778662,-0.4564313085192196,4.556,False
-3.3316343023204826,-0.0,-6.663268604640965,-0.0,1462.5260326253215,0.0,-0.21205253951046765,4.556,False
-0.45536233760894124,-3.2894323887708126,-0.9107246752178825,-0.263154591101665,199.89567059216031,0.263154591101665,0.22207027325329542,4.556,False
-0.0,-10.929621241406727,-0.0,-0.8743696993125382,0.0,0.8743696993125382,0.3976879074892346,4.556,False
-0.0,-15.530150200196408,-0.0,-1.2424120160157126,0.0,1.2424120160157126,0.5445267314745786,4.556,False
-0.0,-16.96863818926004,-0.0,-1.3574910551408033,0.0,1.3574910551408033,0.6240120759218838,4.556,False
-0.0,-14.437143291880938,-0.0,-1.154971463350475,0.0,1.154971463350475,0.6185459380365149,4.556,False
-0.0,-13.355854315761546,-0.0,-1.0684683452609236,0.0,1.0684683452609236,0.6446441134124,4.556,False
-0.0,-13.053117955431576,-0.0,-1.044249436434526,0.0,1.044249436434526,0.7393982129823149,4.556,False
-0.0,-18.597334671076478,-0.0,-1.4877867736861183,0.0,1.4877867736861183,0.8407688209457431,4.556,False
-0.0,-25.089683640801514,-0.0,-2.007174691264121,0.0,2.007174691264121,0.8915841289102313,4.556,False
-0.0,-27.02946943790931,-0.0,-2.1623575550327447,0.0,2.1623575550327447,0.8659148079950282,11.493,False
-7.2814937728036035,-16.360610095337613,-14.562987545607207,-1.308848807627009,1267.1180323333513,1.308848807627009,0.6721573894318507,11.493,False
-8.022266982486627,-2.6343087652650525,-16.044533964973255,-0.2107447012212042,1396.0266218544552,0.2107447012212042,0.4113808439716788,11.493,False
-0.0,-0.0,-0.0,-0.0,0.0,0.0,0.17952210285764628,11.493,False
-0.0,-0.0,-0.0,-0.0,0.0,0.0,0.07604341252083735,11.493,False
-0.0,-0.0,-0.0,-0.0,0.0,0.0,-0.09327228268315668,4.556,False
-0.023575246988505414,-0.1071874541407141,-0.04715049397701083,-0.008574996331257127,10.349098765805714,0.008574996331257127,-0.25423120116530035,4.556,False
-0.0,-1.20701536287431,-0.0,-0.09656122902994481,0.0,0.09656122902994481,-0.35898692934183485,4.556,False
-1.1390187525414246,-3.671156821767628,-2.278037505082849,-0.29369254574141024,500.00823201994064,0.29369254574141024,-0.45250687816621643,4.556,False
-0.0,-4.830673698724164,-0.0,-0.3864538958979331,0.0,0.3864538958979331,-0.5080951264494428,4.556,False
-0.0,-7.196196718238654,-0.0,-0.5756957374590923,0.0,0.5756957374590923,-0.5832459319097443,4.556,False
-2.7357436643506126,-8.28979200396351,-5.471487328701225,-0.6631833603170809,1200.9410291266956,0.6631833603170809,-0.6306163061682032,4.556,False
-3.1564013772281094,-3.681297053353293,-6.312802754456219,-0.29450376426826347,1385.6020093187487,0.29450376426826347,-0.5668745030586007,4.556,False
-3.2214740223337675,-0.0,-6.442948044667535,-0.0,1414.167700761092,0.0,-0.40005651827642735,4.556,False
-3.005833856552036,-0.0,-6.011667713104072,-0.0,1319.5056437893047,0.0,-0.043248113365367526,4.556,False
-0.0,-4.340882702580147,-0.0,-0.34727061620641175,0.0,0.34727061620641175,0.31296443785860234,4.556,False
-0.0,-15.149805399029786,-0.0,-1.211984431922383,0.0,1.211984431922383,0.5552608762369825,4.556,False
-0.0,-25.446656042230686,-0.0,-2.035732483378455,0.0,2.035732483378455,0.7464219349248952,4.556,False
-0.0,-25.36178395666246,-0.0,-2.0289427165329967,0.0,2.0289427165329967,0.8256404583705009,4.556,False
-0.0,-21.80603200543411,-0.0,-1.7444825604347287,0.0,1.7444825604347287,0.8270451017560229,4.556,False
-0.0,-22.620875693847044,-0.0,-1.8096700555077634,0.0,1.8096700555077634,0.8873720382909919,4.556,False
-0.0,-25.454363606046083,-0.0,-2.0363490884836866,0.0,2.0363490884836866,0.9569918068695876,4.556,False
-0.0,-34.746438863444965,-0.0,-2.779715109075597,0.0,2.779715109075597,1.0733757599330755,4.556,False
-0.0,-38.81855556331939,-0.0,-3.105484445065551,0.0,3.105484445065551,1.0932012414432284,4.556,False
-0.0,-31.909838585760586,-0.0,-2.552787086860847,0.0,2.552787086860847,0.9950648937535632,4.556,False
-0.0,-17.220059087858612,-0.0,-1.377604727028689,0.0,1.377604727028689,0.7621518181557532,4.556,False
-0.0,-4.446124718526969,-0.0,-0.35568997748215747,0.0,0.35568997748215747,0.48679574736813286,4.556,False
-0.0,-0.0,-0.0,-0.0,0.0,0.0,0.268153356023695,4.556,False
-0.26230265924691837,-0.0,-0.5246053184938367,-0.0,115.14603127608356,0.0,0.10215713919747416,4.556,False
-1.9533733690292883,-0.0,-3.9067467380585765,-0.0,857.4948942183004,0.0,-0.05770504253333727,4.556,False
-3.304269378078077,-0.0,-6.608538756156154,-0.0,1450.5133354161883,0.0,-0.11825606130734796,4.556,False
-3.327763526881864,-0.0,-6.655527053763728,-0.0,1460.8268335741282,0.0,-0.13010610117064458,4.556,False
-0.0,-0.0,-0.0,-0.0,0.0,0.0,-0.09286710565396576,4.556,False
-0.0,-0.0,-0.0,-0.0,0.0,0.0,-0.12150271047311656,4.556,False
-0.0,-0.0,-0.0,-0.0,0.0,0.0,-0.18979911536606778,4.556,False
-0.0,-0.0,-0.0,-0.0,0.0,0.0,-0.2702475353872555,4.556,False
-0.0,-0.35848073823318904,-0.0,-0.028678459058655126,0.0,0.028678459058655126,-0.35932714810622013,4.556,False
-0.0,-0.9133028659014145,-0.0,-0.07306422927211316,0.0,0.07306422927211316,-0.40108735189342326,4.556,False
-0.0,-0.4686216476394229,-0.0,-0.03748973181115383,0.0,0.03748973181115383,-0.2320790347145393,4.556,False
-0.0,-0.0,-0.0,-0.0,0.0,0.0,-0.04376865170424743,4.556,False
-0.0,-1.8353064494298588,-0.0,-0.1468245159543887,0.0,0.1468245159543887,0.1640404735707184,4.556,False
-0.0,-5.9698341052753765,-0.0,-0.47758672842203015,0.0,0.47758672842203015,0.374288507520894,4.556,False
-0.0,-8.323103952120078,-0.0,-0.6658483161696063,0.0,0.6658483161696063,0.4977781999691297,4.556,False
-0.0,-10.384792044579605,-0.0,-0.8307833635663684,0.0,0.8307833635663684,0.5821854232734928,4.556,False
-0.0,-9.890357764395633,-0.0,-0.7912286211516506,0.0,0.7912286211516506,0.605281084945956,4.556,False
-0.0,-2.9927690954915884,-0.0,-0.23942152763932706,0.0,0.23942152763932706,0.45978864865050845,4.556,False
-0.0,-3.917354678487983,-0.0,-0.31338837427903865,0.0,0.31338837427903865,0.5189864432274415,4.556,False
-0.0,-4.317479035878073,-0.0,-0.3453983228702458,0.0,0.3453983228702458,0.5609103756318987,4.556,False
-0.0,-4.636765095212008,-0.0,-0.3709412076169606,0.0,0.3709412076169606,0.5423637513512293,4.556,False
-0.0,-1.3483509352172816,-0.0,-0.10786807481738252,0.0,0.10786807481738252,0.39977298567675495,4.556,False
-0.0,-0.0,-0.0,-0.0,0.0,0.0,0.13274113404416957,4.556,False
-0.3069801959979238,-0.0,-0.6139603919958476,-0.0,134.75864617994898,0.0,-0.04625042152675074,4.556,False
-0.8744158170552361,-0.0,-1.7488316341104722,-0.0,383.85242188552945,0.0,-0.18859959931783768,4.556,False
-3.3283709910225947,-0.0,-6.656741982045189,-0.0,1461.0934991319555,0.0,-0.25615549201460514,4.556,False
-3.3437514158726676,-0.0,-6.687502831745335,-0.0,1467.845222068774,0.0,-0.28622536109909075,4.556,False
-3.1250204642612407,-0.0,-6.250040928522481,-0.0,1371.8263671032662,0.0,-0.19414859109502303,4.556,False
-0.0,-0.0,-0.0,-0.0,0.0,0.0,-0.09889211251154313,4.556,False
-0.0,-0.0,-0.0,-0.0,0.0,0.0,-0.09783560808624932,4.556,False
-0.0,-0.0,-0.0,-0.0,0.0,0.0,-0.13873909917523478,4.556,False
-0.0,-0.0,-0.0,-0.0,0.0,0.0,-0.2018729568295221,4.556,False
-0.0,-0.0,-0.0,-0.0,0.0,0.0,-0.28700106364052613,4.556,False
-0.0,-0.0,-0.0,-0.0,0.0,0.0,-0.34123408149783824,4.556,False
-0.0,-0.0,-0.0,-0.0,0.0,0.0,-0.2654985087708237,4.556,False
-0.0,-0.0,-0.0,-0.0,0.0,0.0,-0.056504252907605336,4.556,False
-0.0,-3.2379028602428916,-0.0,-0.25903222881943133,0.0,0.25903222881943133,0.16371307996821274,4.556,False
-0.0,-9.038622570099891,-0.0,-0.7230898056079913,0.0,0.7230898056079913,0.3525888565386773,4.556,False
-0.0,-9.492297959211578,-0.0,-0.7593838367369263,0.0,0.7593838367369263,0.4699385739322192,4.556,False
-0.0,-8.953064705960116,-0.0,-0.7162451764768093,0.0,0.7162451764768093,0.5063885027485979,4.556,False
-0.0,-9.556497431624694,-0.0,-0.7645197945299755,0.0,0.7645197945299755,0.5598371164214025,4.556,False
-0.0,-10.102362381852323,-0.0,-0.8081889905481859,0.0,0.8081889905481859,0.6652559497115754,4.556,False
-0.0,-15.143293194756541,-0.0,-1.2114634555805233,0.0,1.2114634555805233,0.7835836495039713,4.556,False
-0.0,-22.278917840980345,-0.0,-1.7823134272784276,0.0,1.7823134272784276,0.8443344603247086,4.556,False
-0.0,-23.108982896381374,-0.0,-1.84871863171051,0.0,1.84871863171051,0.8125651451861763,11.493,False
-0.0,-13.386593746653752,-0.0,-1.0709274997323002,0.0,1.0709274997323002,0.6367741475541766,11.493,False
-0.0,-2.798289717747665,-0.0,-0.22386317741981318,0.0,0.22386317741981318,0.3337354205589344,11.493,False
-7.252831184406016,-0.0,-14.505662368812033,-0.0,1262.130198278259,0.0,0.1583785687959566,11.493,False
-1.3470419643612357,-0.0,-2.6940839287224714,-0.0,234.4108525817864,0.0,0.026109049523328414,11.493,False
-3.251435022122269,-0.0,-6.502870044244538,-0.0,1427.3200272705308,0.0,-0.061010721274645165,4.556,False
-3.3315979093254104,-0.0,-6.663195818650821,-0.0,1462.5100567714708,0.0,-0.08836251725395701,4.556,False
-2.8256267617181594,-0.0,-5.651253523436319,-0.0,1240.3980516761014,0.0,-0.030787493836649027,4.556,False
-0.0,-0.0,-0.0,-0.0,0.0,0.0,0.016562147292382146,4.556,False
-0.0,-0.0,-0.0,-0.0,0.0,0.0,-0.01156401176306913,4.556,False
-0.0,-0.0,-0.0,-0.0,0.0,0.0,-0.07947214920213297,4.556,False
-0.0,-0.0,-0.0,-0.0,0.0,0.0,-0.174076220040475,4.556,False
-0.0,-0.987456147914333,-0.0,-0.07899649183314664,0.0,0.07899649183314664,-0.27161177670585657,4.556,False
-0.0,-1.4983196216486834,-0.0,-0.11986556973189468,0.0,0.11986556973189468,-0.3268186124536006,4.556,False
-0.0,-0.8269724148625642,-0.0,-0.06615779318900514,0.0,0.06615779318900514,-0.22652703198104684,4.556,False
-0.0,-0.0842450080258393,-0.0,-0.006739600642067144,0.0,0.006739600642067144,-0.005939459030258905,4.556,False
-0.0,-7.059277614800749,-0.0,-0.5647422091840599,0.0,0.5647422091840599,0.20810438618556548,4.556,False
-0.0,-13.45392050641549,-0.0,-1.0763136405132392,0.0,1.0763136405132392,0.40204341441186764,4.556,False
-0.0,-13.588485683266313,-0.0,-1.087078854661305,0.0,1.087078854661305,0.5114970382270897,4.556,False
-0.0,-13.130010719047197,-0.0,-1.0504008575237758,0.0,1.0504008575237758,0.5615079598676291,4.556,False
-0.0,-12.673395129830203,-0.0,-1.0138716103864163,0.0,1.0138716103864163,0.6024679842595533,4.556,False
-0.0,-12.498171670273798,-0.0,-0.9998537336219039,0.0,0.9998537336219039,0.6955984816156217,4.556,False
-0.0,-15.719667146674954,-0.0,-1.2575733717339963,0.0,1.2575733717339963,0.7980812397189893,4.556,False
-0.0,-21.731163950947767,-0.0,-1.7384931160758215,0.0,1.7384931160758215,0.85845663029883,4.556,False
-0.0,-22.71108233531513,-0.0,-1.8168865868252104,0.0,1.8168865868252104,0.8264605618556008,11.493,False
-0.0,-13.217598190807085,-0.0,-1.0574078552645667,0.0,1.0574078552645667,0.6490550763140536,11.493,False
-0.0,-2.519693066392239,-0.0,-0.2015754453113791,0.0,0.2015754453113791,0.347634689106533,11.493,False
-2.000364368157177,-0.0,-4.000728736314354,-0.0,348.10134310574733,0.0,0.1414779771189255,11.493,False
-1.6288951104939613,-0.0,-3.2577902209879226,-0.0,283.45864621838706,0.0,0.011295201402693763,11.493,False
-0.4560425566980724,-0.0,-0.9120851133961448,-0.0,200.1942742309361,0.0,-0.11531948644822672,4.556,False
-3.27915677900021,-0.0,-6.55831355800042,-0.0,1439.4893674276602,0.0,-0.2160581514395403,4.556,False
-3.1600136323950068,-0.0,-6.3200272647900135,-0.0,1387.187722737053,0.0,-0.2612518033471434,4.556,False
-1.5277432901974475,-0.0,-3.055486580394895,-0.0,670.6511370489234,0.0,-0.21370489533788117,4.556,False
-0.0,-0.0,-0.0,-0.0,0.0,0.0,-0.19729520962612637,4.556,False
-0.0,-0.0,-0.0,-0.0,0.0,0.0,-0.24635228258892253,4.556,False
-0.0,-0.0,-0.0,-0.0,0.0,0.0,-0.3317010961568369,4.556,False
-0.0,-0.3434655139901723,-0.0,-0.027477241119213784,0.0,0.027477241119213784,-0.3985438358146142,4.556,False
-0.0,-0.9722726545408686,-0.0,-0.07778181236326949,0.0,0.07778181236326949,-0.43985932662280525,4.556,False
-0.0,-0.5638869110027482,-0.0,-0.04511095288021986,0.0,0.04511095288021986,-0.317997227013721,4.556,False
-0.0,-0.0,-0.0,-0.0,0.0,0.0,-0.12432987242133157,4.556,False
-0.0,-0.7799245177035594,-0.0,-0.062393961416284754,0.0,0.062393961416284754,0.07567165455353893,4.556,False
-0.0,-5.091694323948546,-0.0,-0.40733554591588367,0.0,0.40733554591588367,0.2637960991536906,4.556,False
-0.0,-5.618893367419925,-0.0,-0.449511469393594,0.0,0.449511469393594,0.3720916142205141,4.556,False
-0.0,-5.493018737126251,-0.0,-0.43944149897010004,0.0,0.43944149897010004,0.4200976243440227,4.556,False
-0.0,-5.40460481711548,-0.0,-0.43236838536923844,0.0,0.43236838536923844,0.4457378162691435,4.556,False
-0.0,-6.733566844261368,-0.0,-0.5386853475409095,0.0,0.5386853475409095,0.5377387453950985,4.556,False
-0.0,-9.185008426555408,-0.0,-0.7348006741244326,0.0,0.7348006741244326,0.6341672858943296,4.556,False
-0.0,-13.637495605597444,-0.0,-1.0909996484477955,0.0,1.0909996484477955,0.6679248139644302,4.556,False
-0.0,-14.058388619921411,-0.0,-1.1246710895937129,0.0,1.1246710895937129,0.6323641837748838,11.493,False
