month,day_of_month,hour,lozaradiante_zonanorth_heating_rate,lozaradiante_zonasouth_heating_rate,lozaradiante_zonaeast_heating_rate,lozaradiante_zonawest_heating_rate,outdoor_temperature,outdoor_humidity,north_perimeter_air_temperature,south_perimeter_air_temperature,east_perimeter_air_temperature,west_perimeter_air_temperature,north_perimeter_air_humidity,south_perimeter_air_humidity,east_perimeter_air_humidity,west_perimeter_air_humidity,heat_pump_power,total_electricity_HVAC
-1.4870020819092342,0.6660294225562785,-1.661321825510052,0.3610674119025025,93.20517645940468,-0.12251152556884312,-0.08650406643478924,1.273151276509427,-0.6360609129106687,0.8320053362360871,1.94214429416869,0.8818143668507838,0.9756295788669808,0.40078397463198234,0.23057323873133911,0.6599857341217339,0.6489311228692404,0.7990566804785995,0.7692971205953154
-1.486999829461575,0.6660289690132284,-1.516856559924247,0.834423483444274,-0.010729012767476629,0.23418710409782562,0.2677631319546552,1.2130160614553116,-0.5406387951588484,0.8076434822129206,1.9021738542550994,0.8548259234326322,0.9480604629514927,0.4007837552085146,0.2557964174455707,0.6698488768245228,0.6588946541740708,0.7260426801310469,0.6955830752491685
-1.4869975770241513,0.6660285154711049,-1.3723918781416558,-0.706992693818558,-0.010729007705861115,-0.6699401641541467,-0.8990069581765199,1.167914495481343,-0.46746401092593487,0.7863796607924873,1.8082887631363194,0.8403838682308996,0.9241990019026083,0.40078353578540604,0.3159013803233166,0.6750455751766317,0.667525037988429,-1.4356008935642823,-1.4867886856395902
-1.4869953245969636,0.6660280619299078,-1.2279276706513211,-0.7069921936247514,-0.010729002644252765,-0.9405853839362008,-0.8990061913599197,1.12281304226845,-0.3928837267484893,0.7317820906929517,1.7127698168891135,0.7449981345948606,0.7967785001763878,0.4007833163626588,0.37803542835093557,0.7108302458225005,0.7150022906580895,-1.4355988207122439,-1.48678643396449
-1.486993072180011,0.6660276083896374,-1.0834638393213367,-0.7069916934320065,-0.010728997582651579,-0.940584547719253,-0.8990054245452815,1.0927448722209663,-0.34236383522134833,0.6334670234128493,1.5646112039233928,0.5435545235814081,0.5712616279804676,0.4007830969402705,0.4764969513630912,0.7880591971164432,0.8010390643108548,-1.4355967478691842,-1.4867841822996202
-1.4869908197732944,0.6660271548502936,-0.939000297398373,-0.6782704121996228,-0.010728992521057554,-0.9405837115045353,-0.8990046577326057,1.1228107111698737,-0.39288335342334285,0.46651896303603535,1.4459339957704476,0.19177055651574712,0.2980914996885033,0.4007828775182436,0.5571469486315535,0.9278778425320006,0.9085772282604009,-1.4355946750351032,-1.48678193064498
-1.4869885673768126,0.666026701311876,-0.7945369695072969,-0.690539485672998,-0.010728987459470693,-0.9405828752920479,-0.899003890921892,1.2280432558062522,-0.5647202071287312,0.34404484265275015,1.3326528564291253,0.01529088487337056,0.07481482241354397,0.4007826580965781,0.6356817645602303,1.000363694374319,0.9992342035846227,-1.4355926022100012,-1.48677967900057
-1.4869863149905667,0.6660262477743852,-0.6500737916508762,-0.7069902564124885,-0.010728982397890998,-0.9405820390817909,-0.8990031241131404,1.4836094983063046,-0.9516916191477778,0.29790721744900983,1.2523939334193839,-0.1485308091448464,-0.10410944833143175,0.4007824386752716,0.692273657750558,1.0692168426244182,1.0738042683234896,-1.4355905293938778,-1.48677742736639
-1.4869840626145556,0.6660257942378207,-0.5056107112095536,-0.7069897562239152,-0.010728977336318465,-0.919861994693474,-0.8990023573063509,1.7692413976675712,-1.3381095115997033,0.26261076204939804,1.2163579101270636,-0.26978588331637327,-0.22223479638538268,0.4007822192543264,0.7179706640006507,1.1211936634140283,1.1240372653550972,-1.4355884565867332,-1.4867751757424397
-1.4869818102487797,0.6660253407021829,-0.36114768694128224,-0.6588596540665695,-0.010728972274753097,-0.9405804033175857,-0.8990015905015237,2.0248049161437924,-1.647346250053143,0.2241502068545974,1.1873957402042268,-0.3618960367811835,-0.31540502162891054,0.40078199983374024,0.7388000770687873,1.1613562759963176,1.1643226622991478,-1.435586383788567,-1.4867729241287193
-1.486979557893239,0.6660248871674715,-0.21668468898140722,-0.5025745114160276,-0.010728967213194891,-0.82539012813144,-0.8990008236986587,2.2502992526387464,-1.894707792119844,0.19869756039038886,1.1709137636972133,-0.42771452421610406,-0.3846350806269056,0.4007817804135155,0.7507907155167225,1.1904917742116423,1.1947028697151285,-1.2014249106774049,-1.2503660658572124
-1.4869773055479334,0.6660244336336867,-0.07222169884258481,-0.7069885983004762,-0.01072896215164385,-0.9405789298390232,-0.8990000568977556,2.400625360365844,-2.0475395807473458,0.18676878761398888,1.1622142615003654,-0.46945781862941083,-0.437178194504313,0.40078156099364975,0.7572349324162565,1.2092528251233396,1.2180574211964095,-1.4355828772759152,-1.4867690977690915
-1.4869750532128625,0.6660239801008284,0.0722412905852745,-0.7069880981157456,-0.010728957090099973,-0.8879563396812332,-0.8989992900988147,2.5208832338849416,-2.1633430859784415,0.18143635154800503,1.160284046636725,-0.49713642520622525,-0.47093542688020795,0.40078134157414536,0.7588249213277445,1.2218822446921889,1.233285914275226,-1.4355808045025196,-1.4867668461836236
-1.4869728008880267,0.6660235265688966,0.21670427503505105,-0.7069875979320763,-0.010728952028563258,0.49665534103058395,-0.8989985233018359,2.59604028065384,-2.232947940474864,0.17510879464617735,1.160143941188603,-0.4882138996441928,-0.4990418321111128,0.40078112215500233,0.7591338646010579,1.2182787868694767,1.2460698867062747,-0.36881851553265893,-0.4097760788953881
-1.4869705485734257,0.6660230730378914,0.36116723886245883,-0.7069870977494689,-0.010728946967033706,0.24605097710991813,-0.8989977565068195,2.5960308031810997,-2.232941635369301,0.16689088254277154,1.1579383902174343,-0.37201568218632924,-0.5260088622453154,0.4007809027362184,0.7609310139968127,1.167439849015048,1.2583584179098288,-0.6235487150849507,-0.6669486323232247
-1.4869682962690591,0.6660226195078127,0.5056301550461011,-0.706986597567923,-0.01072894190551132,-0.9064202862598056,-0.8989969897137647,2.5058231048876785,-2.1491516014609693,0.15285695169202768,1.147385928948034,-0.12093447625917765,-0.5636398847242902,0.40078068331779576,0.7687353746611444,1.0596743477731219,1.2753735822246557,-1.435578794468012,-1.4867645517280728
-1.4869660439749273,0.6660221659786605,0.6500929851875463,-0.7069860973874387,-0.010728936843996095,-0.8658653386846502,-0.8989962229226723,2.385549902498128,-2.0326402700561736,0.13708737749074826,1.1332195394879923,-0.0749318655752812,-0.6004179299648308,0.4007804638997322,0.779072150534013,1.0403320355015353,1.2919129868866221,-1.435576721716271,-1.4867623001674664
-1.48696379169103,0.6660217124504346,0.7945556795114408,-0.6173611989774488,-0.010728931782488035,-0.9405773197127533,-0.898995456133542,2.235212360934664,-1.8788745436682563,0.11388179401795188,1.109393987004067,-0.10512210730395624,-0.6476153640918355,0.40078024448203003,0.7964821012739108,1.0531429117843463,1.3132252488320209,-1.4355746489735082,-1.4867600486170889
-1.4869615394173674,0.6660212589231354,0.939018176865666,-0.7069852211660271,-0.010728926720987138,-0.94057648352075,-0.8989946893463736,2.0097107175729443,-1.6299971120048473,0.08287894911787413,1.072319113960457,-0.19414394802311868,-0.7256351240031761,0.40078002506468685,0.8236163041590111,1.0909639293251003,1.3485846983669794,-1.4355725762397233,-1.486757797076941
-1.4869592871539388,0.6660208053967626,1.0834804047215547,-0.7069847209885812,-0.010728921659493405,-0.9405756473309768,-0.8989939225611674,1.8443426948678903,-1.432406134358756,0.047783704176273985,1.0314892429248883,-0.32325605137666097,-0.8011116176251578,0.40077980564770505,0.8536448125193751,1.146500655750241,1.3830311477240085,-1.4355705035149167,-1.486755545547022
-1.4869570349007448,0.6660203518713163,1.2279422791741768,-0.7069842208121971,-0.010728916598006835,-0.9405748111434336,-0.8989931557779232,1.7090418230352575,-1.260470209377856,0.008792828812933362,0.9887182547257536,-0.4641190911276235,-0.874324967707326,0.4007795862310846,0.8852836080652462,1.2080831511284997,1.416687053465423,-1.435568430799088,-1.4867532940273323
-1.486954782657785,0.6660198983467965,1.3724037049427047,-0.7069837206368744,-0.010728911536527427,-0.9405739749581206,-0.8989923889966411,1.5737416537516211,-1.078657475526273,-0.03351913506832258,0.9435528675887611,-0.6007026496078136,-0.9490486443890552,0.40077936681482323,0.9189124005816143,1.2688041922642421,1.4513100834281683,-1.435566358092237,-1.4867510425178714
-1.4869525304250593,0.666019444823203,1.5168645753708756,-0.7069832204626133,-0.010728906475055184,-0.9405731387750378,-0.8989916222173211,1.4685082199006867,-0.9300179677409347,-0.07666399989102723,0.8984251350996963,-0.7286842793677204,-1.0220746413573185,0.40077914739892323,0.9527463227944729,1.3266227359216698,1.4854251546162327,-1.435564285394364,-1.4867487910186392
-1.4869502782025676,0.6660189913005361,1.661324772427556,-0.7069827202894139,-0.010728901413590102,-0.9405723025941852,-0.7380781638457663,1.3632748834642687,-0.7747077908947981,-0.1203511136855404,0.8532284416134936,-0.8463439905996479,-1.0928970233858302,0.40077892798338227,0.9868728827840595,1.380576147739311,1.5187822074066388,-1.3457591854287885,-1.3960825212432426
0.3451950747782109,0.6660185377787955,-1.6613218255767752,-0.7069822201172761,-0.010728896352132186,2.77187251600024,-0.8989903521790288,-2.2372132587187554,1.1752406725843187,-0.3063202461333041,0.9301040869165104,-1.3700669750673005,-1.075959122423385,-10.540572571707628,-2.3214870348236754,-1.2269876832759448,-1.297257218938523,0.6461900399220549,-1.3960805791839517
0.3451948925454009,0.6660180842579815,-1.5168565600417303,-0.7069817199461998,-0.010728891290681435,0.45773303360787126,1.844529173590961,-2.2372069215139456,1.1752393525338594,-0.6414215789923651,0.4993711537328932,-1.1793716396827634,-2.0243985869662384,-8.986848031650482,-2.2067104869133494,-1.2589565307085957,-1.1333486082264377,0.7758823438685538,-1.3960786371327656
0.3451947103128798,0.666017630738094,-1.3723918782966809,-0.706981219776185,-0.010728886229237844,0.9566797243669124,1.3478967854631683,-2.2372005843629887,1.1752380324878482,-0.9486192075316912,0.13143398820532817,-1.078754141036779,-1.7966176319193108,-7.475920163363183,-2.1016849755501954,-1.2755109305492385,-1.1745233953323153,0.7311211113578616,-1.396076695089684
0.34519452808064705,0.6660171772191329,-1.2279276708331492,-0.7069807196072319,-0.01072888116780142,1.0477114794941549,1.2856952028179491,-2.237194247265883,1.175236712446285,-1.220540686653359,-0.18439904701758905,-0.9856677837922273,-1.519199607663009,-6.438872579471141,-2.006025169063404,-1.290637027558993,-1.2230923733967594,0.699644112300033,-1.3960747530547066
0.345194345848703,0.6660167237010984,-1.0834638395214513,-0.7069802194393401,-0.010728876106372154,1.0886363753661334,1.2450826204351069,-2.237187910222629,1.17523539240917,-1.4503521325826623,-0.44717838134206284,-0.8956447399690466,-1.2280915301904844,-5.069163790268398,-1.9223146094857346,-1.3050950681831905,-1.2722614075253968,0.6720566157236407,-1.3960728110278342
0.34519416361704774,0.6660162701839902,-0.9390002976102211,-0.70697971927251,-0.010728871044950055,1.1256423669108964,1.2362314693124685,-2.237181573233225,1.175234072376503,-1.648252544350235,-0.6712370655627156,-0.8061347372031784,-1.0420915050252337,-4.08547539852908,-1.8478271913888844,-1.3193065742566497,-1.30274646512837,0.6475337326310214,-1.396070869009066
0.34519398138568086,0.6660158166678085,-0.7945369697260324,-0.7069792191067416,-0.01072886598353512,1.1401936718776629,1.2222838554657942,-2.237175236297671,1.1752327523482837,-1.8151348709312525,-0.8434513847908799,-0.7188167532008694,-0.8504378769219666,-2.874140268502893,-1.7885437454212674,-1.3330145624777443,-1.3334224972685447,0.6269271259153184,-1.3960689269984021
0.3451937991546028,0.6660153631525533,-0.6500737918731021,-0.7069787189420346,-0.010728860922127346,1.1496551600430125,1.213284671053959,-2.2371688994159653,1.1752314323245128,-1.9608977847966516,-0.997531961384267,-0.6463426714553531,-0.7127367812930624,-1.7366789779391203,-1.7339514064854675,-1.3442765002658086,-1.355012303886387,0.6101970965606404,-1.3960669849958425
0.34519361692381306,0.6660149096382245,-0.5056107114330647,-0.7069782187783892,-0.010728855860726737,1.1559427209593334,1.207372891836468,-2.2371625625881078,1.1752301123051903,-2.0879183378649047,-1.1329073547492514,-0.5880070858384523,-0.6108932219284869,-0.6705204541982656,-1.6847410685439117,-1.3532657326076207,-1.370742012959434,0.5966256898965887,-1.396065043001387
0.34519343469331215,0.666014456124822,-0.36114768716480644,1.9226351188216697,-0.010728850799333289,-0.4090519956454059,-0.3586906585959167,-2.237156225814098,1.1752287922903148,-2.221437961018419,-1.2521553250395185,-0.6249284335288084,-0.6203097921655748,0.3857329548277033,-1.6404017066759407,-1.3475810412100435,-1.3692939863762932,0.9136049459354233,-1.396063101015036
0.3451932524630997,0.666014002612346,-0.21668468920434877,-0.7069786331880086,-0.010728845737947006,1.1510235467402095,1.1903459954181785,-2.237149889093934,1.175227472279888,-2.2019988796905303,-1.359448556539636,-0.852233517783712,-0.8338578418431376,0.4007604701914718,-1.5996952690924504,-1.3119977331589465,-1.336034410776423,0.6926212295165177,-1.396061159036789
0.34519307023317586,0.6660135491007966,-0.07222169906476684,1.742477884002891,-0.010728840676567887,-0.1988922016502986,-0.15655428358396367,-2.237143552427616,1.1752261522739087,-2.1679855390218967,-1.4430106258759352,-0.9396065683854816,-0.915042304090249,0.4007602507914713,-1.5674471995295693,-1.2980419068968616,-1.3231541940224798,0.9276395067234224,-1.396059217066646
0.34519288800354075,0.6660130955901736,0.07224129036386806,-0.706979097832846,-0.010728835615195928,1.0818974605829912,1.115378525645848,-2.2371372158151432,1.1752248322723768,-2.1086779324634413,-1.5223183662756457,-1.0822156112641037,-1.0531339701965923,0.4007600313918297,-1.5363925429430558,-1.2749269816650601,-1.3009433190804562,0.735398320328807,-1.3960572751046072
0.3451927057741942,0.666012642080477,0.21670427481453297,1.6220528060042085,-0.010728830553831135,-0.1385972452996155,-0.09966670490445968,-2.2371308792565143,1.1752235122752925,-2.081237566522996,-1.594384811330389,-1.1919731858786018,-1.1589678762069937,0.4007598119925494,-1.507788579355978,-1.256846505301517,-1.2836581405840155,0.9417275454111883,-1.3960553331506722
0.3451925235451363,0.6660121885717069,0.3611672386432962,1.2571495646019704,-0.010728825492473502,-0.013951274995022652,0.023463621709789096,-2.237124542751729,1.1752221922826562,-1.9879265844197866,-1.6689224471728656,-1.4350482720527578,-1.4005220209346372,0.40075959259363036,-1.477812742025509,-1.215888376600321,-1.2433362031023598,0.9750769363670123,-1.3960533912048412
0.3451923413163669,0.666011735063863,0.5056301548293722,-0.7069805764151845,-0.010728820431123035,1.158301992812788,1.1875754861285843,-2.2371182063007864,1.1752208722944681,-1.932917731124428,-1.7329031687172936,-1.6513473816047188,-1.617362622337773,0.40075937319507027,-1.4517604350704494,-1.1783485244346796,-1.206078511987816,0.7815568025769536,-1.3960514492671143
0.34519215908788625,0.6660112815569457,0.6500929849751997,-0.706980076253124,-0.010728815369779729,1.147882560655511,1.176488650390238,-2.237111869903686,1.1752195523107274,-1.9598495890197452,-1.7809624891782916,-1.6408149140090234,-1.6051405402937704,0.4007591537968715,-1.4319924549865384,-1.180198976482708,-1.208203649148603,0.716321998804192,-1.3960495073374908
0.345191976859694,0.6660108280509548,0.7945556793065518,-0.706979576092125,-0.010728810308443587,1.1620288085235468,1.1901314013648967,-2.237105533560427,1.1752182323314346,-2.0462561273003232,-1.824762568586922,-1.5517515452708095,-1.5129441813062767,0.4007589343990316,-1.413826692229882,-1.1957595022235101,-1.224142360778471,0.6780287412181478,-1.3960475654159712
0.3451917946317905,0.6660103745458902,0.9390181766726942,1.7450703063139814,-0.010728805247114608,-0.18795056277200614,-0.15104653769823265,-2.2370991972710077,1.1752169123565896,-2.1289278913074225,-1.8623131584556045,-1.47462069741297,-1.4331410357121968,0.400758715001553,-1.398137752531827,-1.2090915325616853,-1.2377893258854453,0.9361234013048005,-1.3960456235025553
0.34519161240417545,0.666009921041752,1.0834804045466022,-0.7069800401624873,-0.010728800185792791,1.0883229035301356,1.1165313749486916,-2.2370928610354284,1.1752155923861924,-2.136044994155638,-1.8954668929620568,-1.5051168182101535,-1.463483415672962,0.4007584956044335,-1.3841973563503873,-1.203833652047542,-1.232614207086047,0.7493000883586213,-1.3960436815972432
0.34519143017684917,0.6660094675385404,1.2279422790252448,-0.7069795400029464,-0.010728795124478137,1.1496652174676742,1.1773008719374352,-2.237086524853688,1.175214272420243,-2.167968127947465,-1.9253612020353057,-1.4993844215189698,-1.4570496499858159,0.4007582762076752,-1.371555334187627,-1.204821494700507,-1.233711118350573,0.6887845847367601,-1.3960417397000342
0.34519124794981126,0.6660090140362552,1.3724037048299522,-0.706979039844467,-0.010728790063170648,1.1654867865019716,1.1929252866062194,-2.237080188725786,1.1752129524587405,-2.241890010347207,-1.9516743671000347,-1.4310696271121783,-1.3868769580062552,0.4007580568112782,-1.3603706332707461,-1.216556683753383,-1.245633787478913,0.6566645926538484,-1.3960397978109294
0.3451910657230622,0.6660085605348962,1.5168645753068766,1.8362576545436018,-0.010728785001870321,-0.234242202772212,-0.19736039962834376,-2.2370738526517213,1.1752116325016857,-2.3044438330308576,-1.9743151458506947,-1.3760140127407259,-1.3303621105186463,0.4007578374152401,-1.3507040598626636,-1.2259389263696678,-1.2551592848294533,0.9322821203811378,-1.3960378559299274
0.34519088349660154,0.6660081070344639,1.6613247724275555,-0.7069794810345823,-0.010728779940577159,1.0846616492508732,1.1125574827069677,-2.2370675166314933,1.1752103125490787,-2.28848772975232,-1.9944930578944753,-1.431506915703391,-1.3868063891380613,0.40075761801956333,-1.3420550168385834,-1.216478332284753,-1.2456421126938206,0.7391258546340763,-1.3960359140570293
0.34519070127042967,0.6660076535349577,-1.661321825643495,1.6427099641627505,-0.010728774879291159,-0.14717487194964532,-0.11094006305757036,-2.237061180665101,1.1752089926009193,-2.27063698327764,-2.0134252811336464,-1.488827035728988,-1.4451758558042624,0.40075739862424553,-1.3339110434527488,-1.2066349417599225,-1.2357287997095745,0.9529508457784902,-1.3960339721922341
0.3451905190445462,0.666007200036378,-1.5168565601592083,-0.7069799641788229,-0.010728769818012322,1.088582183971644,1.1163967803516415,-2.2370548447525436,1.1752076726572074,-2.22711765932269,-2.0312272509249323,-1.5862235590369995,-1.5445104795903373,0.400757179229289,-1.3262276405643036,-1.1897430193000738,-1.2186907981783082,0.7642310056157111,-1.3960320303355427
0.3451903368189512,0.6660067465387248,-1.3723918784516989,1.5655493423831783,-0.010728764756740648,-0.10805447507112174,-0.07211415920445882,-2.23704850889382,1.1752063527179433,-2.208261845974712,-2.0478694476746773,-1.6459396466732858,-1.6054036228728,0.4007569598346937,-1.3190221105506628,-1.1792799317063662,-1.2081394726593941,0.9621764932629228,-1.396030088486954
0.345190154593645,0.6660062930419978,-1.2279276710149691,-0.7069804570818693,-0.010728759695476134,1.0915336674710803,1.1192997617047054,-2.237042173088931,1.1752050327831258,-2.1736110280197742,-2.0632832380196446,-1.7280954692155868,-1.6892297591211247,0.40075674044045745,-1.3123288129256054,-1.1647535034093495,-1.193481555660495,0.7776661274060757,-1.396028146646469
0.3451899723686272,0.6660058395461973,-1.0834638397215564,1.5234926618368632,-0.010728754634218787,-0.08633394175401224,-0.05055602488060636,-2.2370358373378747,1.1752037128527562,-2.1657331177609556,-2.0773788986755757,-1.7684297985962119,-1.7303706965333097,0.4007565210465825,-1.3061912537083071,-1.1575641363748919,-1.1862294874223644,0.9677690298367627,-1.3960262048140868
0.3451897901438982,0.6660053860513231,-0.9390002978220591,1.2105448534917984,-0.0107287495729686,0.03830162576936002,0.0732265114016126,-2.23702950164065,1.1752023929268343,-2.115849343925875,-2.0903596826137822,-1.864082217068525,-1.8280187389112355,0.40075630165306647,-1.300524886678325,-1.1403665942601144,-1.1688672813991048,0.9957024517813914,-1.3960242629898076
0.34518960791945763,0.6660049325573754,-0.7945369699447579,1.100997280626263,-0.010728744511725577,0.09818460564595397,0.1326985739982878,-2.237023165997257,1.1752010730053597,-2.0375570191633803,-2.102866001442439,-2.0003642230759175,-1.967152862058054,0.4007560822599118,-1.2950528406479076,-1.1154937749994556,-1.1437548456206938,1.0070619063791613,-1.3960223211736316
0.3451894256953058,0.6660044790643539,-0.6500737920953179,-0.7069829083321751,-0.010728739450489718,1.0994942517711612,1.1271853002678687,-2.2370168304076943,1.1751997530883327,-1.983008996234182,-2.1150715721893096,-2.1073398829221763,-2.0763515695420467,0.40075586286711606,-1.2897002117634309,-1.0956589812837523,-1.1237318560018315,0.8328844755183898,-1.3960203793655586
0.3451892434714425,0.6660040255722588,-0.5056107116565653,-0.7069824081749149,-0.01072873438926102,1.142726454412432,1.1701205080982704,-2.237010494871961,1.1751984331757523,-2.0131405787105825,-2.1260299855921634,-2.0877273627590407,-2.0563117713340042,0.4007556434746816,-1.28488403372901,-1.0993134741537796,-1.1274248357684669,0.7549165963883994,-1.3960184375655882
0.3451890612478676,0.6660035720810901,-0.36114768738832004,-0.706981908018716,-0.010728729328039486,1.1595262983778032,1.1868040830465016,-2.237004159390057,1.1751971132676198,-2.1055591406065273,-2.134493434762065,-1.9721567676462401,-1.9383037187216494,0.4007554240826085,-1.281157054050279,-1.1206715020455862,-1.1489918246217956,0.7101720641417618,-1.396016495773721
0.3451888790245815,0.6660031185908477,-0.21668468942727998,-0.7069814078635788,-0.010728724266825113,1.1664206133367754,1.1936504825248924,-2.2369978239619814,1.1751957933639345,-2.221168486793784,-2.140140595629136,-1.816005073353355,-1.7788663936923383,0.4007552046908943,-1.2786656140353148,-1.1490260818806812,-1.1776224512067095,0.678616674071005,-1.3960145539899567
0.3451886968015838,0.6660026651015317,-0.07222169928693863,-0.7069809077095031,-0.010728719205617906,1.1674652979625568,1.1946868855927024,-2.236991488587733,1.1751944734646964,-2.352654280057765,-2.143276356462896,-1.587598221381598,-1.5456552461651927,0.40075498529954146,-1.2772791855342793,-1.189484277557641,-1.2184741518223567,0.6544125653350291,-1.3960126122142946
0.34518851457887495,0.666002211613142,0.07224129014247194,-0.7069804075564886,-0.010728714144417858,1.173640998813015,1.200819783442125,-2.2369851532673115,1.175193153569906,-2.449604925532702,-2.1444318495611654,-1.4692651614968748,-1.424834952931184,0.40075476590854764,-1.276765639910747,-1.209979749318688,-1.2391686049148498,0.635966365199604,-1.3960106704467354
0.3451883323564545,0.6660017581256789,0.21670427459402516,1.9330085260538803,-0.010728709083224975,-0.2826229155814492,-0.24552160877861906,-2.236978818000716,1.1751918336795624,-2.5094899774079553,-2.1449822175510986,-1.3923201565183043,-1.3462730115204808,0.40075454651791503,-1.2765188292976077,-1.22313942281869,-1.252456130694322,0.9324365632130845,-1.3960087286872789
0.3451881501343226,0.6660013046391421,0.3611672384241435,-0.7069808183981023,-0.010728704022039254,1.0809790313956331,1.1087879390814164,-2.2369724827879454,1.175190513793666,-2.4760495002692755,-2.1461208221679273,-1.4485595460090588,-1.403691704313607,0.4007543271276437,-1.276012455015128,-1.2135307561714064,-1.2427545586188777,0.7325985258673221,-1.3960067869359245
0.3451879679124794,0.6660008511535314,0.5056301546126537,-0.7069803182466089,-0.010728698960860698,1.1510518058750665,1.178383246407135,-2.2369661476289995,1.175189193912217,-2.466542667190038,-2.1484255440414635,-1.4708999680113146,-1.4265004984815473,0.4007541077377314,-1.274991403257447,-1.2096932783414616,-1.2388800253791246,0.6751738718554217,-1.3960048451926732
0.3451877856909247,0.6660003976688472,0.6500929847628633,-0.7069798180961768,-0.010728693899689303,1.1672003493319036,1.1944216968517383,-2.2369598125238768,1.1751878740352146,-2.5038141618649727,-2.1508034881461424,-1.4253292130946777,-1.3799717580241089,0.40075388834818043,-1.2739377236928253,-1.2175038302847436,-1.2467663508672515,0.6461214473984225,-1.396002903457524
0.3451876034696587,0.6659999441850893,0.7945556791016722,-0.7069793179468062,-0.010728688838525069,1.1727785019720451,1.1999617702913763,-2.2369534774725772,1.1751865541626594,-2.5641824925409176,-2.1523312651396735,-1.342883839740514,-1.2957949401110724,0.4007536689589884,-1.2732588086207575,-1.2315200765968854,-1.260918430756342,0.6266277411986518,-1.3960009617304774
0.34518742124868124,0.6659994907022578,0.9390181764797315,-0.7069788177984972,-0.010728683777367999,1.1757256753569196,1.2028885708754717,-2.2369471424751,1.1751852342945517,-2.6294577296473443,-2.1528309555115213,-1.2494435583849899,-1.2003922633929487,0.4007534495701577,-1.2730340092446932,-1.247226909214373,-1.2767775932723453,0.6121069430233814,-1.395999020011533
0.34518723902799225,0.6659990372203527,1.083480404371658,-0.7069783176512495,-0.010728678716218092,1.1776040529329832,1.2047540748233763,-2.2369408075314436,1.1751839144308915,-2.6913774727822233,-2.152520378519915,-1.158229190270012,-1.1072611853659158,0.40075323018168596,-1.2731671617423574,-1.2623791291881716,-1.2920766565738981,0.6007045186115979,-1.3959970783006912
0.34518705680759204,0.6659985837393739,1.2279422788763197,2.071301825693258,-0.010728673655075347,-0.35303935280104504,-0.31545916461138374,-2.2369344726416083,1.1751825945716774,-2.7133860425883976,-2.1519317920932757,-1.1236842230380548,-1.071990793617905,0.40075301079357556,-1.2734229269109538,-1.268070287519725,-1.2978229260808576,0.9207700263596709,-1.395995136597951
0.3451868745874803,0.6659981302593213,1.3724037047172053,1.5148649563245036,-0.010728668593939766,-0.13674754111656387,-0.10064199195585308,-2.236928137805593,1.175181274716911,-2.612108179719863,-2.152391602396369,-1.2652668516250822,-1.2165619440000222,0.40075279140582637,-1.2732156787452653,-1.244574898643859,-1.2740973147503554,0.9702138258688454,-1.3959931949033135
0.34518669236765703,0.6659976767801952,1.51686457524288,-0.7069796715834716,-0.010728663532811347,1.1581035379674727,1.1853861071902574,-2.236921803023397,1.1751799548665918,-2.4620343971250387,-2.156362402389102,-1.5501208273268834,-1.5073886190961896,0.4007525720184363,-1.2714572283689478,-1.195990327234181,-1.2250433406668166,0.7548903184421535,-1.395991253216778
0.3451865101481225,0.6659972233019953,1.6613247724275553,1.6072392067728896,-0.010728658471690088,-0.1284100483656246,-0.09236064761631971,-2.2369154682950185,1.1751786350207185,-2.393852130091726,-2.1609520768298998,-1.6323464592426713,-1.5913383780847885,0.4007523526314074,-1.2694236457768169,-1.1816298290612202,-1.2105440858685208,0.9642923188084377,-1.3959893115383446
0.3451863279288765,0.6659967698247217,-1.661321825710212,-0.7069801596968607,-0.010728653410575995,1.0893561226503912,1.1171067679652182,-2.2369091336204576,1.1751773151792928,-2.323728571825743,-2.1658143525012608,-1.7358821465499739,-1.6970478971306848,0.40075213324473763,-1.267267703627665,-1.163329948788615,-1.1920669358415896,0.7754725887007912,-1.395987369868013
0.345186145709919,0.6659963163483744,-1.516856560276681,-0.7069796595508621,-0.010728648349469063,1.1474461308366721,1.1748013703032725,-2.2369027989997137,1.1751759953423142,-2.3181268296858635,-2.1701546937172616,-1.7499001948535597,-1.711360628518005,0.4007519138584292,-1.2653411727896777,-1.1608317873703486,-1.1895444963950532,0.7094284881798838,-1.3959854282057833
0.34518596349124997,0.6659958628729534,-1.3723918786067102,1.704143772314381,-0.010728643288369295,-0.16979624984062958,-0.13346497030529106,-2.236896464432786,1.175174675509782,-2.3428665275538503,-2.1733147033439124,-1.721535812433496,-1.6823996880073275,0.4007516944724796,-1.263936494067956,-1.165876400805913,-1.1946380688904947,0.9565876047274472,-1.3959834865516558
0.3451857812728697,0.6659954093984587,-1.227927671196781,-0.7069801320725388,-0.01072863822727669,1.0885779288190869,1.1163335065591369,-2.2368901299196735,1.1751733556816972,-2.318518264243724,-2.175651012002618,-1.762540005021722,-1.7242653807533654,0.40075147508689146,-1.2628961972352257,-1.158573308639357,-1.1872641133554742,0.7671793763070178,-1.3959815449056296
0.3451855990547779,0.6659949559248904,-1.0834638399216527,-0.7069796319279883,-0.010728633166191246,1.1487518059967337,1.1760979949377506,-2.236883795460375,1.175172035858059,-2.3304170982327936,-2.177757990908532,-1.749921931968771,-1.7113825307713249,0.4007512557016622,-1.2619575040582511,-1.160822306258264,-1.189534858635215,0.7038631135699861,-1.3959796032677056
0.3451854168369746,0.6659945024522483,-0.9390002980338878,-0.706979131784499,-0.010728628105112964,1.1647111203442562,1.1919485018108098,-2.236877461054891,1.1751707160388676,-2.389422259213773,-2.1790209577675173,-1.667714510892527,-1.6274486632127043,0.4007510363167943,-1.2613925848767271,-1.1753955572312906,-1.2042493435369483,0.6698093856255619,-1.3959776616378832
0.3451852346194601,0.6659940489805326,-0.7945369701634734,-0.7069786316420713,-0.010728623044041846,1.1705776396711425,1.1977747583164282,-2.2368711267032197,1.175169396224123,-2.4691172648050586,-2.1789487115592587,-1.5516142147549787,-1.508911051216304,0.4007508169322878,-1.2614207076034052,-1.1957162727348645,-1.2247669068349967,0.6462450902511889,-1.3959757200161627
0.34518505240223407,0.6659935955097432,-0.6500737923175239,1.9062814505648369,-0.01072861798297789,-0.26944391009733215,-0.2324337639392156,-2.2368647924053606,1.1751680764138257,-2.52025535204411,-2.1778748747195973,-1.4742653946778035,-1.4299377881688022,0.40075059754814024,-1.2618930540738902,-1.2090858422453439,-1.2382660359244557,0.9378429205369556,-1.3959737784025434
0.3451848701852966,0.6659931420398801,-0.505610711880056,-0.7069790514860371,-0.010728612921921095,1.0817853425445936,1.1095869051552567,-2.236858458161313,1.1751667566079746,-2.484951605609627,-2.1770000616305616,-1.5233795960206107,-1.4800827557119642,0.400750378164354,-1.2622769004696193,-1.2006090646145786,-1.2297071198699614,0.7386854866897229,-1.395971836797026
0.34518468796864754,0.6659926885709433,-0.36114768761182386,-0.7069785513451196,-0.010728607860871462,1.1506838722157509,1.178016378888518,-2.2368521239710764,1.1751654368065707,-2.4752881560336077,-2.17710076908069,-1.5380198814791897,-1.4950318057670284,0.40075015878092674,-1.2622281406700715,-1.1980705301814596,-1.2271439129702078,0.6803198743451483,-1.3959698951996098
0.3451845057522873,0.6659922351029329,-0.21668468965020155,1.8097722508573892,-0.010728602799828992,-0.2235656492471166,-0.18686826952756605,-2.2368457898346494,1.1751641170096125,-2.4829778651495715,-2.1774787140106477,-1.529141548287558,-1.485966154041181,0.40074993939786085,-1.2620562740175718,-1.1996076438226597,-1.228695868163633,0.9477009573106003,-1.3959679536102951
0.34518432353621553,0.6659917816358487,-0.07222169950910065,-0.7069789997379801,-0.010728597738793687,1.0842359319887052,1.1120206487474351,-2.2368394557520315,1.1751627972171015,-2.4365899057497575,-2.1781085854256723,-1.5997991693392015,-1.5581081158090748,0.4007497200151539,-1.2617726722424785,-1.1873096906160245,-1.2162786248727744,0.7516179041603999,-1.3959660120290818
0.34518414132043224,0.6659913281696905,0.07224128992108535,-0.706978499598539,-0.010728592677765544,1.1495515916942598,1.176891659975633,-2.236833121723222,1.1751614774290378,-2.428090933204882,-2.1792545805815537,-1.6157085654249335,-1.574351905655831,0.4007495006328084,-1.2612599144405712,-1.1845237517551466,-1.2134656165438726,0.6906028278977125,-1.3959640704559697
0.34518395910493754,0.6659908747044588,0.21670427437352677,-0.706977999460159,-0.01072858761674456,1.1657779930148136,1.1930074314229602,-2.23682678774822,1.1751601576454198,-2.470317904882941,-2.1799783831097197,-1.5568906293421318,-1.5142987444984508,0.4007492812508217,-1.2609345377538448,-1.1947865649815468,-1.2238278678974681,0.6587659970213843,-1.395962128890959
0.3451837768897315,0.6659904212401534,0.3611672382050003,1.8697177095162711,-0.01072858255573074,-0.2517732599241098,-0.21488375577454752,-2.236820453827025,1.1751588378662492,-2.5063130276056644,-2.179837876386801,-1.5048255759224658,-1.4611413389596357,0.40074906186919645,-1.2609925731799372,-1.203806113330633,-1.2329347996258997,0.9420483974875012,-1.3959601873340495
0.345183594674814,0.6659899677767742,0.5056301543959445,-0.7069784308501997,-0.010728577494724082,1.0827953782775395,1.1105896886365263,-2.2368141199596367,1.1751575180915244,-2.4675218628524966,-2.1796433041602756,-1.56082103881513,-1.5183131801653968,0.40074884248793247,-1.2610748342748646,-1.1940993759627283,-1.2231338949747912,0.7441245278587238,-1.3959582457852413
0.3451834124601851,0.6659895143143214,0.6500929845505359,-0.7069779307133165,-0.010728572433724586,1.1502418252183522,1.1775769640863472,-2.2368077861460534,1.1751561983212466,-2.45861718654358,-2.1801075033634083,-1.57479874729522,-1.5325836589287878,0.4007486231070276,-1.2608646546849642,-1.1916642258536545,-1.2206750759450857,0.6847122853081651,-1.395956304244534
0.3451832302458446,0.6659890608527946,0.7945556788968017,-0.7069774305774947,-0.010728567372732253,1.166386213371109,1.1936114975801149,-2.236801452386275,1.1751548785554151,-2.498035698406452,-2.180377288828845,-1.5186336402237934,-1.475240071980098,0.40074840372648396,-1.2607407493400746,-1.2014141129550868,-1.2305194263469426,0.6540634879731877,-1.3959543627119277
0.34518304803179267,0.6659886073921942,0.939018176286777,1.8871822229771686,-0.010728562311747084,-0.26065949581299364,-0.22370956070480438,-2.2367951186802997,1.1751535587940303,-2.530229704134647,-2.179962229903311,-1.4710938003569032,-1.4267008212984822,0.4007481843462994,-1.260920903150708,-1.209611598060134,-1.238796323209847,0.9405125468088127,-1.3959524211874228
0.3451828658180294,0.6659881539325202,1.0834804041967208,-0.7069778565629906,-0.010728557250769074,1.082076494142067,1.1098754815688123,-2.236788785028128,1.1751522390370919,-2.487349844502517,-2.1796135114524473,-1.532687069419804,-1.489589103759773,0.4007479649664761,-1.2610713921586798,-1.1989771185252749,-1.2280585758295008,0.7415256395328971,-1.3959504796710183
0.3451826836045548,0.6659877004737724,1.227942278727401,-0.7069773564286717,-0.01072855218979823,1.1503744245057939,1.1777084335458694,-2.2367824514297587,1.1751509192846,-2.474875877159247,-2.180008686781369,-1.551754892476116,-1.509057658922494,0.40074774558701187,-1.260891865879636,-1.1956664880951005,-1.224715895814712,0.6824934160340203,-1.3959485381627148
0.3451825013913686,0.6659872470159509,1.3724037046044628,1.8039514460821169,-0.010728547128834543,-0.22067043542930265,-0.18399309691376473,-2.236776117885191,1.175149599536555,-2.48175512726851,-2.180489750938917,-1.5437098956795345,-1.5008428444094208,0.400747526207909,-1.2606740238213416,-1.1970617565528168,-1.2261246303558906,0.9487717080695991,-1.3959465966625122
0.3451823191784709,0.6659867935590555,1.5168645751788865,-0.7069778063428573,-0.010728542067878023,1.0844170018003823,1.1121998927941152,-2.236769784394424,1.1751482797929558,-2.435518600480553,-2.1810858450052883,-1.6133841542960108,-1.5719808396126689,0.4007473068291651,-1.2604052588077126,-1.1849126818554352,-1.2138578207319706,0.7528800837799933,-1.3959446551704102
0.3451821369658618,0.6659863401030864,1.6613247724275546,-0.706977306210013,-0.010728537006928662,1.14946712716669,1.1768071650536747,-2.2367634509574565,1.1751469600538031,-2.4273945780228288,-2.182116762331097,-1.6278038383528894,-1.5867036391710692,0.40074708745078247,-1.259943429901423,-1.1823833107813846,-1.2113037617433808,0.69166050816371,-1.395942713686409
0.3451819547535412,0.6659858866480435,-1.6613218257769267,-0.7069768060782299,-0.010728531945986464,1.1656871741663735,1.1929166220470089,-2.236757117574289,1.175145640319097,-2.469961353173657,-2.1826860013211515,-1.5675233625726173,-1.5251571787332683,0.4007468680727613,-1.259686532713769,-1.19291697404284,-1.2219393783071824,0.659651717690379,-1.3959407722105086
0.34518177254150934,0.6659854331939269,-1.516856560394149,-0.7069763059475084,-0.010728526885051428,1.1714995301886264,1.198689517600476,-2.2367507842449195,1.175144320588837,-2.536397339559978,-2.182140942891475,-1.4689850661011397,-1.4245503060813853,0.400746648695099,-1.2599242870636636,-1.2099615010629177,-1.2391491912844494,0.6378436918880372,-1.3959388307427087
0.34518159032976603,0.6659849797407367,-1.372391878761715,-0.7069758058178481,-0.010728521824123555,1.1746574408494461,1.201825835673778,-2.236744450969348,1.1751430008630235,-2.607424405998244,-2.1804838996894182,-1.3600766912446933,-1.3133544571782712,0.4007464293177982,-1.2606559497264764,-1.2285502960539323,-1.2579180267570014,0.6214813586105243,-1.395936889283009
0.34518140811831116,0.6659845262884725,-1.2279276713785852,-0.7069753056892495,-0.010728516763202845,1.1767057675088581,1.2038601296776534,-2.236738117747574,1.1751416811416562,-2.6743835495723256,-2.178036209730487,-1.2547568738949855,-1.2058225194823815,0.40074620994085636,-1.2617381421267428,-1.2462804250417654,-1.2758200833763305,0.6085872829311993,-1.3959349478314103
0.3451812259071449,0.6659840728371347,-1.0834638401217405,2.046959471050504,-0.010728511702289296,-0.3407296576605357,-0.3032342883430167,-2.236731784579595,1.1751403614247349,-2.7010493113551868,-2.1753880007736637,-1.2072652046428225,-1.1573334197823129,0.4007459905642758,-1.2629088294389383,-1.2541964124191576,-1.2838126390307147,0.9250460865459614,-1.3959330063879116
0.34518104369626706,0.665983619386723,-0.9390002982457075,-0.7069756727916824,-0.010728506641382907,1.0761489253086918,1.1039877135250362,-2.236725451465412,1.1751390417122605,-2.635970611893634,-2.173692287098415,-1.2980385575035018,-1.250012631911396,0.4007457711880543,-1.2636567986558036,-1.239019010490218,-1.2684881413527247,0.7178506481680514,-1.3959310649525134
0.34518086148567784,0.6659831659372376,-0.7945369703821796,-0.7069751726646558,-0.010728501580483683,1.151808864093455,1.179132497018733,-2.236719118405024,1.1751377220042314,-2.599519541032884,-2.173539942681177,-1.3519601765790161,-1.3050670802797557,0.40074555181219423,-1.2637202648490065,-1.2299184062142021,-1.2592991401868725,0.6625805922337079,-1.3959291235252156
0.34518067927537704,0.6659827124886782,-0.6500737925397199,1.8767816584846693,-0.010728496519591619,-0.2579757465071142,-0.221044471518996,-2.23671278539843,1.1751364023006494,-2.5842717353904003,-2.1739972713641285,-1.3765198417633822,-1.3301438625123183,0.4007453324366931,-1.2635132925591424,-1.2257513198076406,-1.2550915924523325,0.9416948627491654,-1.3959271821060177
0.34518049706536513,0.6659822590410452,-0.5056107121035366,1.407383000110367,-0.010728491458706718,-0.07519812374671031,-0.0395130604880289,-2.236706452445629,1.175135082601513,-2.4882469992070226,-2.175071552008105,-1.5138919379843585,-1.4704153439553045,0.40074511306155325,-1.263032669059549,-1.2022074438020536,-1.2313170560035835,0.9831494450600188,-1.3959252406949203
0.34518031485564166,0.6659818055943384,-0.3611476878353177,-0.7069766024989831,-0.010728486397828979,1.1586262808780234,1.1859031478074364,-2.23670011954662,1.1751337629068224,-2.3609779415909427,-2.1786255294897705,-1.7550361617660368,-1.716615819716654,0.4007448936867725,-1.2614517543453179,-1.159857507013784,-1.1885582181333116,0.7755974952255192,-1.395923299291923
0.3451801326462067,0.6659813521485578,-0.21668468987311282,-0.7069761023727477,-0.010728481336958404,1.149454108247124,1.1767938329537244,-2.2366937867014034,1.1751324432165782,-2.3393669509019035,-2.1819915898429314,-1.7704778273707216,-1.7323789696538285,0.4007446743123531,-1.259953162360137,-1.1570987872189267,-1.1857730186264241,0.7124094416803084,-1.395921357897026
0.34517995043706035,0.6659808987037034,-0.07222169973125243,-0.7069756022475735,-0.010728476276094988,1.1634973254028158,1.1907412890063913,-2.2366874539099775,1.1751311235307798,-2.3828411354549326,-2.1843583788828824,-1.7014411220578765,-1.6618923328545467,0.40074445493829275,-1.2588975592182667,-1.1693800288571017,-1.1981734746493522,0.6760576482133794,-1.3959194165102287
0.34517976822820245,0.6659804452597753,0.07224128969970932,-0.706975102123461,-0.010728471215238735,1.1697772003563784,1.1969785168457685,-2.2366811211723414,1.175129803849428,-2.457411363380982,-2.1848110244314536,-1.5878704497219673,-1.5459351813741558,0.4007442355645937,-1.2586923307569067,-1.1893483456714178,-1.2183353101344938,0.651074759211003,-1.3959174751315313
0.3451795860196331,0.6659799918167734,0.2167042741530389,-0.7069746020004096,-0.010728466154389644,1.1732800488953075,1.2004572041297676,-2.236674788488495,1.175128484172522,-2.5381899442901554,-2.183639425690086,-1.4639176136866472,-1.4193787935566449,0.40074401619125377,-1.2592086825008546,-1.2108108816488372,-1.24000595433883,0.6322828908790177,-1.3959155337609341
0.3451794038113523,0.6659795383746975,0.3611672379858677,-0.7069741018784197,-0.010728461093547715,1.1755864760824535,1.2027478396816054,-2.236668455858437,1.1751271645000623,-2.614748956408068,-2.181361239513883,-1.3442198720873417,-1.2971668532840879,0.4007437968182751,-1.2602164680637433,-1.2312140617825733,-1.2606068631838794,0.6174808573126128,-1.3959135923984367
0.34517922160336,0.665979084933548,0.5056301541792454,2.0114066883531914,-0.010728456032712948,-0.32258831294198903,-0.28521679577540976,-2.236662123282167,1.175125844832048,-2.6509889453130784,-2.1786862176062285,-1.2830276863724417,-1.234689423840181,0.4007435774456578,-1.2613997631863558,-1.2415231326289236,-1.271015806751873,0.9280249254133478,-1.395911651044039
0.34517903939565625,0.6659786314933246,0.6500929843382187,-0.706974483555363,-0.010728450971885342,1.0776496200296606,1.1054775787888178,-2.2366557907596842,1.1751245251684797,-2.5952781176609094,-2.176831387593328,-1.3600853083087685,-1.3133659082258806,0.40074335807339956,-1.2622186808539415,-1.228523970025562,-1.2578906713403248,0.7230197738713134,-1.3959097096977413
0.345178857188241,0.6659781780540275,0.794555678691941,1.7367927038849473,-0.0107284459110649,-0.19618428806513402,-0.15967449241453618,-2.2366494582909873,1.1751232055093581,-2.535844296054721,-2.176671354900117,-1.4450693836700803,-1.4001343256964058,0.4007431387015026,-1.2622853643972392,-1.2140378874613724,-1.243264096499157,0.9548761960558075,-1.3959077683595429
0.3451786749811143,0.6659777246156564,0.9390181760938319,-0.7069749494077368,-0.010728440850251618,1.084036060155121,1.111820424356118,-2.2366431258760766,1.1751218858546815,-2.454620992350365,-2.1778525753455233,-1.5701484418667546,-1.5278410459416416,0.4007429193299647,-1.2617572830754333,-1.1924275784446168,-1.2214442350432229,0.7576656023125922,-1.3959058270294442
0.3451784927742761,0.6659772711782116,1.0834804040217925,-0.7069744492876963,-0.010728435789445498,1.148414954923133,1.1757610132285146,-2.2366367935149496,1.1751205662044506,-2.4313697401072316,-2.1797803296482092,-1.611450194993859,-1.5700106228325763,0.4007426999587882,-1.260897460214266,-1.1852136412964427,-1.2141603060498534,0.6944219900444853,-1.3959038857074453
0.34517831056772647,0.665976817741693,1.22794227857849,1.7632256024373525,-0.010728430728646541,-0.20018117301440186,-0.16364417209586832,-2.2366304612076076,1.1751192465586662,-2.438522306385394,-2.1813457229272726,-1.6071836411940457,-1.565654668652873,0.40074248058797074,-1.2601983202393612,-1.1859585313289767,-1.214912464452324,0.9525617141319122,-1.3959019443935456
0.34517812836146533,0.6659763643061006,1.372403704491726,-0.7069749092239191,-0.010728425667854745,1.0859436872150543,1.1137149027749356,-2.2366241289540487,1.1751179269173273,-2.397475986328823,-2.1825802004700114,-1.671244636419353,-1.6310615954338323,0.4007422612175146,-1.2596460193999308,-1.1747002756819906,-1.2035449058729242,0.7589452116776658,-1.3959000030877458
0.3451779461554928,0.6659759108714343,1.5168645751148961,-0.7069744091053414,-0.01072842060707011,1.1490935049923074,1.1764347860416706,-2.236617796754272,1.1751166072804347,-2.3953516044806036,-2.1839170430251196,-1.6777156793323453,-1.6376688104915942,0.4007420418474176,-1.2590477409516445,-1.173556229799684,-1.2023897112395587,0.6967589487203572,-1.395898061790045
0.34517776394980876,0.665975457437694,1.6613247724275544,1.7531578552455307,-0.010728415546292638,-0.19476198911865653,-0.15826199732262083,-2.236611464608277,1.1751152876479876,-2.4144532798904703,-2.184807943910499,-1.653068564248894,-1.6125041769050483,0.4007418224776818,-1.2586477189089667,-1.1778999058855766,-1.2067755427592117,0.9536797762954689,-1.3958961205004439
0.3451775817444132,0.6659750040048802,-1.6613218258436373,-0.706974871348149,-0.010728410485522328,1.0865108222599715,1.114277804983673,-2.2366051325160634,1.175113968019986,-2.3806211849815546,-2.185458809722689,-1.7042528089061668,-1.664763874306465,0.40074160310830514,-1.258354488549606,-1.1688582202697906,-1.197646150105741,0.7609365108434964,-1.3958941792189419
0.34517739953930626,0.6659745505729924,-1.5168565605116109,-0.706974371231031,-0.010728405424759179,1.1490488500886573,1.1763902814945921,-2.2365988004776303,1.1751126483964307,-2.383034543291592,-2.1863155710881763,-1.7023639752143496,-1.6628366504005596,0.4007413837392898,-1.257969547817563,-1.1691909663842996,-1.197981956771175,0.6985568590923527,-1.3958922379455394
0.3451772173344878,0.6659740971420308,-1.3723918789167122,-0.7069738711149743,-0.010728400364003191,1.1651281240228375,1.1923599163874485,-2.236592468492976,1.175111328777321,-2.4338736644482397,-2.186607534670856,-1.6291340928769236,-1.5880676275006855,0.40074116437063356,-1.2578355163024764,-1.1821010175059339,-1.2110170963544442,0.6654257488212044,-1.3958902966802358
0.3451770351299579,0.6659736437119953,-1.2279276715603806,1.8463241735546272,-0.010728395303254366,-0.23985360794728156,-0.20304637135310466,-2.2365861365621007,1.175110009162656,-2.4769105814487444,-2.185976585073113,-1.5650617453188305,-1.5226505839021323,0.40074094500233864,-1.2581118371849458,-1.193296680038416,-1.2223212268891563,0.9446715066761028,-1.395888355423031
0.3451768529257166,0.6659731902828858,-1.0834638403218186,-0.706974309419539,-0.010728390242512702,1.0837440272450154,1.11152985891901,-2.2365798046850034,1.175108689552438,-2.444417065941673,-2.1852678054667076,-1.6100475859034555,-1.5685816629356506,0.40074072563440283,-1.2584227652332651,-1.1854426395804951,-1.2143909916920548,0.748121568049203,-1.3958864141739256
0.3451766707217637,0.6659727368547028,-0.939000298457517,1.6484726119916782,-0.0107283851817782,-0.1505677461285368,-0.11436922598940706,-2.236573472861683,1.175107369946665,-2.4116130507455096,-2.1854294100889375,-1.6561541737284542,-1.6156559991478912,0.40074050626682833,-1.258346577370637,-1.1773455295560478,-1.2062154387812853,0.9639529936090707,-1.3958844729329192
0.34517648851809946,0.6659722834274457,-0.7945369706008754,-0.7069747916507197,-0.010728380121050858,1.087872020111673,1.1156294254053123,-2.2365671410921393,1.1751060503453374,-2.3550607571227267,-2.1863843209821527,-1.7422878708133587,-1.7035993601932917,0.4007402868996129,-1.2579181300306168,-1.1620909009566174,-1.1908127722044957,0.7725223720189517,-1.3958825317000116
0.34517630631472374,0.6659718300011149,-0.6500737927619057,-0.7069742915365265,-0.01072837506033068,1.1477196743140365,1.1750698541966718,-2.236560809376371,1.175104730748455,-2.3516940833809845,-2.1877705763724355,-1.7511888394224246,-1.7126886096911011,0.40074006753275887,-1.2572976097829351,-1.1605030063810677,-1.1892093209255945,0.7071946221171013,-1.3958805904752034
0.34517612411163656,0.6659713765757103,-0.5056107123270073,-0.7069737914233944,-0.010728369999617663,1.1641386291511477,1.1913768537815246,-2.2365544777143778,1.175103411156019,-2.403113207740472,-2.1884440334506134,-1.678533413731575,-1.6385060925917734,0.4007398481662638,-1.2569940013492933,-1.1733933459838093,-1.2022246632763856,0.6721407298878518,-1.3958786492584934
0.3451759419088379,0.6659709231512317,-0.3611476880588014,1.822974623497309,-0.010728364938911805,-0.22803879750782635,-0.19131223097477756,-2.2365481461061587,1.1751020915680281,-2.4493627847432973,-2.187998654312962,-1.610515791548824,-1.5690598339664366,0.40073962880013014,-1.257188006599163,-1.1853514706820243,-1.2142987526126023,0.9470185617775808,-1.3958767080498826
0.3451757597063278,0.6659704697276791,-0.21668469009601418,-0.7069742362685244,-0.010728359878213111,1.0846591938463541,1.112438487293345,-2.2365418145517135,1.1751007719844826,-2.421298563808939,-2.1873220751606044,-1.6489760548564345,-1.6083282756910269,0.40073940943435554,-1.2574843518741567,-1.1785998975359127,-1.2074815667330465,0.75179590387942,-1.3958747668493705
0.3451755775041062,0.6659700163050528,-0.07222169995339446,-0.706973736156873,-0.010728354817521579,1.1498187964532898,1.1771544453197516,-2.2365354830510404,1.1750994524053833,-2.4215002178480627,-2.1872022312230417,-1.6475133470452925,-1.6068361177032071,0.40073919006894226,-1.2575337440100247,-1.1788552292648469,-1.2077393145828652,0.6912682384422377,-1.3958728256569566
0.3451753953021732,0.6659695628833526,0.07224128947834282,1.7727726784847027,-0.010728349756837207,-0.20471007767390098,-0.1681426130719902,-2.236529151604139,1.175098132830729,-2.438862850321231,-2.1870858391561785,-1.6224858062125527,-1.5812819950881172,0.4007389707038904,-1.2575811584044503,-1.1832488147575695,-1.2121755369313416,0.9520486123842771,-1.395870884472642
0.3451752131005288,0.6659691094625785,0.21670427393256073,-0.7069741938368512,-0.010728344696159998,1.0857238933485465,1.1134957815184203,-2.2365228202110092,1.1750968132605202,-2.4015986072360316,-2.1870660701979583,-1.6771021428957578,-1.6370459213300936,0.4007387513391976,-1.2575858071760944,-1.173636888655435,-1.2024703795731426,0.7581105911349751,-1.395868943296425
0.3451750308991729,0.6659686560427306,0.3611672377667445,1.615157610626922,-0.01072833963548995,-0.13354969382367535,-0.09746739573889253,-2.2365164888716493,1.1750954936947564,-2.3722871250279396,-2.187688146830021,-1.7199475592961337,-1.6807916608706923,0.40073853197486625,-1.257304940798635,-1.1660483689439785,-1.1948082434024394,0.9673222217545786,-1.3958670021283075
0.3451748486981055,0.6659682026238087,0.505630153962556,1.2665071013351803,-0.010728334574827064,0.0054661537711587615,0.04060050243139553,-2.2365101575860598,1.1750941741334389,-2.294696482428894,-2.1890088081925683,-1.8316934789518593,-1.7948989505973878,0.4007383126108938,-1.2567135930834046,-1.1460609068522782,-1.1746245172069358,0.9979127232218201,-1.395865060968288
0.3451746664973267,0.665967749205813,0.6500929841259107,1.1400135319886822,-0.010728329514171337,0.07498194292066657,0.1096426900981414,-2.2365038263542383,1.1750928545765662,-2.1889058730567212,-2.191509237322257,-1.9875020844277258,-1.9539904368249046,0.4007380932472829,-1.255597196203278,-1.1177058168953513,-1.14599280525255,1.0103720837114796,-1.3958631198163671
0.34517448429683617,0.6659672957887434,0.7945556784870891,-0.7069766496603834,-0.010728324453522774,1.0969756202070635,1.1246711534086373,-2.236497495176185,1.1750915350241387,-2.110876869675331,-2.1950065308995503,-2.111445624648026,-2.0805286643666916,0.4007378738840309,-1.2540368331441893,-1.0947364042706609,-1.1228025111064615,0.8311017042615918,-1.3958611786725446
0.3451743020966342,0.6659668423726,0.9390181759008951,1.379331226408677,-0.010728319392881373,-0.013577867570449138,0.021687160087335546,-2.2364911640518996,1.1750902154761564,-2.0979492110875855,-2.198489606199173,-2.139917561567768,-2.109608467188328,0.40073765452114035,-1.252481418691008,-1.0894059512457184,-1.1174184110487875,0.9896480765815168,-1.39585923753682
0.34517411989672075,0.6659663889573826,1.0834804038468713,1.124679052286484,-0.010728314332247134,0.08774384567423117,0.12231810149431083,-2.2364848329813802,1.1750888959326196,-2.062793358530138,-2.2013147065938057,-2.1951539130119664,-2.1660107787176845,0.4007374351586088,-1.2512184451628738,-1.0790101670774839,-1.106920630568015,1.0118417684625998,-1.3958572964091935
0.3451739376970959,0.6659659355430914,1.2279422784295848,-0.7069781223139203,-0.010728309271620053,1.0995787886444155,1.1272573477184062,-2.2364785019646267,1.1750875763935282,-2.0277962147338564,-2.203910881764362,-2.2523439936006038,-2.2243911536577508,0.40073721579643873,-1.2500568268946934,-1.0681674510921861,-1.0959751196628775,0.8373378529557834,-1.3958553552896658
0.34517375549775964,0.6659654821297263,1.3724037043789936,-0.7069776222024052,-0.010728304211000135,1.1429718803792095,1.1703548927266216,-2.236472171001638,1.1750862568588818,-2.0641243276640022,-2.2059836712041876,-2.203822498298123,-2.1748433412359516,0.4007369964346277,-1.2491280733122316,-1.077367527778,-1.1052657166947197,0.7596103906534053,-1.3958534141782357
0.3451735732987119,0.6659650287172874,1.5168645750509082,-0.7069771220919514,-0.010728299150387378,1.1594829857425326,1.1867531943381533,-2.236465840092414,1.1750849373286805,-2.1569724527808742,-2.2064790738489846,-2.069891431175467,-2.0380968671026025,0.40073677707317806,-1.2489030972405994,-1.1024670112388002,-1.130608870571682,0.7146780876733675,-1.3958514730749039
0.34517339109995265,0.6659645753057742,1.6613247724275537,-0.706976621982559,-0.010728294089781782,1.167003821332602,1.1942227052592582,-2.236459509236953,1.1750836178029247,-2.2862734572785794,-2.204175166875747,-1.8312148233795875,-1.7944032474819518,0.40073655771208744,-1.2499264750731778,-1.1461308349823367,-1.1746964140694183,0.6820849638763813,-1.3958495319796702
0.345173208901482,0.6659641218951873,-1.6613218259103457,-0.7069761218742279,-0.010728289029183349,1.1675320933739282,1.1947470842575385,-2.236453178435255,1.1750822982816134,-2.40388995471737,-2.1995987907352816,-1.6120000414126308,-1.5705812988245635,0.4007363383513583,-1.2519618809331556,-1.1850632579037892,-1.214006368402023,0.6582747973392424,-1.395847590892534
0.34517302670329963,0.6659636684855266,-1.516856560629068,1.8621073623258144,-0.010728283968592076,-0.24659190281667082,-0.20973899103551777,-2.2364468476873185,1.1750809787647483,-2.4649056966164484,-2.195629781787016,-1.5497740449283066,-1.507048257618565,0.40073611899098815,-1.2537256095879648,-1.1959138015247668,-1.2249622407962848,0.9431572417420012,-1.3958456498134961
0.3451728445054059,0.6659632150767918,-1.3723918790717025,-0.7069765555358745,-0.010728278908007963,1.0834139724748135,1.1112012272143372,-2.236440516993144,1.175079659252328,-2.4412571746579066,-2.192422264863874,-1.59840011702452,-1.5566950583483168,0.40073589963097933,-1.2551489407314567,-1.1874389639230691,-1.2164051962989997,0.7462188655935923,-1.395843708742556
0.3451726623078007,0.6659627616689834,-1.2279276717421677,1.654004137443512,-0.010728273847431014,-0.1533721157006713,-0.1171548684545223,-2.2364341863527293,1.1750783397443525,-2.41171481032785,-2.1908887502469265,-1.645792398808218,-1.6050832061742422,0.4007356802713297,-1.2558272116942082,-1.179127621920589,-1.2080132332720468,0.9632143089369595,-1.3958417676797132
0.34517248011048407,0.6659623082621007,-1.0834638405218873,-0.7069770368791639,-0.010728268786861226,1.087664997145044,1.1154229857503941,-2.236427855766075,1.175077020240822,-2.356385914949212,-2.1906435087951137,-1.7329098341087286,-1.6940310901563482,0.40073546091204143,-1.255931980530134,-1.1637177291667267,-1.1924540221062545,0.7715160643824384,-1.3958398266249685
0.34517229791345594,0.6659618548561442,-0.9390002986693167,-0.7069765367727026,-0.0107282637262986,1.1477704607901773,1.1751192278944032,-2.236421525233179,1.1750757007417363,-2.3533167129180987,-2.191154353712175,-1.7430851234457347,-1.7044203974967769,0.4007352415531122,-1.255700559427389,-1.16190487489451,-1.190623538619699,0.7063529872427585,-1.3958378855783216
0.34517211571671635,0.6659614014511139,-0.794536970819561,1.7206901690256444,-0.010728258665743135,-0.17835873524545062,-0.1419713037796687,-2.2364151947540414,1.1750743812470958,-2.3763406270866962,-2.1913833882892026,-1.7141635787203293,-1.6748904527473922,0.4007350221945444,-1.2555944684957445,-1.1670442965202144,-1.1958128255503202,0.9568854192814067,-1.395835944539772
0.34517193352026515,0.6659609480470097,-0.6500737929840811,-0.7069770059792714,-0.010728253605194828,1.087763729102269,1.1155208936656094,-2.2364088643286606,1.1750730617569,-2.348397600297164,-2.1913957950187157,-1.7569884812855194,-1.7186163457257555,0.40073480283633556,-1.2555847851480832,-1.159422734193289,-1.1881173311582527,0.76602738049278,-1.3958340035093202
0.3451717513241025,0.6659604946438313,-0.5056107125504672,1.5865606993974957,-0.010728248544653686,-0.11874761030810921,-0.08276666381906611,-2.2364025339570373,1.175071742271149,-2.3287733499226553,-2.191819214738525,-1.786677166253257,-1.7489279645718494,0.4007345834784882,-1.2553921752699388,-1.1541137728814217,-1.1827569613049482,0.9699282172512937,-1.3958320624869656
0.34517156912822844,0.6659600412415791,-0.36114768828227467,-0.7069774965762463,-0.010728243484119703,1.0904847708784688,1.118223311371288,-2.2363962036391696,1.1750704227898439,-2.2869216561330203,-2.192631788780939,-1.8515129280849227,-1.8151261158921201,0.40073436412099994,-1.2550262801761023,-1.142450685516096,-1.1709807701525965,0.7825663136412259,-1.3958301214727087
0.3451713869326429,0.6659595878402532,-0.21668469031890492,-0.7069769964716017,-0.01072823842359288,1.1472211725628818,1.174573445343505,-2.236389873375057,1.1750691033129834,-2.2962808016419953,-2.193618805343929,-1.8411145594006306,-1.8045106044940196,0.4007341447638731,-1.254582766023127,-1.1443255664758847,-1.1728736613109771,0.7157812950121214,-1.395828180466549
0.34517120473734586,0.6659591344398531,-0.0722217001755257,1.687623723554466,-0.010728233363073221,-0.16139703256542565,-0.1251254293084914,-2.2363835431646986,1.1750677838405679,-2.3300470621507996,-2.19399658131668,-1.794888324903134,-1.7573124241827267,0.4007339254071053,-1.254410676431954,-1.1526366347583166,-1.1812653375084041,0.9602620645909893,-1.3958262394684868
0.3451710225423373,0.665958681040379,0.07224128925698685,-0.7069774720630384,-0.010728228302560722,1.0891747997725025,1.1169221151181299,-2.236377213008094,1.175066464372597,-2.3114742796258234,-2.1939733122353644,-1.8221362268478012,-1.7851330414090814,0.40073370605069886,-1.2544165697596152,-1.1477407215014215,-1.1763219135151508,0.7715486777237949,-1.3958242984785216
0.34517084034761714,0.6659582276418312,0.21670427371209294,-0.7069769719598379,-0.010728223242055383,1.1485000937207817,1.1758434960807,-2.236370882905242,1.175065144909071,-2.326963666513717,-2.1940577799682632,-1.799179510280953,-1.7616942884749232,0.40073348669465153,-1.254374753910738,-1.1518631830177966,-1.1804841694753236,0.7076225956438812,-1.395822357496654
0.3451706581531856,0.6659577742442092,0.36116723754763175,-0.7069764718576987,-0.010728218181557206,1.1644024662411263,1.1916376433519016,-2.2363645528561427,1.1750638254499894,-2.3881585791662188,-2.193567908321385,-1.7091840761025836,-1.669809423390344,0.4007332673389656,-1.2545887877585304,-1.167912370791964,-1.196688858934604,0.6730048472975328,-1.3958204165228834
0.34517047595904266,0.6659573208475135,0.5056301537458768,-0.7069759717566207,-0.010728213121066194,1.1702784419490442,1.19747350093785,-2.2363582228607943,1.175062505995353,-2.469155757648708,-2.1919531369373586,-1.5870117448099081,-1.5450705782265701,0.40073304798363873,-1.2553031488861721,-1.189404039179763,-1.2183886713475924,0.648951512319724,-1.3958184755572096
0.345170293765188,0.6659568674517437,0.6500929839136127,-0.7069754716566041,-0.010728208060582339,1.1735775879995598,1.2007500885427091,-2.2363518929191963,1.175061186545161,-2.551798529506438,-2.1892855576200536,-1.4589599366722301,-1.4143287013827646,0.400732828628671,-1.256485699989375,-1.2115694712034923,-1.240768989053495,0.6307171566199536,-1.3958165345996332
0.3451701115716219,0.6659564140568999,0.7945556782822467,-0.7069749715576488,-0.010728203000105645,1.17577284652149,1.2029303109436824,-2.236345563031348,1.175059867099414,-2.6280515544689105,-2.185913693722357,-1.3379290152286198,-1.290755184861528,0.4007326092740646,-1.2579807051446903,-1.2321861963166152,-1.2615853719189625,0.6162747508235654,-1.3958145936501536
0.3451699293783444,0.665955960662982,0.9390181757079672,2.0179926989500823,-0.010728197939636114,-0.3260103471975237,-0.28861685871593956,-2.236339233197249,1.175058547658111,-2.6629516669869076,-2.182419938696858,-1.276889258922834,-1.228433188767457,0.40073238991981736,-1.2595288532703135,-1.2424618873648332,-1.2719605950732527,0.9280418374949118,-1.3958126527087706
0.34516974718535554,0.6659555072699904,1.0834804036719583,1.481962818708614,-0.01072819287917374,-0.11779035059918876,-0.08181681278558205,-2.2363329034168986,1.1750572282212532,-2.5744055895305173,-2.1801285581028766,-1.392717119079752,-1.3467093368767855,0.40073217056593147,-1.260542308977201,-1.222888836905864,-1.2521953074032866,0.9756102058063268,-1.3958107117754848
0.3451695649926549,0.6659550538779248,1.2279422782806866,-0.7069763496260149,-0.01072818781871853,1.1582183599523088,1.1854949243741426,-2.2363265736902953,1.17505590878884,-2.4368137808314887,-2.181066188947571,-1.6445761106029935,-1.6038495232310788,0.4007319512124047,-1.2601217704469954,-1.179310060425114,-1.2081957986148477,0.7626586013049159,-1.3958087708502958
0.34516938280024284,0.6659546004867851,1.3724037042662671,-0.7069758495279114,-0.01072818275827048,1.150272831602129,1.1776039042111406,-2.236320244017439,1.1750545893608713,-2.404276932855143,-2.1831471067458175,-1.673007934864505,-1.632875787362302,0.4007317318592393,-1.2591932429842474,-1.174299492107939,-1.2031371423945245,0.7016692591814877,-1.3958068299332038
0.3451692006081194,0.6659541470965714,1.5168645749869234,-0.7069753494308694,-0.010728177697829595,1.16437837865417,1.1916132504812276,-2.236313914398328,1.175053269937347,-2.437216996146072,-2.1846831970223275,-1.617866624233658,-1.5765762084315413,0.400731512506433,-1.2585064770690233,-1.1839952171997694,-1.2129267829311485,0.6672167077176054,-1.3958048890242083
0.3451690184162843,0.665953693707284,1.6613247724275533,-0.7069748493348883,-0.010728172637395866,1.1705677115267112,1.1977603287726581,-2.236307584832963,1.1750519505182675,-2.503005991109668,-2.1846484939725435,-1.5167973009062075,-1.4733826186224728,0.4007312931539882,-1.2585177976442548,-1.201589970484001,-1.2306921169357683,0.6437967858037232,-1.3958029481233094
0.34516883622473765,0.6659532403189224,-1.6613218259770508,-0.7069743492399688,-0.0107281675769693,1.1739501846385152,1.2011196750005055,-2.2363012553213424,1.1750506311036324,-2.5762226537128354,-2.1831760532183133,-1.4037564968466165,-1.3579670489265374,0.4007310738019024,-1.2591678751580793,-1.2209994111560964,-1.2502896172724607,0.6262710678183239,-1.3958010072305072
0.3451686540334797,0.6659527869314867,-1.5168565607465196,1.9792457168360853,-0.010728162516549894,-0.30641502510920343,-0.26915526566824666,-2.2362949258634655,1.175049311693442,-2.614800116971795,-2.180952936073308,-1.3404831457534039,-1.2933645155822837,0.4007308544501781,-1.2601511721503658,-1.2317403027374672,-1.2611346555653888,0.9310847053219279,-1.3957990663458013
0.34516847184251004,0.6659523335449772,-1.3723918792266856,-0.7069747433531268,-0.010728157456137649,1.0788559482271816,1.1066727617887326,-2.236288596459331,1.175047992287696,-2.5641985148610367,-2.1792692762617434,-1.410371825633591,-1.3647217309751094,0.40073063509881274,-1.2608946852694878,-1.2198675818447762,-1.2491467980002793,0.7278024789755753,-1.395797125469192
0.34516828965182894,0.6659518801593935,-1.2279276719239467,-0.7069742432597474,-0.010728152395732568,1.1512396448310303,1.1785635360234992,-2.2362822671089395,1.1750466728863944,-2.5406803457562748,-2.1788661700812146,-1.4448472182770267,-1.3999216411585467,0.4007304157478089,-1.2610691492111687,-1.2139706482724846,-1.2431926475006514,0.6710840639028698,-1.3957951846006793
0.34516810746143645,0.6659514267747361,-1.0834638407219477,-0.7069737431674291,-0.010728147335334644,1.1675303567857926,1.1947433711123647,-2.2362759378122887,1.1750453534895373,-2.566944042549,-2.1787007718475837,-1.4082917385504388,-1.3625983205844576,0.4007301963971642,-1.261138554035495,-1.2202190288532913,-1.249501525524498,0.6427995811662854,-1.3957932437402627
0.3451679252713323,0.6659509733910045,-0.9390002988811071,-0.7069732430761722,-0.010728142274943881,1.1730931838303125,1.2002679942796437,-2.236269608569379,1.1750440340971249,-2.618473145742209,-2.177870954287631,-1.3323781553357499,-1.2850899670855724,0.4007299770468808,-1.2615028642260917,-1.2331028629872625,-1.262510167458842,0.6239818785014206,-1.3957913028879423
0.3451677430815167,0.665950520008199,-0.7945369710382371,-0.7069727429859763,-0.010728137214560281,1.1759899343363736,1.2031451452092914,-2.236263279380209,1.1750427147091569,-2.6765045575320845,-2.176191162418909,-1.2437313283269218,-1.194580823540719,0.4007297576969566,-1.2622439008740571,-1.2479899903900757,-1.2775415168175526,0.6100218854115141,-1.3957893620437185
0.3451675608919897,0.6659500666263194,-0.6500737932062466,2.0419648321575266,-0.01072813215418384,-0.33839426728373023,-0.30091674441701616,-2.236256950244778,1.175041395325633,-2.699352046161016,-2.1741191754465765,-1.2042692354714202,-1.1542897789393323,0.4007295383473937,-1.263158961620313,-1.2545618286693068,-1.284176983249116,0.9253388545725671,-1.3957874212075911
0.345167378702751,0.665949613245366,-0.5056107127739174,-0.7069731121676539,-0.01072812709381456,1.0762333142328886,1.1040676366785338,-2.2362506211630855,1.1750400759465538,-2.6330615877269645,-2.172813989754099,-1.2984202631314914,-1.2504180577438349,0.40072931899819003,-1.2637338773444757,-1.2388211775981406,-1.2682838148461397,0.7183217627323151,-1.3957854803795595
0.3451671965138009,0.6659491598653383,-0.3611476885057378,-0.7069726120790277,-0.01072812203345244,1.15170802875427,1.1790283535820447,-2.2362442921351304,1.1750387565719187,-2.5964246492355514,-2.172911258997093,-1.353617136794822,-1.30677585273869,0.4007290996493477,-1.2636865981355327,-1.229503373847657,-1.2588756386448643,0.6629322832840873,-1.395783539559624
0.34516701432513935,0.6659487064862367,-0.21668469054178582,1.8750406664516088,-0.010728116973097482,-0.2571508587628128,-0.22022725069309396,-2.236237963160913,1.175037437201728,-2.581379970110853,-2.1735226534432,-1.378531526232542,-1.3322138824876484,0.4007288803008645,-1.263411156907077,-1.2252748590575837,-1.2546060775021977,0.9417226882221702,-1.3957815987477844
0.3451668321367662,0.6659482531080613,-0.07222170039764744,-0.7069730418189086,-0.010728111912749685,1.0813445266365553,1.1091436502449898,-2.236231634240431,1.1750361178359816,-2.515524041528016,-2.174504779971603,-1.4792743379016515,-1.4350735359065108,0.40072866095274273,-1.2629713310311992,-1.208043328123436,-1.237207477494575,0.7414027254179112,-1.395779657944041
0.3451666499486817,0.6659477997308116,0.0722412890356407,1.6743676614628509,-0.010728106852409049,-0.16434622332193513,-0.12805534741409752,-2.2362253053736847,1.1750347984746798,-2.4619801867954,-2.176272844584926,-1.560911940266704,-1.518424502978971,0.40072844160498006,-1.2621827127282765,-1.1939145270127343,-1.2229417877748114,0.9611574604651237,-1.3957777171483934
0.34516646776088566,0.665947346354488,0.21670427349163487,-0.7069735197632622,-0.010728101792075574,1.0865080101686546,1.1142720824968175,-2.2362189765606724,1.175033479117822,-2.3918296971628035,-2.178597956190597,-1.6712968740049339,-1.631129958115168,0.40072822225757876,-1.2611469007252345,-1.1745726803821332,-1.203412423634631,0.7676627057168836,-1.3957757763608418
0.34516628557337803,0.6659468929790902,0.36116723732852873,1.5857371508159732,-0.010728096731749258,-0.11901219198314643,-0.08303042873493652,-2.236212647801395,1.1750321597654088,-2.3514708155541273,-2.181307967848725,-1.736746243242818,-1.697954702930315,0.4007280029105366,-1.2599392906075806,-1.1629729058060234,-1.191700275385464,0.9698129159752288,-1.3957738355813858
0.345166103386159,0.6659464396046185,0.5056301535292073,-0.70697401044724,-0.010728091671430105,1.090143692744361,1.1178826883024886,-2.23620631909585,1.1750308404174397,-2.299490329960744,-2.184033290619611,-1.8206775420823904,-1.7836497141386125,0.4007277835638536,-1.2587245154227573,-1.1479537122178793,-1.1765353554541695,0.7818861815707834,-1.3957718948100255
0.34516592119922823,0.6659459862310726,0.6500929837013241,-0.7069735103608569,-0.010728086611118112,1.147100498705491,1.174451908516348,-2.236199990444037,1.1750295210739148,-2.303632293340887,-2.1865193559931,-1.8207608485650755,-1.7837350364329672,0.4007275642175319,-1.2576152965029308,-1.147936767414194,-1.1765181904787638,0.7149723758516011,-1.3957699540467607
0.34516573901258607,0.6659455328584529,0.7945556780774136,-0.7069730102755348,-0.010728081550813279,1.1634328948187032,1.190673140199599,-2.2361936618459555,1.1750282017348344,-2.362321647060099,-2.18784565844324,-1.7385332826308453,-1.6997811042959912,0.4007273448715694,-1.2570217313322183,-1.1626491541898543,-1.1913730017656556,0.6785203774099419,-1.3957680132915922
0.34516555682623257,0.6659450794867592,0.9390181755150478,-0.7069725101912742,-0.010728076490515607,1.1695952598106056,1.1967934321694123,-2.2361873333016056,1.175026882400197,-2.444416412746311,-2.187556366214271,-1.6173434343486326,-1.5760451877156811,0.4007271255259684,-1.2571460243406043,-1.184050705755128,-1.21298191187289,0.6532484450835092,-1.3957660725445187
0.3451653746401674,0.6659446261159913,1.083480403497053,1.8835366475084785,-0.010728071430225094,-0.25802298598941925,-0.22109362122783535,-2.236181004810985,1.175025563070004,-2.4992302881591186,-2.186078969834216,-1.5326918160463605,-1.4896151768611623,0.40072690618072637,-1.2577985741153348,-1.1988017997470979,-1.2278759080280488,0.940903182948478,-1.3957641318055412
0.3451651924543908,0.6659441727461495,1.227942278131795,1.401080528693524,-0.010728066369941744,-0.07094628244215195,-0.03529281913635939,-2.236174676374094,1.175024243744255,-2.4389246185749434,-2.184871105178242,-1.6095737128840706,-1.5681262451120437,0.40072668683584584,-1.2583312320785274,-1.1854078165676092,-1.2143497004465944,0.9837756894464541,-1.3957621910746587
0.3451650102689025,0.6659437193772334,1.3724037041535448,-0.7069739377790554,-0.010728061309665554,1.0863266873317632,1.1140918227463774,-2.236168347990932,1.1750229244229504,-2.345024329925813,-2.1854218271747223,-1.7484031708170102,-1.7098666266908868,0.40072646749132446,-1.2580825033864336,-1.1608838971028965,-1.1895890104848479,0.7877449726697694,-1.3957602503518718
0.3451648280837029,0.6659432660092436,1.5168645749229408,-0.7069734376955881,-0.010728056249396522,1.1452612520887018,1.172625316930225,-2.2361620196614966,1.1750216051060896,-2.324485980169997,-2.1871732962150574,-1.783570773845229,-1.745769215432283,0.40072624814716445,-1.2572995860465654,-1.1546000788460977,-1.1832448776718,0.7173479787662721,-1.3957583096371804
0.3451646458987916,0.6659428126421795,1.6613247724275524,-0.7069729376131821,-0.010728051189134655,1.1626677154826708,1.1899130763921335,-2.236155691385789,1.1750202857936731,-2.3714084084274383,-2.188371530392797,-1.7196888174386458,-1.680544229024162,0.4007260288033636,-1.256762630458666,-1.1659881898898814,-1.194743620757562,0.6795542067631632,-1.395756368930584
0.3451644637141688,0.6659423592760414,-1.6613218260437523,-0.7069724375318373,-0.010728046128879946,1.1692706276632456,1.1964709124711572,-2.236149363163807,1.1750189664857007,-2.4479110652055343,-2.1881033233468856,-1.6079971780695503,-1.5665049966063678,0.4007258094599242,-1.2568777777430558,-1.1856765434205627,-1.2146227249640458,0.6537376906035074,0.6228641389782201
0.3451642815298344,0.6659419059108291,-1.5168565608639653,1.8819962752482087,-0.010728041068632399,-0.25732020173819803,-0.22039568074018942,-2.2361430349955516,1.1750176471821714,-2.500116029409834,-2.1866504750970273,-1.5281869088047109,-1.4850180243269608,0.4007255901168439,-1.257519450585864,-1.1995715643055564,-1.2286525624938422,0.9409323016848964,0.9127819978248777
0.3451640993457886,0.6659414525465429,-1.3723918793816612,-0.7069728651136451,-0.01072803600839201,1.0826097698466646,1.1103999432855034,-2.23613670688102,1.1750163278830863,-2.4680178694872166,-2.1852539966733535,-1.5709918660450122,-1.5287215418029454,0.400725370774125,-1.2581359076053185,-1.1921341321814394,-1.2211430975531188,0.7429266430387275,0.7128988598196917
0.3451639171620315,0.6659409991831826,-1.2279276721057166,-0.7069723650338008,-0.010728030948158785,1.1503677024362264,1.1776962288333896,-2.2361303788202127,1.1750150085884452,-2.4616582249043346,-2.184748502344624,-1.5788765807520402,-1.5367721442048434,0.40072515143176524,-1.2583566033945697,-1.1907582098307659,-1.2197537804327656,0.6839028503542945,0.6533153511062123
0.3451637349785626,0.6659405458207481,-1.083463840921998,1.7984064129089536,-0.010728025887932717,-0.21785817253918924,-0.18120284205450962,-2.236124050813128,1.1750136892982481,-2.4722724412279278,-2.1844925914907476,-1.5639019694568554,-1.52148206605194,0.40072493208976456,-1.2584660607513627,-1.1933649766058672,-1.222385857086578,0.9493433690488214,0.9212728486586802
0.34516355279538247,0.6659400924592397,-0.9390002990928874,-0.7069728163453816,-0.010728020827713812,1.084620919611653,1.11239701893002,-2.2361177228597664,1.1750123700124948,-2.4285080773781003,-2.184490861945462,-1.6288453080996579,-1.5877901895713458,0.40072471274812543,-1.2584627968687099,-1.1820136817444344,-1.21092449344985,0.7538453758466286,0.723921097227738
0.3451633706124905,0.6659396390986573,-0.7945369712569028,-0.70697231626701,-0.010728015767502068,1.149370053195048,1.1767052258976554,-2.236111394960126,1.1750110507311848,-2.422055736900984,-2.185023175744268,-1.6399706598341741,-1.5991495329418826,0.4007244934068453,-1.2582219786809505,-1.180058001803498,-1.2089498013155284,0.692509591578881,0.6620039003848088
0.3451631884298873,0.6659391857390007,-0.6500737934284019,-0.7069718161896995,-0.01072801070729748,1.16556342412431,1.192788375304379,-2.236105067114207,1.1750097314543189,-2.4657437052378928,-2.1851763261536523,-1.577386674420667,-1.5352518207774926,0.4007242740659267,-1.2581497481009867,-1.191010745373124,-1.2200085240106482,0.6603735330308343,0.629563259450444
0.34516300624757235,0.6659387323802699,-0.5056107129973572,-0.7069713161134502,-0.010728005647100056,1.1713733957961177,1.1985586738374627,-2.2360987393220078,1.1750084121818967,-2.5329685618769844,-2.1842751938160676,-1.477156032012421,-1.432915364161963,0.4007240547253672,-1.2585459518491584,-1.2083700142230343,-1.2375359642440176,0.6384484900589292,0.6074302056749258
0.34516282406554605,0.6659382790224649,-0.3611476887291909,1.9383281755594237,-0.010728000586909791,-0.28595634436180645,-0.24883693724306086,-2.236092411583528,1.1750070929139185,-2.573413551231729,-2.1825478978286963,-1.4132870084614197,-1.3677034841896074,0.40072383538516915,-1.2593092385629212,-1.2193148367871003,-1.248586899639286,0.9356782963471065,0.90747835050928
0.34516264188380813,0.6659378256655861,-0.21668469076465652,-0.7069717250743883,-0.010727995526726687,1.080308865839276,1.1081138428164532,-2.236086083898767,1.1750057736503843,-2.5284543632533873,-2.181154535831169,-1.475081959836442,-1.430797058504018,0.4007236160453302,-1.2599239590121452,-1.2087233869263754,-1.2378927440310439,0.7343354667413302,0.7042265018125943
0.3451624597023585,0.6659373723096332,-0.07222170061975865,-0.7069712249996615,-0.010727990466550744,1.1508091858602776,1.1781344675891576,-2.2360797562677237,1.175004454391293,-2.5108624555606283,-2.1808388478585905,-1.5000630239054897,-1.4563032255673962,0.40072339670585266,-1.2600601089233723,-1.2044167082665729,-1.233544267161094,0.6765602580195136,0.6459036390263866
0.3451622775211975,0.665936918954606,0.0722412888143048,-0.706970724925996,-0.010727985406381962,1.1670356630419345,1.1942500601302177,-2.236073428690397,1.1750031351366457,-2.5421783703384757,-2.180642774880208,-1.4549360806428626,-1.4102293192702837,0.4007231773667343,-1.2601431116088335,-1.2121814760184515,-1.2413841149585985,0.6473416642955171,0.6164079035736394
0.34516209534032477,0.665936465600505,0.21670427327118702,1.912502340813349,-0.010727980346220339,-0.2736882515865877,-0.2366526238746827,-2.236067101166787,1.1750018158864421,-2.5668709037319237,-2.1799467870215623,-1.4176341100965089,-1.3721427039484027,0.4007229580279774,-1.260447847457581,-1.21856551533341,-1.2478300667086972,0.9382445974176082,0.9100692635877246
0.34516191315974076,0.6659360122473297,0.3611672371094357,-0.7069711426861229,-0.010727975286065875,1.0809324524320971,1.1087331768140551,-2.2360607736968934,1.1750004966406824,-2.5170737542154655,-2.179437507061114,-1.4892836045435198,-1.4452979033955393,0.40072273868957964,-1.260669772280213,-1.2062706681544573,-1.2354160077501264,0.7376628835174308,0.7075858057994646
0.3451617309794451,0.6659355588950802,0.5056301533125475,-0.7069706426139694,-0.010727970225918572,1.150488532454177,1.1778155559364627,-2.2360544462807135,1.1749991773993655,-2.49889280756344,-2.179754011279423,-1.5167776243473174,-1.4733708831638763,0.400722519351541,-1.2605251072909485,-1.2015213974359693,-1.2306206505306487,0.6791666112210444,0.6485348911659431
0.34516154879943806,0.6659351055437567,0.6500929834890452,-0.7069701425428772,-0.01072796516577843,1.1667538243771782,1.1939699152000967,-2.236048118918248,1.1749978581624925,-2.5310485851843714,-2.179976970468897,-1.471283231022299,-1.4269207525756147,0.4007223000138638,-1.2604219713672777,-1.2093660991526587,-1.2385412061643155,0.6494155884025564,0.6185018011341448
0.3451613666197193,0.6659346521933592,0.7945556778725898,1.904942168540666,-0.010727960105645447,-0.269853058445164,-0.2328436823375691,-2.236041791609496,1.1749965389300632,-2.557165859046348,-2.179550884039756,-1.4323925838909688,-1.3872131176508353,0.4007220806765458,-1.26060706414813,-1.2160354195367142,-1.245275203023623,0.9389627661355091,0.9107944684384518
0.3451611844402892,0.6659341988438874,0.9390181753221376,-0.706970562794538,-0.010727955045519624,1.081233468297577,1.1090319206154928,-2.2360354643544564,1.1749952197020777,-2.5090156507273402,-2.179211442651082,-1.501771411232553,-1.4580499581462307,0.40072186133958915,-1.2607535940963408,-1.2041091945031073,-1.2332333403903835,0.7388188940017963,0.7087528219958553
0.3451610022611475,0.6659337454953416,1.0834804033221561,-0.7069700627249548,-0.010727949985400963,1.1504231248991574,1.1777503681846662,-2.236029137153129,1.1749939004785352,-2.4922988773274914,-2.1796310721167313,-1.5271156609949064,-1.483926959724402,0.40072164200299176,-1.2605631981491736,-1.1997248278997341,-1.2288063173191712,0.6801506776468906,0.6495281994283707
0.3451608200822941,0.6659332921477217,1.2279422779829106,1.8127995267814438,-0.01072794492528946,-0.22532146607359854,-0.18861579043408314,-2.236022810005512,1.1749925812594362,-2.4957429778254117,-2.180140405671882,-1.5239798758574017,-1.4807254928616767,0.4007214226667557,-1.2603327573526208,-1.200266018876814,-1.2293527988749275,0.9480065666481269,0.9199239153464441
0.3451606379037293,0.6659328388010276,1.3724037040408283,-0.7069705102809145,-0.010727939865185119,1.0839465575496483,1.111726369056125,-2.236016482911606,1.174991262044781,-2.4466260091219634,-2.1807578439298627,-1.5978295101871225,-1.55612711423301,0.4007212033308788,-1.2600543616330675,-1.1874170033632423,-1.2163790990050958,0.7514995612501596,0.721553761554909
0.34516045572545295,0.6659323854552595,1.5168645748589622,-0.7069700102128084,-0.010727934805087937,1.1494491648878291,1.1767828936364855,-2.236010155871409,1.1749899428345687,-2.4362429964973096,-2.181810779900182,-1.6155338585483208,-1.574203702115993,0.4007209839953634,-1.259582661180391,-1.1843170199653914,-1.2132490148490165,0.6904566635009778,0.6599321745006909
0.3451602735474652,0.6659319321104171,1.6613247724275524,-0.7069695101457633,-0.010727929744997915,1.1656993326874716,1.1929224476153597,-2.236003828884921,1.1749886236288003,-2.4770966232660823,-2.182397151370145,-1.5577002747279638,-1.5151550986850737,0.4007207646602072,-1.259317863311261,-1.194409638021883,-1.2234394845795888,0.6586310581963661,0.6278046989694195
-1.4871291639755588,-1.5496673610658243,-1.6613218261104505,-0.7069690100797793,-0.010727924684915053,1.2183450455984706,1.2452092611797758,0.8826254238094972,0.634235803935067,0.06308043773620592,1.3049702984533806,-0.5954712330987717,-0.5327071165366268,-2.0809526643689016,1.2325493301104846,1.757684051578106,1.7572622711612194,0.763428673092862,0.6278042861860758
-1.4871269115292682,-1.5496648750975865,-1.5168565609814058,-0.7069685100148566,-0.010727919624839353,-0.6613165197678641,-0.8991326633136547,0.817989710725534,0.7544025814548685,0.035825401784545255,1.2085030702014552,-0.4500524369925447,-0.40296404875851244,-1.2806321046608438,1.3089648050580467,1.683839111583519,1.6918968571409203,-1.4357516387661078,0.6278038734035462
-1.4871246590932126,-1.549662389141313,-1.37239187953663,-0.7069680099509952,-0.010727914564770812,-0.9407120736101935,-0.8991318964495124,0.7856718800336344,0.8144856226125955,-0.017178701673222194,1.1136170931463927,-0.37603215387054456,-0.3588947300419483,-0.07717962516127369,1.3844060798938373,1.6447087817861108,1.6676562491100522,-1.4357495658237307,0.6278034606218307
-1.4871224066673916,-1.5496599031970033,-1.227927672287479,-0.7069675098881947,-0.010727909504709433,-0.9407112373444763,-0.8991311295873323,0.7695125294841948,0.8144849836624446,-0.07011824270644462,1.018663085156063,-0.4375379009614736,-0.43623523499561084,0.4007232264085896,1.4587539820927806,1.6685882430063983,1.6990799545493747,-1.4357474928903322,0.6278030478409294
-1.4871201542518055,-1.5496574172646573,-1.0834638411220396,-0.7069670098264553,-0.010727904444655212,-0.9407104010809889,-0.8991303627271142,0.7533531967042787,0.8144843447137978,-0.12062393486526556,0.9401433855749213,-0.5519877846582726,-0.5717900117398953,0.4007230070729005,1.5180544393160174,1.7154432752988344,1.7561191969031402,-1.4357454199659125,0.6278026350608423
-1.487117901846454,-1.5496549313442747,-0.9390002993046582,-0.7069665097657771,-0.010727899384608152,-0.9407095648197321,-0.6600228657423154,0.7371938809496352,0.8144837057666547,-0.16883691224634872,0.8734023495343776,-0.6973835330682269,-0.7076927267487073,0.40072278773757275,1.5676982899832879,1.7782048618427375,1.8138007603723347,-1.4357433470504715,0.6278022222815696
-1.4871156494513371,-1.5496524454358558,-0.7945369714755584,-0.7069660097061601,-0.010727894324568252,-0.9407087285607056,-0.8991292126318057,0.7695108683668771,0.8144830668210158,-0.21096375953912838,0.818489785226717,-0.8263864075747717,-0.8001156392437553,0.40072256840260423,1.6099725984452353,1.838312810776607,1.8548609901250512,-1.4357412741440088,0.6278018095031112
-1.4871133970664545,-1.5496499595394,-0.6500737936505466,-0.7069655096476042,-0.01072788926453551,-0.940707892303909,-0.8991284457768541,0.7371927603038311,0.8745660666861947,-0.20944043407426352,0.8159083189118485,-0.9056632929925268,-0.8631527420635924,0.40072234906799487,1.6088525612289755,1.8760727714722956,1.883889388060988,-1.4357392012465249,0.6278013967254666
-1.4871111446918064,-1.5496474736549077,-0.5056107132207865,-0.7069650095901093,-0.010727884204509932,-0.9407070560493428,-0.6208300007531302,0.704874992503529,0.9346489752896868,-0.17327037147728222,0.8563351887350242,-0.9111677011839006,-0.8604241665013681,0.400722129733747,1.5711287909428688,1.8759042432867183,1.8794124247450341,-1.2810908676160104,0.6278009839486365
-1.487108892327392,-1.5496449877823788,-0.36114768895263333,-0.7069645095336756,-0.01072787914449151,0.5678219932229964,-0.8991273539424025,0.6079221498212223,1.174982608300237,-0.11642006241746654,0.9182450807841083,-0.8365756288786329,-0.8127182104936909,0.4007219103998582,1.510981401525964,1.8313531438546937,1.8489324613073022,-0.4920315422496093,0.6278005711726204
-1.4871066399732122,-1.549642501921813,-0.21668469098751691,0.3157970414254834,-0.010727874084480251,-0.9407070559929507,-0.1461875317344577,0.6240805387035846,1.1148977016623742,0.04420014364975345,1.0300384814320076,-0.5761584136965026,-0.6547740890970049,0.4007216910663309,1.4152257435047773,1.6971068724975504,1.766579828432536,-0.20795304263772985,0.6278001583974187
-1.4871043876292664,-1.5496400160732102,-0.07222170084185985,-0.7069646075119977,-0.010727869024476151,-0.9155437165296327,-0.8991268641843737,0.640238915481847,1.0548129303238876,0.13949586568400052,1.1157796152818529,-0.38469648079141916,-0.5159962251768766,0.40072147173316275,1.341347425234081,1.5987336962909677,1.693317773299332,-1.435735986612815,0.627799745623031
-1.4871021352955547,-1.5496375302365701,0.07224128859297897,-0.7069641074574529,-0.010727863964479209,-0.9407054279496558,-0.8489828896947167,0.6079209088388966,1.1749790455287752,0.21775533467429312,1.1640664491876227,-0.3338586821463536,-0.4349541499630603,0.40072125240035605,1.3009258036401203,1.5737561273998366,1.65324005432448,-1.4357339137430218,0.6277993328494574
-1.487099882972077,-1.5496350444118934,0.21670427305074938,-0.7069636074039691,-0.010727858904489431,-0.9407045917032812,-0.868833826578616,0.607920516178666,1.1749777263668517,0.2583087657121023,1.1932070979426,-0.3458383025850914,-0.39543113289848086,0.40072103306790857,1.2711024176009258,1.5758678263099588,1.6302650734906403,-1.4357318408822066,0.6277989200766982
-1.487097630658833,-1.549632558599179,0.36116723689035296,-0.6634726196961228,-0.010727853844506809,-0.9407037554591368,-0.8991246993945924,0.6725550137146082,0.9346421180524161,0.24869331623430654,1.1895599252758557,-0.4141894145293145,-0.4126206915894695,0.4007208137358202,1.2687179194927776,1.6026672907395116,1.6321448443916111,-1.4357297680303696,0.6277985073047531
-1.4870953783558227,-1.5496300727984273,0.5056301530958981,-0.7069626681932951,-0.010727848784531348,-0.9407029192172225,-0.8991239325527185,0.607919646166619,0.8144740807242163,0.1996368718299458,1.1476490262692636,-0.527504428220198,-0.4880863890622745,0.40072059440409324,1.2768109021298317,1.6215064982344445,1.631782376972526,-1.4357276951875106,0.6277980945336221
-1.4870931260630467,-1.549627587009638,0.6500929832767766,1.1139974575877483,-0.010727843724563048,-0.9407020829775382,0.6677519697888866,0.6079192535087553,0.8144734417981765,0.1367400025970733,1.0760135785991296,-0.6678847412447436,-0.5765549118755001,0.40072037507272557,1.300268804681755,1.642276699300687,1.6261138351712043,0.8761635945455405,0.6277976817633053
-1.487090873780504,-1.5496251012328113,0.7945556776677758,0.48195438771554194,-0.010727838664601905,0.3982076546355342,-0.8991240305152235,0.6079188608516526,0.8144728028736409,0.07492943938574956,0.9457110305264187,-0.8960379759008317,-0.6434658525583672,0.40072015574171926,1.3663306020180328,1.7055166899855851,1.6084990589143244,0.2495463607170548,0.6277972689938028
-1.487088621508195,-1.5496226154679469,0.9390181751292366,-0.7069638491016121,-0.010727833604647925,1.0272898042326013,1.1908646058943402,0.4463308729684919,0.8144721639506087,0.028405221913907642,0.7947552166661572,-0.9098432110938253,-0.6104894933919799,0.4007199364110721,1.4432992328644771,1.644278160778936,1.5255010688401507,0.7105498058428114,0.6277968562251144
-1.4870863692461196,-1.549620129715045,1.0834804031472676,1.6100450767674164,-0.010727828544701104,0.42981921740344264,-0.8991242096119196,0.4463306205410851,1.174973268942678,-0.05386272493180124,0.6709357559796573,-0.506473101673919,-0.5150625647924338,0.4007197170807866,1.5092962135626684,1.4189066836643112,1.4490211634386663,0.8009232298361146,0.6277964434572402
-1.4870841169942774,-1.549617643974105,1.2279422778340332,0.7742865081566928,-0.010727823484761442,0.09346956588707414,0.49047785892695606,0.4140126970376022,0.9346375368213624,-0.001977512245923544,0.5879717459931095,-0.2589298191389834,-0.45147240998501065,0.4007194977508601,1.5403148759836374,1.2663214288769666,1.379138918502767,0.7851120191783629,0.6277960306901801
-1.4870818647526682,-1.5496151582451274,1.3724037039281176,-0.7069652006549962,-0.01072781842482894,1.012907130463154,1.2034794835412075,0.4463301520229102,1.1749711383069554,0.059773795760573574,0.5454843929833406,-0.12743004600083255,-0.33103370557958245,0.40071927842129274,1.563939424458451,1.2091463672703726,1.3257329947957455,0.632819517908177,0.6277956179239342
-1.4870796125212928,-1.5496126725281112,1.5168645747949867,-0.706964700604469,-0.010727813364903598,-0.9407051789551439,1.1112619780927677,0.6079177410445773,0.8144681831608674,0.06435847852794493,0.5288298437814372,0.07248773657341562,0.08045516320926023,0.40071905909208694,1.558684080528069,1.1202879259674792,1.143020281964054,-0.4098436013685827,0.6277952051585025
-1.4870773603001508,-1.5496101868230572,1.6613247724275524,-0.7069642005550028,-0.010727808304985416,-0.8696865250292426,-0.8991261210090161,0.6402350445633977,0.7543838960055658,0.010030309520353624,0.519641755432404,0.07800929840068632,0.3217566094524843,0.4007188397632403,1.5590958508804191,1.1240450139645333,1.0473650992620391,-1.4357316599756107,0.627794792393885
-1.4870751080892415,-1.549607701129965,-1.661321826177146,-0.7069637005065977,-0.010727803245074392,-0.9407036305059736,-0.8991253541713554,0.8826164160822415,0.6342159943535649,-0.029212666871876954,0.5284450828701057,-0.01409108868521711,0.35565534306753205,0.40071862043475504,1.6047968450422456,1.2260770628536852,1.0942002945045848,-1.435729587143938,0.6277943796300817
-1.4870728558885653,-1.5496052154488347,-1.516856561098841,-0.7069632004592535,-0.01072779818517053,-0.9081588659834178,-0.8991245873356566,0.8179802890267249,0.7543829522304314,-0.08548974177071272,0.525924508869773,-0.24799241709106898,0.20591002904313513,0.40071840110662904,1.6234337574666793,1.366956045039239,1.1928085935030173,-1.4357275143212431,0.6277939668670925
-1.487070603698122,-1.5496027297796657,-1.3723918796915917,-0.7069627004129706,-0.010727793125273825,-0.9179980958985068,-0.8991238205019199,0.7856622513634159,0.8144660835904395,-0.15187391866953845,0.5121252726735331,-0.5151881133714787,-0.026055404469357182,0.40071818177886454,1.6556017511409629,1.5292667699626563,1.330936564017794,-1.4357254415075262,0.6277935541049174
-1.487068351517912,-1.5496002441224581,-1.2279276724692327,-0.6857400310339036,-0.010727788065384282,-0.9407012193370712,-0.8991230536701451,0.7695027973397821,0.8144654446823062,-0.24822431755767912,0.4976221806939969,-0.6605930911099593,-0.2790652685309568,0.4007179624514592,1.6871540738294986,1.6312036064088384,1.4772738028732275,-1.4357233687027873,0.6277931413435565
-1.487066099347934,-1.5495977584772123,-1.0834638413220723,-0.7069617301949346,-0.010727783005501899,-0.9407003831097821,-0.8991222868403325,0.7533433610849285,0.8144648057756765,-0.2857683256510273,0.4789917607765579,-0.9013525268224347,-0.5063963490669469,0.40071774312441294,1.71648250891946,1.770289578301446,1.6033610851198805,-1.4357212959070256,0.6277927285830096
-1.4870638471881892,-1.5495952728439273,-0.9390002995164194,-0.6905594673634471,-0.010727777945626675,-0.940699546884723,-0.8991215200124817,0.7371839418546212,0.81446416687055,-0.34872463203364573,0.46187488419352024,-1.0619173105031166,-0.7774539347606926,0.4007175237977283,1.7376609530509999,1.8598868145820318,1.743267066543611,-1.435719223120242,0.6277923158232771
-1.4870615950386774,-1.5495927872226039,-0.7945369716942045,-0.7069607532223862,-0.01072777288575861,-0.9406987106618936,-0.8991207531865929,0.7695011362980777,0.8144635279669276,-0.3656744989933266,0.4596242509305922,-1.1394714590397663,-0.8886371830774152,0.4007173044714027,1.7461441485056381,1.9086019283082518,1.8072748629346898,-1.4357171503424357,0.6277919030643585
-1.487059342899398,-1.5495903016132413,-0.6500737938726818,-0.7069602531813461,-0.010727767825897707,-0.9406978744412946,-0.8991199863626663,0.7371828212589892,0.8745466180425674,-0.34964989940387775,0.49735659363142315,-1.1891430915314445,-0.9603004001177153,0.4007170851454387,1.7210664895998493,1.9447622209608129,1.8536335940791115,-1.4357150775736072,0.6277914903062541
-1.4870570907703506,-1.54958781601584,-0.5056107134442062,-0.7069597531413669,-0.010727762766043961,-0.9406970382229255,-0.8991192195407016,0.704864846483213,0.9346296168623974,-0.30333244694669054,0.5726007122103023,-1.1867228411841826,-0.9993720490999956,0.40071686581983373,1.6630115503746046,1.9521903556146298,1.8823857682924447,-1.4357130048137559,0.6277910775489639
-1.487054838651536,-1.5495853304303995,-0.361147689176066,-0.7069592531024489,-0.010727757706197374,0.9394792754173645,0.9182731991163631,0.6079113828203079,1.1749636106110255,-0.23978265143890676,0.6636939826150596,-1.0703687827504396,-0.9346690024748711,0.40071664649458805,1.5868414572186138,1.8950554888077256,1.8533320090246541,0.8446837609961991,0.6277906647924878
-1.4870525865429538,-1.54958284485692,-0.2166846912103672,-0.7069587530645919,-0.010727752646357948,1.7133621916316202,-0.8991193853211726,0.6240698752232157,1.1148786138753997,-0.12826168027017107,0.8152144126421076,-0.5122501215859455,-0.6282543387299143,0.40071642716970385,1.4654678873592988,1.618661527583576,1.705260262544167,0.00711984564030629,0.627790252036826
-1.4870503344446038,-1.549580359295401,-0.0722217010639508,-0.706958253027796,-0.010727747586525681,-0.9406978975534769,2.460568926313264,0.6402283555226281,1.054793752431554,0.0006357975003228509,0.9339167916157665,-0.02328986197221797,-0.16711621026931,0.40071620784517886,1.3698369726679558,1.3876496054174408,1.4844455372941907,0.4265262346646168,0.6277898392819781
-1.4870480823564856,-1.5495778737458425,0.07224128837166345,-0.6867171526307793,-0.010727742526700574,-0.9406970613382232,-0.899118796117799,0.6079101418983953,1.174960048051561,0.11891938039253437,1.0263352518465805,0.2954064545811844,0.29367176630262537,0.4007159885210153,1.2994967082330275,1.249058521134285,1.2803494614147177,-1.4357135627495903,0.6277894265279444
-1.4870458302785998,-1.549575388208245,0.21670427283032168,-0.7069572814533858,-0.010727737466882629,-0.9406962251251989,-0.8991180293013731,0.6079097492577609,1.1749587289655645,0.15066717781460973,1.088775685029356,0.2421034151790799,0.5141344161801497,0.4007157691972109,1.2481590091949506,1.272427367657445,1.1840205304372293,-1.4357114900046462,0.6277890137747248
-1.4870435782109461,-1.5495729026826075,0.36116723667127987,-0.7069567814197395,-0.010727732407071838,-0.9406953889144051,-0.8991172624869094,0.6725446608155954,0.9346227600125505,0.1495109719238315,1.0989905481636555,0.11245798638199649,0.4663938968599563,0.40071554987376573,1.2412599642969584,1.3280687059072613,1.20211521709928,-1.4357094172686797,0.6277886010223194
-1.4870413261535242,-1.5495704171689304,0.5056301528792579,-0.7069562813871539,-0.01072772734726821,-0.9406945527058408,-0.8991164956744074,0.6079088792870914,0.814454542379303,0.09783322191331369,1.0663372032311478,-0.1316048646180825,0.27324722955805514,0.40071533055068204,1.2469393545323737,1.4031637830747348,1.2505298734938741,-1.4357073445416901,0.627788188270728
-1.4870390741063344,-1.5495679316672137,0.650092983064517,-0.7069557813556296,-0.010727722287471741,-0.9406937164995067,-0.8991157288638674,0.6079084866488236,0.814453903495278,-0.004910380307104331,1.0009489143969612,-0.33854571333675304,0.035116426647035,0.40071511122795755,1.2717713522400034,1.4545748973326942,1.312049927011698,-1.4357052718236774,0.6277877755199509
-1.4870368220693764,-1.549565446177457,0.7945556774629707,-0.7069552813251663,-0.01072771722768243,-0.9406928802954028,-0.8991149620552894,0.6079080940113164,0.8144532646127565,-0.1343381749544816,0.897741496316297,-0.5902490674139157,-0.3421203876073378,0.4007148919055945,1.3262173758089122,1.5331546035002326,1.443574563825562,-1.4357031991146423,0.6277873627699877
-1.48703457004265,-1.5495629606996604,0.9390181749363435,-0.7069547812957638,-0.01072771216790028,-0.9406920440935286,-0.8991141952486732,0.44631907114084574,0.814452625731738,-0.2805089020834936,0.7649029351572937,-0.8223358163093553,-0.6624673195283004,0.4007146725835907,1.3960951454925659,1.58421110241391,1.533224777450997,-1.435701126414584,0.6277869500208387
-1.4870323180261553,-1.5495604752338237,1.0834804029723866,-0.7069542812674224,-0.01072770710812529,-0.9406912078938846,-0.899113428444019,0.44631881872804496,1.1749542718577255,-0.402719812650574,0.643190616889158,-1.1218065715499954,-0.942405486816409,0.4007144532619484,1.4684840742542746,1.7044104422753923,1.6403668524242867,-1.4356990537235026,0.6277865372725037
-1.487030066019892,-1.549557989779947,1.2279422776851618,-0.7069537812401421,-0.010727702048357457,-0.9406903716964703,-0.8991126616413266,0.41400068823721736,0.9346181790768565,-0.4519514694718884,0.5545914475670456,-1.3033992351194017,-1.143411831304006,0.40071423394066524,1.5111098534466612,1.7564774233020102,1.6997809935128092,-1.435696981041398,0.6277861245249831
-1.4870278140238606,-1.54955550433803,1.3724037038154109,0.6464986714994189,-0.010727696988596786,0.25512157204274666,0.25065050156239965,0.4463183502381758,1.1749521413534723,-0.4797397782127443,0.5035087755830243,-1.3484651103019,-1.2015283041365332,0.4007140146197413,1.547317970841049,1.782922289365082,1.732200344065294,0.9955267235085098,0.6277857117782761
-1.4870255620380604,-1.5495530189080726,1.5168645747310134,-0.7069540850420876,-0.010727691928843272,1.082153237567157,1.0824126376280971,0.6079069742805241,0.8144486451677927,-0.4670670387370243,0.4688657451067033,-1.2257821210883268,-1.094295637874533,0.4007137952991788,1.563652085467234,1.720808507031236,1.6792032053231698,0.7710914360446143,0.6277852990323836
-1.487023310062491,-1.549550533490075,1.661324772427552,1.0924331067327921,-0.010727686869096918,0.09310062160889397,0.11519216110807459,0.6402244848211353,0.7543642678692205,-0.4249803687713973,0.4419246095267101,-0.8292812298960676,-0.7158895222788629,0.40071357597897556,1.5827269318714197,1.5319528227695878,1.5029627365440703,0.8271944807493505,0.627784886287305
-1.4870210580971532,-1.549548048084037,-1.6613218262438383,0.953340050440632,-0.010727681809357724,0.17264101640514237,0.19755357608070623,0.8826074088733226,0.6341961858842299,-0.2891459421317974,0.45225232252365466,-0.47405053476077846,-0.37245823242016346,0.4007133566591338,1.6371093303336617,1.442908119970669,1.4226377672661266,0.8009973267060666,0.6277844735430406
-1.4870188061420466,-1.5495455626899581,-1.5168565612162705,-0.7069554804865946,-0.01072767674962569,-0.8016997802070195,-0.7693091615546176,0.8179708678431467,0.7543633241625979,-0.22221588608007073,0.4544993757947318,-0.35803074824314507,-0.2614252169218804,0.40071313733965125,1.6493090929516514,1.415462608488958,1.3984743403905273,-1.4356988473329984,0.62778406079959
-1.4870165541971712,-1.5495430773078387,-1.3723918798465462,-0.7069549804607307,-0.010727671689900815,-0.9406916588623279,-0.8991140451049092,0.7856526232068741,0.814446545747102,-0.18744977404010116,0.45244195735012877,-0.36560154648957705,-0.2756896012241288,0.40071291802052783,1.6749710459005884,1.4579253646487036,1.444245144483506,-1.435696774663323,0.6277836480569539
-1.487014302262527,-1.5495405919376783,-1.227927672650978,-0.7069544804359275,-0.010727666630183097,-0.9406908226696573,-0.8991132783062834,0.7694930657082683,0.8144459068809813,-0.20796140044303635,0.4488548954875157,-0.4706462968503874,-0.38757418849243713,0.40071269870176596,1.7006185246867556,1.5395464900144546,1.5286350727922986,-1.4356947020026238,0.6277832353151317
-1.4870120503381135,-1.549538106579477,-1.0834638415220954,-0.7069539804121855,-0.01072766157047254,-0.9406899864792166,-0.8991125115096197,0.753333525977699,0.8144452680163636,-0.22902481917358442,0.44276979851489917,-0.613058694211006,-0.536272872557848,0.40071247938336335,1.723195321522331,1.629122922528447,1.6204824191708573,-1.4356926293509016,0.6277828225741235
-1.4870097984239306,-1.5495356212332345,-0.9390002997281709,-0.7069534803895043,-0.010727656510769143,-0.833480505394023,-0.797012839042637,0.7371740032709501,0.8144446291532496,-0.2627952716152172,0.43448109431651466,-0.7640973575440437,-0.6931582997510294,0.4007122600653222,1.7404377292467426,1.7132187058566113,1.7065656500127233,-1.435690556708156,0.6277824098339295
-1.4870075465199788,-1.5495331358989513,-0.7945369719128405,-0.7069529803678841,-0.010727651451072904,-0.9406884996036048,-0.8991111476491351,0.7694914047421711,0.8144439902916394,-0.2959471086819844,0.43651424479005113,-0.898168660246665,-0.8326518772683037,0.4007120407476402,1.7479701097345017,1.7896831468726797,1.784974391443537,-1.4356884840743867,0.6277819970945496
-1.487005294626258,-1.5495306505766269,-0.6500737940948069,-0.7069524803473249,-0.010727646391383825,-0.940687663419534,-0.8991103808580827,0.7371728827254864,0.8745271705999554,-0.2916534676068209,0.47844624958373955,-0.9734980273351455,-0.911393519177742,0.40071182143031747,1.7204778221103891,1.8372918498130826,1.8339248757533424,-1.4356864114495937,0.6277815843559839
-1.4870030427427674,-1.5495281652662607,-0.5056107136676157,-0.7069519803278268,-0.010727641331701905,-0.9406868272376931,0.8994333455627873,0.7048547009726822,0.934610259658337,-0.2542956656317738,0.5571066289472377,-1.003640852256778,-0.8881992927033484,0.4007116021133562,1.6605851974254926,1.8606351403265888,1.8298490632066484,-0.315201390338952,0.6277811716182319
-1.4870007908695075,-1.5495256799678538,-0.36114768939948877,-0.7069514803093894,-0.010727636272027144,1.3488418899243881,-0.8991105433996027,0.6079006163245211,1.174944614233915,-0.18472503141642121,0.6762723189180113,-0.8741294798602702,-0.6347083879553737,0.4007113827967541,1.561866586344451,1.797947387463263,1.7066091815105378,-0.0954641941447357,0.6277807588812944
-1.4869985390064782,-1.549523194681405,-0.21668469143320787,1.4657958565593632,-0.010727631212359543,-0.9406868997760817,0.5552947442717593,0.624059212248749,1.114859527378298,0.001998942720039052,0.8171811147221875,-0.5536686431772712,-0.3077010845515034,0.4007111634805113,1.4510927179978048,1.6430336519423714,1.5538235982440363,0.8741552828035556,0.6277803461451705
-1.4869962871536788,-1.5495207094069146,-0.0722217012860325,-0.6810216323692012,-0.010727626152699099,-0.9406860635979231,-0.8991105936273933,0.640217796070086,1.0547745758068683,0.21453344643005076,0.9342916260967477,-0.2259317381767549,-0.08312098808978612,0.40071094416463,1.360212684971478,1.4872751369188533,1.4506544734927214,-1.4356862163628805,0.6277799334098609
-1.4869940353111102,-1.5495182241443828,0.07224128815035694,-0.7069515163285237,-0.010727621093045814,-0.9406852274219941,-0.8991098268408518,0.6078993754630173,1.174941051886425,0.28077589802208874,1.0061711617271054,-0.2234901914849427,-0.006666340282450587,0.40071072484910786,1.3071007827809664,1.489768718879582,1.4190697944124286,-1.4356841437555445,0.6277795206753655
-1.4869917834787716,-1.5495157388938092,0.21670427260990321,-0.6643687215610238,-0.010727616033399692,-0.940684391248295,-0.8991090600562721,0.6078989828419772,1.1749397328763485,0.31051269637009193,1.0513856358067732,-0.26068589221445254,-0.035211146418945294,0.4007105055339472,1.2725555716612926,1.508445771820093,1.4332468902001105,-1.435682071157185,0.6277791079416841
-1.4869895316566633,-1.5495132536551937,0.36116723645221604,1.0603327462242145,-0.010727610973760725,-0.9406835550768258,-0.8991082932736544,0.6725343084248064,0.9346034031958751,0.3145748093595566,1.0666296826859683,-0.3407300811999413,-0.09878818705734066,0.40071028621914584,1.2645506611993587,1.5452376625703874,1.4612472512034695,-0.1268478209355973,0.6277786952088166
-1.4869872798447852,-1.549510768428536,0.5056301526626271,-0.7069515345744579,-0.01072760591412892,-0.7491088373324297,-0.8991075264929985,0.6078981129126827,0.8144350052131383,0.31779308543865625,1.0424617315757234,-0.46463925287447916,-0.2141652532776325,0.4007100669047036,1.2681352624133895,1.5733296005273405,1.4836941118810147,-1.386613392913467,0.627778282476763
-1.4869850280431367,-1.5495082832138365,0.6500929828522662,-0.7069510345598473,-0.010727600854504273,-0.9287338896265693,-0.8905533876810858,0.6078977202940089,0.8144343663711239,0.2497732399594735,0.9672304763309479,-0.66527092380219,-0.4614060781416384,0.4007098475906229,1.3043733935603992,1.627220947752403,1.5568898217915388,-1.4356786125479846,0.6277778697455237
-1.4869827762517185,-1.549505798011095,0.794555677258174,0.03687461691821017,-0.010727595794886786,-0.1861975689353073,-0.16379594023526117,0.6078973276760959,0.8144337275306124,0.10224654096035854,0.8571034618890406,-0.8842566684517873,-0.7390833660222708,0.4007096282769014,1.3641418550867876,1.688719067806622,1.644114404314428,0.04494415140978859,0.6277774570150985
-1.48698052447053,-1.5495033128203106,0.9390181747434587,0.6400068506798257,-0.010727590735276456,0.2868647794849052,0.3087756436211573,0.4463072698105549,0.8144330886916044,-0.015881732984920686,0.7199390108081892,-0.8953002294283264,-0.7851991930421087,0.4007094089635414,1.437569981221019,1.6287352714400234,1.6009509937535575,0.82874271644729,0.6277770442854872
-1.4869782726995715,-1.5495008276414848,1.0834804027975127,0.74510771250257,-0.010727585675673284,0.2804232004584838,0.30539753105767203,0.44630701741235895,1.174935276084811,-0.06107584551246923,0.6009978096497555,-0.7945934938800775,-0.7010241623304698,0.40070918965054064,1.5077414108322673,1.549659112853839,1.530491036912588,0.8212725665552177,0.62777663155669
-1.4869760209388427,-1.5494983424746158,1.2279422775362971,-0.7069525538044995,-0.010727580616077273,2.773819155637562,-0.8991076129642132,0.41398867993263355,0.9345988225555119,-0.03255723917930308,0.5253162254332376,-0.47173022003375226,-0.6155657240544726,0.40070897033789915,1.5393217341431515,1.3584676540160077,1.450429547716413,0.5294545147713103,0.6277762188287068
-1.4869737691883433,-1.5494958573197044,1.3724037037027093,1.3575219431636985,-0.010727575556488421,-0.9406826421663123,0.7424605068776292,0.446306548950793,1.1749331457120145,-0.02771716390439417,0.48044005605410633,-0.1139191002932412,-0.5682302316525897,0.40070875102561915,1.5745013988412253,1.2068711584824838,1.438097935359126,0.8383566032157893,0.6277758061015377
-1.4869715174480738,-1.5494933721767508,1.5168645746670424,-0.7069530531708555,-0.010727570496906728,1.0240302495217537,1.2223719916840348,0.6078962080215797,0.814429108353433,0.027385384399236486,0.4743848162361599,0.1748662401282048,-0.31275883427071444,0.4007085317136984,1.5701716259310652,1.0802438730705903,1.3192767339471707,0.5822664815908999,0.6277753933751827
-1.4869692657180331,-1.5494908870457542,1.661324772427551,1.1425557950610628,-0.010727565437332194,-0.038693026065819675,0.11071336688115074,0.6402139255855319,0.7543446408893681,0.05960742306353473,0.4739290973076716,0.4217457241861363,0.08286174970721844,0.4007083124021391,1.5663401941814765,0.9821691323748679,1.1509161575546756,0.6799924292554372,0.6277749806496415
-1.4869670139982225,-1.5494884019267146,-1.661321826310529,-0.7069535289595962,-0.010727560377764818,-0.9406831567252512,-0.8555538359443587,0.882598402182699,0.6341763785269501,0.10378961377482385,0.49490459747829535,0.45313212003643133,0.2569594843914683,0.4007080930909391,1.610227928743634,1.0384790169266993,1.1490512153501067,-1.4356832273070796,0.6277745679249146
-1.486964762288641,-1.5494859168196324,-1.5168565613336962,-0.7069530289468793,-0.010727555318204601,-0.9406823205645846,-0.8991085100498375,0.8179614471747577,0.7543436972512513,0.09300883063321044,0.5012866734309552,0.35231502882584925,0.20207900517310262,0.40070787378009826,1.6183614648989275,1.104417161883527,1.1969786036371814,-1.4356811547352821,0.6277741552010015
-1.4869625105892887,-1.5494834317245068,-1.3723918800014951,-0.7069525289352234,-0.010727550258651544,-0.940681484406148,-0.8991077432767864,0.785642995563968,0.8144270090824653,0.02735663966881719,0.4973269167630297,0.12738853869029998,0.018248244542979245,0.4007076544696189,1.6444760006062904,1.237413706711645,1.3144939116922936,-1.4356790821724608,0.6277737424779024
-1.4869602589001656,-1.5494809466413382,-1.2279276728327164,-0.6773169992001613,-0.010727545199105645,-0.940680648249941,-0.8991069765056973,0.7694833345896117,0.8144263702583532,-0.05696740928485466,0.4916419895481762,-0.11603869586073133,-0.19556564221833567,0.40070743515949886,1.6706067155281619,1.37564613712865,1.4411696423723686,-1.4356770096186153,0.6277733297556173
-1.4869580072212714,-1.5494784615701265,-1.083463841722111,-0.7069515705425891,-0.010727540139566904,-0.9406798120959639,-0.8991062097365699,0.7533236913825494,0.8144257314357444,-0.1058223429648167,0.4794934166402973,-0.36448392857685924,-0.42072494688589346,0.400707215849738,1.6962112880313294,1.5086608201836107,1.564380367920732,-1.4356749370737456,0.6277729170341465
-1.4869557555526063,-1.5494759765108717,-0.9390002999399141,-0.7069510705340668,-0.010727535080035324,-0.9406789759442166,-0.899105442969404,0.7371640651985809,0.8144250926146388,-0.1609332654636205,0.467848599618481,-0.5641277270037004,-0.6052777718371861,0.40070699654033864,1.7138154363216425,1.6111090155802839,1.6599834679165928,-1.4356728645378516,0.6277725043134896
-1.48695350389417,-1.5494734914635735,-0.7945369721314677,-0.7069505705266056,-0.010727530020510901,-0.9406781397946987,-0.8991046762041999,0.7694816736991159,0.8144244537950364,-0.20458474892669323,0.47177176046281016,-0.7345896608030271,-0.7631678422770426,0.4007067772312985,1.7197322511809854,1.7051389404610315,1.7480795614323679,-1.4356707920109333,0.6277720915936468
-1.4869512522459627,-1.5494710064282313,-0.6500737943169227,-0.7069500705202054,-0.010727524960993638,-0.9406773036474109,-0.8991039094409576,0.7371629447032814,0.8745077243582401,-0.20758239127078637,0.5104100389761046,-0.830598981193995,-0.858562097645867,0.40070655792261994,1.692219247869222,1.7596428859781068,1.8023880568940642,-1.4356687194929907,0.6277716788746179
-1.4869490006079842,-1.549468521404846,-0.5056107138910158,-0.7069495705148661,-0.010727519901483532,-0.9406764675023526,-0.8991031426796771,0.7048445559718958,0.9345909036773853,-0.18026775660884198,0.585755427372287,-0.886880626670169,-0.8998910325807004,0.40070633861430055,1.6354001019687041,1.796460888434357,1.831721030102423,-1.4356666469840236,0.6277712661564031
-1.4869467489802344,-1.5494660363934167,-0.36114768962290206,-0.7069490705105874,-0.010727514841980586,-0.9406756313595238,-0.8991023759203581,0.6078898503338221,1.1749256191687707,-0.13312956357447905,0.676218666970423,-0.8718350255416413,-0.8979911684813072,0.4007061193063404,1.5612311046707608,1.7928255451874435,1.8348944452006044,-1.435664574484032,0.6277708534390023
-1.486944497362713,-1.5494635513939439,-0.21668469165603896,-0.7069485705073699,-0.010727509782484799,-0.9406747952189249,2.2247833824229577,0.6240485497801442,1.1148404421709408,-0.058542428472461876,0.7897025633884522,-0.8044840749954372,-0.7636321966705251,0.40070589999874184,1.4734818203804045,1.7652435149860999,1.77362870505462,0.6994341778406035,0.6277704407224154
-1.4869422457554207,-1.549461066406427,-0.0722217015081042,-0.7069480705052132,-0.010727504722996172,0.21205724280215074,-0.8991020328380238,0.6402072371241798,1.0547554004497042,0.0570972699928747,0.920534674464551,-0.6601256492124604,-0.3681949212506913,0.4007056806915025,1.3709865603654068,1.6953980123310783,1.582274320335253,-0.7461016577465789,0.6277700280066424
-1.4869399941583565,-1.5494585814308661,0.07224128792906045,0.7994662365555604,-0.010727499663514701,0.13348992585515526,-0.023075313939915635,0.6078886095327222,1.1749220570332346,0.16998321025845922,1.0127464044900554,-0.4420815311279869,0.1325017524949178,0.4007054613846224,1.3032314369093019,1.5938792276938263,1.3551648075015321,0.8117686606507074,0.6277696152916835
-1.4869377425715207,-1.5494560964672615,0.21670427238949463,1.3328356966166768,-0.010727494604040391,0.48200708076745735,-0.8991016680937797,0.6078882169312746,1.1749207380990692,0.27613114530830035,1.0709306000415013,-0.23073329636848153,0.237361920191462,0.4007052420781038,1.2560488906977574,1.4922065625637304,1.3078114994441055,0.7663365847229319,0.6277692025775384
-1.486935490994913,-1.5494536115156126,0.3611672362331622,0.7561409193159112,-0.010727489544573239,0.13392419095901315,0.4231443277900352,0.6725239565421998,0.9345840476022694,0.4318834839067518,1.0888828318463326,0.1297719637586743,0.26561001647722216,0.4007050227719444,1.2452015653090647,1.3226783877830632,1.2923114213571485,0.7870788592131214,0.6277687898642076
-1.4869332394285337,-1.5494511265759192,0.5056301524460062,-0.4803564434494716,-0.010727484485113244,-0.940676501462123,-0.8991016485160814,0.6078873470433515,0.8144154692256068,0.47307625637918127,1.0698572534164714,0.23626340434327492,0.30331808177246866,0.40070480346614434,1.2447447607074509,1.2477285616304277,1.2481329228091391,-1.4356661026438962,0.6277683771516904
-1.4869309878723826,-1.5494486416481814,0.6500929826400256,-0.7069501024004387,-0.01072747942566041,-0.9406756653247563,-0.899100881764238,0.6078869544442702,0.8144148304255973,0.4498709800740575,1.0172605869587632,0.167736651947913,0.2175750566581109,0.40070458416070576,1.2628136532573344,1.238167893194942,1.2453853747180283,-1.4356640301594314,0.6277679644399875
-1.4869287363264598,-1.5494461567323992,0.794555677053387,-0.6874373520458664,-0.010727474366214733,-0.940674829189619,-0.8991001150143564,0.6078865618459497,0.814414191627091,0.3071886787489744,0.9142666764994642,-0.05028207951649207,-0.07866224167769614,0.4007043648556265,1.3173633733069812,1.2934585100626672,1.3344178690693635,-1.435661957683942,0.6277675517290986
-1.4869264847907648,-1.5494436718285727,0.939018174550583,-0.7069491298729697,-0.010727469306776217,-0.9406739930567115,-0.8990993482664366,0.44629546897757927,0.814413552830088,0.1698735293552361,0.7755886152473918,-0.31718833608343816,-0.4446019698680511,0.40070414555090866,1.3913126143462238,1.3538503569346385,1.4393988239023308,-1.435659885217428,0.6277671390190237
-1.4869242332652974,-1.5494411869367013,1.083480402622647,-0.7069486298739264,-0.010727464247344857,0.12666416364717095,0.19388752929071365,0.4462952165939869,1.1749162816237968,0.025550100329217618,0.6607150600612022,-0.6488305358192505,-0.6879107668318604,0.4007039262465501,1.4573518081780188,1.4795667858417239,1.5240456613041076,-0.1329714680036984,0.6277667263097628
-1.4869219817500585,-1.5494387020567855,1.227942277387439,0.8227295657377232,-0.010727459187920655,0.15812703523001007,0.20597251546520232,0.4139766721238112,0.9345794672572019,-0.14363228843704853,0.5690026670250202,-0.6652610740440753,-0.6669135289196616,0.4007037069425508,1.5020843057852087,1.4482153769960202,1.4742806999197167,0.7954417120296179,0.6277663136013156
-1.4869197302450468,-1.5494362171888245,1.3724037035900127,0.8339157789680355,-0.010727454128503613,0.21194521091307264,0.2558985062552523,0.4462947481607219,1.1749141513824424,-0.14987098641749227,0.5191431398793992,-0.5968331882355135,-0.5831549005471559,0.40070348763891306,1.5368780020016446,1.4183638538397387,1.4374236687011326,0.8068711242556939,0.6277659008936826
-1.4869174787502633,-1.5494337323328187,1.5168645746030749,0.8441809641282906,-0.010727449069093729,0.2156085139268234,0.2565776726730572,0.6078854422677035,0.8144095727176666,-0.07793511757724428,0.49614581644833483,-0.4591763391295221,-0.43110897059495984,0.4007032683356345,1.5429067494728843,1.3541811364792233,1.366962333346322,0.7725380595158049,0.6277654881868634
-1.486915227265707,-1.5494312474887681,1.6613247724275504,-0.7069507936093999,-0.010727444009691004,1.0758279135266846,1.1103681927434603,0.6402033668565463,0.754325015065891,0.002523320298596219,0.4813534554901455,-0.20127465087718135,-0.15388085180774924,0.4007030490327152,1.5512540135424704,1.2433783434945556,1.2484122571159588,0.5887646482655495,0.6277650754808584
-1.4869129757913782,-1.5494287626566718,-1.6613218263772156,1.7142513731442979,-0.010727438950295438,0.2176340274118737,-0.899101996868833,0.8825893960103264,0.6341565722816133,0.07048768930581463,0.49585848743931477,0.1596885687772084,0.06057843198591972,0.40070282973015753,1.6015045587389427,1.1590296953727233,1.2297095549885326,0.6981747025180264,0.627764662775667
-1.4869107243272768,-1.5494262778365309,-1.5168565614511156,-0.7069512640990271,-0.010727433890907032,-0.9406771171276226,-0.5743925641749907,0.8179520270215144,0.7543240714962716,0.12730934284607703,0.5009677969742549,0.2592183946691792,0.09826689363973537,0.40070261042795907,1.6110261714015803,1.1408493513029319,1.2387647820460557,-1.4356633532600471,0.6277642500712897
-1.4869084728734032,-1.5494237930283443,-1.372391880156436,-0.7069507641007693,-0.010727428831525781,-0.9406762809970808,-0.8181494347818052,0.785633368434654,0.8144074735964043,0.13090615346328344,0.5001693177121748,0.1988152529433821,0.014238792655105907,0.4007023911261197,1.6352489486296973,1.2033225432924972,1.3135663255269912,-1.4356612808044424,0.6277638373677265
-1.4869062214297566,-1.5494213082321122,-1.2279276730144457,-0.7069502641035724,-0.010727423772151693,-0.9406754448687684,-0.8991003410396082,0.7694736039837698,0.8144068348142959,0.06959783154033483,0.495728788813242,0.0029613167773600577,-0.15636243976699735,0.40070217182464196,1.6608706334902876,1.319937513974584,1.4215507260753808,-1.4356592083578132,0.6277634246649773
-1.4869039699963373,-1.549418823447835,-1.0834638419221163,-0.7069497641074366,-0.010727418712784759,-0.9406746087426859,-0.8990995742985549,0.7533138572994363,0.8144061960336904,0.011172415416550209,0.48821897110695106,-0.20532209867439455,-0.3374814112416384,0.40070195252352353,1.6829496223747533,1.4325323607884326,1.5236063736882426,-1.4356571359201586,0.6277630119630419
-1.4869017185731452,-1.5494163386755122,-0.9390003001516467,-0.7069492641123615,-0.010727413653424984,-0.9406737726188329,-0.899098807559463,0.7371541276374706,0.8144055572545881,-0.05731614737296369,0.4782463623601683,-0.4104873605934193,-0.5188835721213702,0.40070173322276653,1.699417547331688,1.5357139228290382,1.616831805842735,-1.4356550634914789,0.6277625992619204
-1.48689946716018,-1.5494138539151432,-0.794536972350084,-0.7069487641183473,-0.010727408594072368,-0.9406729364972093,-0.8990980408223328,0.7694719431688692,0.8144049184769893,-0.11355985711368953,0.4832368493874834,-0.5936465420279865,-0.6805137334317176,0.4007015139223689,1.7047233198116474,1.6343092295651813,1.7059779717604435,-1.4356529910717746,0.627762186561613
-1.4868972157574423,-1.5494113691667288,-0.6500737945390279,-0.7069482641253939,-0.01072740353472691,-0.9406721003778155,-0.8990972740871641,0.7371530071923317,0.8744882793172893,-0.1262040637496811,0.5222809338619229,-0.7025214141579322,-0.7722695639132233,0.40070129462233045,1.6771672752182705,1.6943547376075085,1.7579997411429023,-1.4356509186610447,0.6277617738621194
-1.486894964364931,-1.5494088844302687,-0.5056107141144051,-0.7069477641335015,-0.010727398475388611,-0.9406712642606508,-0.7161791122355601,0.7048344114808114,0.9345715489194059,-0.10858146002787704,0.5979334110213566,-0.7733245906831572,-0.8318511600383514,0.40070107532265364,1.6205536695772722,1.7380260044461142,1.7963741883254691,-1.4356488462592896,0.6277613611634398
-1.4868927129826466,-1.549406399705762,-0.3611476898463044,-0.6656308190751222,-0.010727393416057471,-0.940670428145716,-0.89909603841342,0.60787908484817,1.1749066254154448,-0.06792934308007426,0.6937214205720014,-0.7804518744389455,-0.8246261331575687,0.4007008560233361,1.542370638742507,1.745744930963347,1.7969395892865885,-1.435646773866509,0.6277609484655743
-1.4868904616105891,-1.5494039149932097,-0.21668469187885916,-0.7069468220261488,-0.010727388356733489,-0.9406695920330108,-0.8990952716836551,0.6240378878173602,1.114821358253181,0.002389005552216,0.8133828222066818,-0.7238326892074883,-0.7581418826488959,0.40070063672437767,1.450076584888401,1.723975909848429,1.77031034274933,-1.4356447014827034,0.6277605357685226
-1.4868882102487584,-1.5494014302926111,-0.07222170173016539,-0.37417074062000966,-0.010727383297416664,-0.9406687559225352,-0.6673232477151692,0.6401966786848686,1.054736226359918,0.0712238540286727,0.9100561666132031,-0.679871337043917,-0.6936895530649272,0.40070041742578094,1.376673166560513,1.705612295052772,1.7417777995582127,-1.0460866685845789,0.6277601230722848
-1.486885958897154,-1.5493989456039663,0.07224128770777456,-0.6830806014632936,-0.010727378238107,-0.9099894882735319,-0.8990941107525238,0.6078778441074688,1.1749030634918407,0.14622393767375033,0.9865515931219297,-0.6686022163398053,-0.6381130525088091,0.4007001981275434,1.3211606976217851,1.7046593523025564,1.7188889821010418,-1.4356415786616343,0.627759710376861
-1.4868837075557761,-1.549396460927275,0.21670427216909657,-0.7069457894242172,-0.010727373178804492,-0.9406671378274664,-0.8990933440280416,0.6078774515256127,1.1749017446335792,0.18656369126147682,1.0373561981055859,-0.6765833827464153,-0.6025332213295506,0.4006999788296651,1.2821776466685137,1.7100331700643379,1.7026820567020609,-1.4356395063012906,0.627759297682251
-1.4868814562246246,-1.5493939762625373,0.3611672360141189,-0.7069452894380707,-0.010727368119509143,-0.9158822413563189,-0.8990925773055211,0.6725136051677344,0.9345646932315964,0.1730867055238422,1.0484001934006573,-0.7203349532777462,-0.6127590035848803,0.4006997595321484,1.2776620975051993,1.7307359998505418,1.7064896738530317,-1.4356374339499207,0.627758884988455
-1.4868792049037,-1.5493914916097529,0.5056301522293954,-0.6903507424024995,-0.010727363060220953,-0.9406655094076388,-0.8978520745613038,0.6078765816790576,0.814395934416579,0.12393133096125744,1.0215361255586128,-0.8002980978218128,-0.6751357462363666,0.400699540234991,1.283558158313735,1.7383811395370612,1.7045959237815562,-1.4356353616075255,0.627758472295473
-1.4868769535930015,-1.549389006968922,0.6500929824277945,0.5253791420327661,-0.010727358000939921,0.24325693998677075,0.26479274521800894,0.6078761890995672,0.8143952956585709,0.05714509013107175,0.9605119301661729,-0.8915912159382687,-0.7623127808170763,0.4006993209381928,1.3083172709356095,1.7393581665011317,1.7025364996868733,0.9087527799096239,0.6277580596033049
-1.4868747022925293,-1.5493865223400443,0.7945556768486093,0.7129331728937706,-0.010727352941666046,0.27656635381899475,0.3014353323259778,0.6078757965208376,0.814394656902066,0.0033019723591543293,0.8661388670036274,-0.9200753506240865,-0.8044199248628542,0.4006991016417562,1.3563143948658813,1.7074858812852114,1.6770077192169701,0.8831995629050433,0.6277576469119508
-1.486872451002283,-1.5493840377231196,0.9390181743577162,-0.7069458860330944,-0.010727347882399329,1.1325993854472711,1.1517392125454438,0.4462836686418806,0.8143940181470644,-0.052856493936032235,0.7194629067074237,-0.6825103327837306,-0.5884289342399227,0.4006988823456788,1.4379259045441575,1.5254420457768543,1.5070328482800106,0.6861656842145984,0.6277572342214104
-1.4868701997222629,-1.5493815531181483,1.0834804024477895,-0.7069453860491919,-0.010727342823139772,1.166017734662568,1.1878915591765806,0.4462834162728908,1.1748972884745414,-0.12371938179539176,0.6063062884956272,-0.3404430816748916,-0.2526838106640259,0.4006986630499607,1.5031893196921928,1.336501060220156,1.3231159082287682,0.6090280578923529,0.627756821531684
-1.4868679484524687,-1.5493790685251299,1.227942277238588,1.2937771322439124,-0.010727337763887372,-0.02967055529367136,0.0029221809698794466,0.41396466481071215,0.9345601131817962,-0.19175864991569402,0.5388349902445567,0.030814391769309467,0.11961595873678851,0.40069844375460417,1.5277400291778465,1.1347591977293574,1.1227882043688402,0.7369349041557687,0.6277564088427715
-1.4868656971929004,-1.549376583944064,1.3724037034773218,0.7370816314273972,-0.01072733270464213,-0.2100304849679964,-0.17552285001396417,0.44628294786792416,1.1748951583646152,-0.1584434679513948,0.5070574744166774,0.12824836616545238,0.2167417715562441,0.4006982244596069,1.5472546613078715,1.0950459644355632,1.08375229538904,0.3546138350398034,0.6277559961546729
-1.4868634459435581,-1.5493740993749512,1.5168645745391103,0.28891079464698255,-0.010727327645404046,-0.9406685146808341,-0.6567507673872354,0.6078746770188547,0.8143900382603698,-0.06347863945334606,0.498263314472894,0.1510057744842055,0.24408086388435524,0.40069800516496895,1.541165227611949,1.0848981407807645,1.0718065005861575,-0.6820423145289498,0.6277555834673884
-1.4868611947044412,-1.549371614817791,1.66132477242755,-0.7069473070773844,-0.010727322586173121,-0.9406676785816779,-0.8990945474179144,0.6401928086341376,0.7543053903986672,-0.0035076385785858177,0.49178167840046344,0.04780214984572521,0.16437508152728927,0.40069778587069244,1.5430838256621464,1.135691094028094,1.1121056589220788,-1.4356389013463475,0.6277551707809175
-1.4868589434755501,-1.5493691302725834,-1.6613218264439,-0.7069468070941647,-0.010727317526949354,-0.940666842484751,-0.8638495508888635,0.8825803903561626,0.634136767148103,-0.011973247679933173,0.5002907915330629,-0.13604617821917234,-0.057254904889007606,0.40069756657677535,1.598013197801529,1.2906394075289684,1.2828615592651944,-1.435636829016572,0.6277547580952607
-1.4868566922568847,-1.5493666457393283,-1.51685656156853,-0.6852101924619891,-0.010727312467732746,-0.9406660063900536,-0.8990930735688967,0.8179426073833758,0.7543044468975375,-0.09135301983238078,0.4934096718554121,-0.35662116814369227,-0.2370874246575666,0.4006973472832175,1.6283226362447651,1.433662625330023,1.4062898941904103,-1.4356347566957708,0.6277543454104177
-1.4868544410484448,-1.5493641612180253,-1.3723918803113702,-0.7069458377187668,-0.010727307408523293,-0.9406651702975857,-0.8990923068554904,0.785623741818891,0.8143879392887969,-0.12615991217347022,0.4774126475898158,-0.5738383947058916,-0.5453621941344695,0.40069712799002116,1.6643708352369566,1.5711760296574528,1.5856165626091288,-1.4356326843839435,0.6277539327263885
-1.4868521898502305,-1.5493616767086749,-1.2279276731961672,-0.7069453377386937,-0.010727302349321002,-0.9406643342073471,-0.8990915401440457,0.7694638738907016,0.8143873005486874,-0.17703316693220034,0.4657002386706159,-0.7509117094324146,-0.6851989077784144,0.40069690869718405,1.695461995918053,1.6865336140574556,1.6823655039625856,-1.4356306120810904,0.6277535200431734
-1.4868499386622416,-1.5493591922112766,-1.0834638421221132,-0.7069448377596815,-0.010727297290125866,-0.9406634981193379,-0.8990907734345623,0.7533040237283195,0.814386661810081,-0.22335828373638783,0.454215559802748,-0.8921579423401447,-0.8168212672120306,0.4006966894047063,1.7170693858695147,1.7710168827544188,1.7612744662586184,-1.4356285397872113,0.6277531073607721
-1.4868476874844774,-1.5493567077258306,-0.9390003003633701,-0.7069443377817299,-0.010727292230937891,-0.910418795909493,-0.8864159241878119,0.737144190587579,0.8143860230729777,-0.27293646145929534,0.4410217944071268,-1.030622590637424,-0.9544334679268467,0.4006964701125901,1.7383108362914257,1.85122685944291,1.8401474169598722,-1.435626467502306,0.6277526946791845
-1.486845436316939,-1.5493542232523363,-0.7945369725686907,-0.7069438378048393,-0.01072728717175707,-0.940661879307289,0.1384958573688615,0.7694622131513904,0.8143853843373774,-0.313673615637198,0.4391913075086064,-1.1471156386002008,-1.044081296886962,0.40069625082083316,1.749026003115822,1.920793602970982,1.894977407550356,-0.7773782295732984,0.627752281998411
-1.4868431851596255,-1.549351738790794,-0.650073794761123,-0.7069433378290093,-0.010727282112583409,0.5884123624422103,-0.8990898080341343,0.7371430701925963,0.8744688354769803,-0.3149827889143842,0.47830312501143374,-1.1634513297772378,-0.9954587252903482,0.4006960315294355,1.7237891555937215,1.9382938142926889,1.8786880144208487,-0.5106965653424336,0.6277518693184514
-1.4868409340125373,-1.5493492543412033,-0.5056107143377846,-0.7069428378542402,-0.010727277053416907,-0.9406618881731518,2.7604919514777446,0.7048242674993884,0.9345521953842735,-0.2678945668295949,0.5785734492264691,-0.9455848473357492,-0.7038287448466011,0.40069581223839945,1.6448173471250245,1.8317215448815585,1.7380219956558909,0.6366282605919421,0.6277514566393056
-1.4868386828756737,-1.5493467699035648,-0.361147690069697,1.3578732290429505,-0.01072727199425756,0.5341374387038925,-0.8990888379508885,0.6078683198675244,1.1748876329738016,-0.11545577347728746,0.6909016610203402,-0.6412542862524778,-0.19300502406854175,0.40069559294772267,1.5500436132302198,1.6801297283038572,1.4936547702426894,0.8531488949469622,0.6277510439609737
-1.4868364317490352,-1.5493442854778776,-0.21668469210166952,0.17102287105637995,-0.010727266935105374,-0.43684030568112053,-0.49229986173697127,0.6240272263603571,1.114802275624885,0.12541811592805466,0.8425634251840346,-0.24287086135870264,0.2581576283705885,0.40069537365740515,1.426521017512522,1.4892735706638216,1.2902639058028575,-0.2965555212343436,0.6277506312834557
-1.4868341806326215,-1.5493418010641422,-0.07222170195221655,-0.6821792445537372,-0.010727261875960348,-0.9406618198154199,-0.8990879281727325,0.6401861207521118,1.0547170535373787,0.2775903322634067,0.9597456132829895,-0.08843459673583592,0.31556824984827103,0.40069515436744924,1.3333092871362149,1.4178615579589668,1.2657425242066138,-1.4356262783543017,0.6277502186067516
-1.4868319295264327,-1.5493393166623581,0.07224128748649843,-0.6901672721142761,-0.010727256816822477,-0.9406609837380523,-0.899087161474868,0.6078670791872174,1.1748840712621065,0.41820445011776364,1.0418210376281136,-0.06640894389017417,0.26939426181362486,0.40069493507785264,1.2743763966426556,1.4130868829417005,1.2914324904908423,-1.4356242060907374,0.6277498059308613
-1.4868296784304682,-1.5493368322725252,0.21670427194870825,-0.7069428806474456,-0.010727251757691765,-0.9406601476629138,-0.8990863947789646,0.6078666866249506,1.1748827524797412,0.4235331682016824,1.0866957480053179,-0.09981382360193922,0.1801977130190022,0.40069471578861526,1.2391501057877357,1.428926334826846,1.3315127867544434,-1.4356221338361466,0.6277493932557847
-1.4868274273447288,-1.5493343478946433,0.36116723579508503,-0.7069423806760444,-0.010727246698568208,-0.9406593115900047,-0.8990856280850227,0.6725032543013694,0.9345453400837299,0.3879487772513647,1.0976269884600012,-0.1927460510213717,0.08070802270400777,0.4006944964997394,1.2352976597730925,1.4718285892144365,1.37581549539262,-1.4356200615905295,0.6277489805815222
-1.4868251762692135,-1.5493318635287128,0.5056301520127945,-0.7069418807057041,-0.01072724163945181,-0.9406584755193252,-0.8990848613930421,0.6078658168197602,0.8143764007859339,0.3208651546259469,1.0687829181041966,-0.3288194892650267,-0.062044672011549735,0.4006942772112229,1.2430786938521048,1.5057403867214345,1.4108398266024804,-1.4356179893538856,0.6277485679080735
-1.4868229252039227,-1.5493293791747333,0.6500929822155734,-0.6894812081184951,-0.01072723658034257,-0.9406576394508748,-0.899084094703023,0.6078654242598592,0.8143757620699231,0.17825720106838436,0.9953882818810612,-0.5324224307887274,-0.33985633567031703,0.4006940579230658,1.2780665795450423,1.560562483084681,1.4973860824091016,-1.4356159171262155,0.6277481552354387
-1.4868206741488563,-1.5493268948327048,0.7945556766438413,-0.7069409053632293,-0.010727231521240487,-0.9406568033846536,-0.8990833280149652,0.6078650317007189,0.8143751233554152,0.05603488916965935,0.8830757009694877,-0.8614872201748843,-0.5895446284057868,0.40069383863527014,1.3397080414447908,1.6758132220322612,1.5702163012501127,-1.4356138449075186,0.6277477425636179
-1.4868184231040145,-1.5493244105026274,0.9390181741648582,-0.7069404053960424,-0.010727226462145564,1.1771472896216053,1.153785223762667,0.4462718688034198,0.8143744846424097,-0.0825864822247465,0.7508092852488715,-1.037858435936199,-0.8537233825622632,0.4006936193478338,1.4089992959635969,1.6984060473921188,1.6330110651189464,0.8423041607816212,0.6277473298926107
-1.4868161720693966,-1.5493219261845006,1.08348040227294,1.6000359502759862,-0.010727221403057798,0.3788687425537578,-0.8990835090542099,0.44627161644903135,1.1748782966369034,-0.2541891689698253,0.6257121383896668,-0.7757210450538107,-0.7359597163739346,0.40069340006075677,1.4842417114782742,1.5396623157313227,1.5462012134934446,0.8298184836445386,0.6277469172224174
-1.4868139210450029,-1.5493194418783245,1.227942277089744,-0.7069408943624295,-0.010727216343977188,0.7614919245590506,1.2255308797922608,0.41395265799329783,0.9345407603291669,-0.2406706731063634,0.541265295615041,-0.504822145061879,-0.6569627398323288,0.4006931807740413,1.5233501134004925,1.3730161486877321,1.4690470935432458,0.652135645342912,0.6277465045530379
-1.4868116700308331,-1.5493169575840986,1.372403703364636,1.0916390972428627,-0.010727211284903736,0.03637072153951206,0.1577502089890077,0.44627114807236073,1.1748761666583922,-0.212805704238636,0.4936180955288749,-0.2258454104558458,-0.37872910440950874,0.40069296148768513,1.5478163319037808,1.23934947515665,1.333415294338404,0.7706953823047492,0.6277460918844723
-1.4868094190268872,-1.5493144733018236,1.5168645744751488,-0.7069413600382822,-0.010727206225837446,0.43506590857098204,0.5403772214636731,0.6078639122749928,0.8143705049814197,-0.14929188247413408,0.48517583942474174,-0.0164150141769281,-0.11658329886460725,0.40069274220168827,1.5451824558341076,1.1530449045461135,1.2225839657597515,0.11626576591515513,0.6277456792167205
-1.4868071680331656,-1.5493119890314988,1.6613247724275497,-0.7069408600729171,-0.010727201166778309,2.720876356474122,-0.89908505738183,0.6401822509182652,0.7542857668875776,-0.1411572038805255,0.4793758238882447,0.28704325211088105,-0.006728029092265119,0.400692522916053,1.5477525563729202,1.031361692710085,1.1824845276873355,0.4256635150009281,0.6277452665497826
-1.4868049170496676,-1.5493095047731242,-1.6613218265105811,1.5821027866503874,-0.010727196107726331,-0.9406595212067514,0.478100327467765,0.8825713852201634,0.6341169631263065,-0.1120031726599872,0.49704848228744647,0.6134126021391314,0.03391792100437407,0.400692303630777,1.5997214654360734,0.9713655988688968,1.244695205316725,0.8256774203760441,0.6277448538836585
-1.486802666076393,-1.5493070205266999,-1.5168565616859395,-0.7069413511467602,-0.01072719104868151,-0.8080353105440309,-0.8990850686565117,0.8179331882602978,0.7542848234549312,-0.0692669262078612,0.503272709333515,0.70158459428506,0.06848286316217943,0.4006920843458603,1.6054422920171532,0.9520799489820042,1.2476147593161901,-1.435618490412053,0.6277444412183483
-1.4868004151133427,-1.5493045362922255,-1.3723918804662978,-0.7069408511828201,-0.010727185989643848,-0.9406580770333037,-0.8990843019733884,0.7856141157166362,0.8143684061595207,-0.04864092517427203,0.5030017471967542,0.5820847443181214,-0.002543122531853406,0.4006918650613052,1.6296100051779137,1.035915767785808,1.3167795714782133,-1.4356164182022289,0.6277440285538518
-1.4867981641605155,-1.5493020520697016,-1.2279276733778808,-0.7069403512199407,-0.010727180930613344,-0.9406572409742137,-0.8990835352922266,0.7694541443103635,0.8143677674614066,-0.07037426980531547,0.4987689578862992,0.3291879067351098,-0.1794652836214017,0.4006916457771095,1.6553664137919188,1.1723644863697769,1.4284780650106481,-1.435614346001378,0.6277436158901691
-1.4867959132179118,-1.549299567859127,-1.0834638423221012,-0.706939851258122,-0.010727175871589997,-0.9406564049173527,-0.899082768613026,0.7532941906691554,0.8143671287647947,-0.11328692129164526,0.4906686527975343,0.07017761769636817,-0.36844075216300076,0.400691426493273,1.678193709184887,1.3038379324366949,1.53523006466097,-1.4356122738095,0.6277432032273004
-1.486793662285532,-1.5492970836605024,-0.939000300575084,-0.7069393512973641,-0.010727170812573806,-0.9406555688627211,-0.8406820296894724,0.737134254048863,0.8143664900696859,-0.16579070109166896,0.47894849445430426,-0.17716156447103737,-0.636535202528387,0.40069120720979573,1.6963409473034823,1.423375106390224,1.6715083452905037,-1.4356102016265957,0.6277427905652454
-1.4867914113633756,-1.5492945994738274,-0.7945369727872879,-0.706938851337667,-0.010727165753564773,-0.940654732810319,-0.8990813334136437,0.7694524836466354,0.8143658513760802,-0.21362841901421872,0.47929019026909303,-0.5386730046900157,-0.746497910056987,0.4006909879266801,1.7058677601866756,1.605365095790697,1.7364154836597496,-1.435608129452664,0.6277423779040043
-1.486789160451442,-1.5492921152991026,-0.6500737949832084,0.28164918921424437,-0.010727160694562901,-0.9406538967601457,-0.8990805667401687,0.7371331337040324,0.8744493928371886,-0.20699222208553847,0.5174859084143891,-0.6341329350068797,-0.8117642912184168,0.40069076864392383,1.6791464708892025,1.6585324211381067,1.7757008045651836,-0.7271459729134173,0.6277419652435771
-1.486786909549732,-1.5492896311363267,-0.505610714561154,-0.706938923918344,-0.010727155635568184,-0.8615759517125934,-0.8990798000686548,0.7048141240275846,0.9345328430718614,-0.14799326676003574,0.5955016024858087,-0.6915155524183512,-0.8534737033343327,0.4006905493615268,1.6206085634337435,1.6953709796322263,1.8054603252281323,-1.435605690540896,0.6277415525839637
-1.486784658658245,-1.5492871469855003,-0.3611476902930795,-0.7069384239605652,-0.010727150576580623,0.24411108014805152,0.3816959049259514,0.6078575553918446,1.1748686418437018,-0.0710049994824963,0.6916824834760766,-0.6760706309544884,-0.8256067296846356,0.40069033007949145,1.5422182218359213,1.6919792264610114,1.7958309668218566,0.1403940147716191,0.6277411399251639
-1.4867824077769811,-1.5492846628466233,-0.21668469232446982,-0.6798370253885445,-0.010727145517600224,-0.9406530098153121,-0.8990797555720644,0.624016565409093,1.1147831942859197,0.0679409830776484,0.8397328565430191,-0.4362610160274439,-0.5720459301365458,0.4006901107978154,1.4262454916682974,1.580629271634878,1.6761467156061787,-1.4356044144124152,0.627740727267178
-1.4867801569059398,-1.5492821787196953,-0.07222170217425775,-0.7069374621356147,-0.01072714045862698,-0.940652173771262,-0.8990789889040298,0.6401755633258678,1.0546978819819557,0.12959688314234646,0.9333846641537772,-0.3703748674276311,-0.47440740535024933,0.4006898915164986,1.3526544681259087,1.5502398811161797,1.6299377632746617,-1.4356023422678565,0.6277403146100058
-1.4867779060451216,-1.5492796946047167,0.07224128726523263,-0.7069369621809731,-0.010727135399660892,-0.9406513377294412,-0.8990782222379564,0.6078563147719267,1.174865080343895,0.17327395300799886,1.0025292214020223,-0.3523300245347086,-0.4212760146351565,0.4006896722355434,1.303199854030635,1.5462330870606704,1.6090382818521918,-1.435600270132271,0.6277399019536476
-1.4867756551945264,-1.549277210501687,0.2167042717283304,-0.7069364622273923,-0.010727130340701963,-0.9406505016898496,-0.8990774555738443,0.607855922229248,1.1748637616374178,0.19135330850856463,1.0433810808608879,-0.3842854651898643,-0.41557625282076965,0.4006894529549475,1.2726193026443744,1.5634202025948967,1.608179331393669,-1.4355981980056578,0.6277394892981032
-1.4867734043541536,-1.5492747264106062,0.3611672355760615,-0.706935962274872,-0.010727125281750191,-0.9406496656524872,-0.8990766889116936,0.672492903943063,0.9345259881585447,0.17930024974126824,1.0549649817832876,-0.45823897410201686,-0.44979306218886717,0.40068923367471104,1.2681286287356726,1.5986011486120133,1.6241191242584676,-1.4355961258880177,0.6277390766433726
-1.4867711535240038,-1.5492722423314744,0.5056301517962035,-0.7069354623234125,-0.010727120222805578,-0.940648829617354,-0.899075922251504,0.607855052465419,0.814356868333552,0.1336071350809013,1.0291426293738677,-0.56979991137746,-0.5335047448131808,0.40068901439483606,1.273613747627936,1.6218046490514526,1.633072889904093,-1.4355940537793497,0.6277386639894557
-1.4867689027040762,-1.5492697582642911,0.6500929820033619,-0.7069349623730138,-0.010727115163868121,-0.94064799358445,-0.8990751555932758,0.607854659925106,0.8143562296595338,0.0595526629564313,0.9705391707499537,-0.7133287004744884,-0.6664071137604045,0.4006887951153204,1.2967675400310632,1.6487040753607534,1.6536883976543477,-1.4355919816796543,0.6277382513363525
-1.4867666518943714,-1.5492672742090567,0.7945556764390825,-0.7069344624236756,-0.01072711010493782,-0.940647157553775,0.22864810822243625,0.6078542673855534,0.8143555909870177,-0.058953094422327615,0.8602747849554654,-0.926769505186686,-0.8909659283603764,0.4006885758361641,1.3580605367433052,1.7091763825295003,1.718176731777898,-0.7561949508416661,0.6277378386840632
-1.486764401094889,-1.549264790165771,0.9390181739720092,0.7082997857202417,-0.010727105046014679,0.37050962551953254,0.11415685635349808,0.4462600694621578,0.8143549523160045,-0.24671134786380555,0.715383771664468,-1.1938637237455818,-0.9920725254557288,0.40068835655736706,1.4382044401003062,1.7780898220399028,1.7017862688340808,0.8676221787379348,0.6277374260325878
-1.486762150305629,-1.5492623061344335,1.0834804020980986,-0.7069347965828348,-0.010727099987098695,1.2164157080475666,1.1132847018969747,0.4462598171223691,1.174859306110745,-0.29009644108909677,0.5916024890881464,-1.0284017574561723,-0.7517349055696589,0.40068813727893166,1.5128000545650802,1.6638197476747092,1.5541968348289286,0.7369404693315929,0.6277370133819261
-1.4867598995265912,-1.5492598221150442,1.227942276940907,1.10579726262583,-0.010727094928189868,0.10503435227206272,0.08858105310790446,0.41394065167152905,0.934521408699187,-0.3199870350780622,0.5138881089776132,-0.6793875866961726,-0.4463226337609362,0.4006879180008556,1.5464389157525018,1.45475256743496,1.3719331224436286,0.8064401028542689,0.627736600732078
-1.4867576487577756,-1.5492573381076036,1.3724037032519552,-0.7069352652376226,-0.010727089869288199,1.1513005492516442,1.133276125971368,0.44625934877399215,1.1748571762636355,-0.28631594266053556,0.4716133414826762,-0.38092676876516796,-0.18946052661929488,0.4006876987231388,1.5664472431956893,1.3091716569706888,1.2491111723901211,0.6093626932187195,0.627736188083044
-1.4867553979991819,-1.5492548541121107,1.5168645744111904,1.836554633195736,-0.010727084810393687,0.1671889965139752,-0.8990779333109779,0.607853148036077,0.8143509728806961,-0.20350185608910207,0.4670838255767439,-0.012420627935476325,0.0017475967409814725,0.4006874794457837,1.5604730938175233,1.151481657371044,1.1712875273187284,0.7658408669091304,0.6277357754348235
-1.4867531472508104,-1.549252370128566,1.6613247724275497,-0.7069357063049593,-0.010727079751506333,0.7409702220118529,1.1391817690568127,0.6401716937088874,0.7542661445325041,-0.11151024550894623,0.4651329222351517,0.23305972105202646,0.12494057590783304,0.4006872601687878,1.5597691015811606,1.0541089813558988,1.126066494003925,0.5704908532771357,0.6277353627874169
-1.4867508965126608,-1.5492498861569695,-1.6613218265772582,-0.7069352063580449,-0.010727074692626135,1.076887142654129,1.1991330446059436,0.8825623806022861,0.6340971602161111,-0.07112424159792788,0.4871746858888002,0.5146969783646307,0.4117449643859441,0.4006870408921513,1.6040769586266836,1.0076567129224563,1.0781484618625172,0.5094633979352731,0.6277349501408241
-1.4867486457847332,-1.5492474021973208,-1.5168565618033425,-0.7069347064121912,-0.010727069633753094,-0.9406518996185199,-0.8990790600089782,0.8179237696522382,0.7542652011683322,-0.09238855612875596,0.49692911712401255,0.6551273863971637,0.58234343804203,0.40068682161587643,1.620441736205442,0.9885327966438279,1.0469581409263709,-1.4355964522467841,0.627734537495045
-1.4867463950670279,-1.5492449182496197,-1.3723918806212168,-0.7069342064673984,-0.01072706457488721,-0.94065106358821,-0.8990782933529124,0.7856044901278473,0.8143488742084536,-0.11338709393301201,0.49884572457236764,0.5896820005113615,0.5394694487447576,0.40068660233996084,1.6398194101750088,1.0450192463707506,1.0949860979438817,-1.435594380158507,0.6277341248500798
-1.4867441443595435,-1.5492424343138667,-1.227927673559585,-0.7069337065236659,-0.010727059516028484,-0.9406502275601294,-0.899077526698808,0.7694444152427143,0.8143482355523297,-0.15561546287830777,0.499016418317175,0.3708632223838591,0.33911722789490345,0.40068638306440457,1.6619880036584318,1.1656864545628467,1.208839508464625,-1.435592308079202,0.6277337122059281
-1.486741893662281,-1.5492399503900607,-1.0834638425220788,-0.7069332065809945,-0.010727054457176916,-0.9406493915342777,-0.8990767600466647,0.753284358121903,0.8143475968977087,-0.20130192782676665,0.4938772962198943,0.12207366894030747,0.10287757976188454,0.40068616378920763,1.6815325496949953,1.2897317805911663,1.3278885675376766,-1.4355902360088693,0.6277332995625903
-1.4867396429752402,-1.5492374664782025,-0.9390003007867871,-0.7069327066393836,-0.010727049398332505,-0.9406485555106552,-0.8990759933964825,0.7371243180212815,0.8143469582445899,-0.24751994198166202,0.48511216520136335,-0.12479439853469469,-0.13463931881811608,0.40068594451437234,1.696655661467609,1.4070876301931048,1.4410930625464973,-1.4355881639475088,0.6277328869200662
-1.4867373922984206,-1.549234982578292,-0.7945369730058737,-0.7069322066988333,-0.01072704433949525,-0.9406477194892617,-0.8990752267482616,0.7694427546545636,0.8143463195929742,-0.2797711550574216,0.490451605929825,-0.3486486641368772,-0.35068223464591997,0.4006857252398964,1.7014312872202497,1.5208521423011303,1.5511834403880753,-1.4355860918951202,0.627732474278356
-1.4867351416318229,-1.5492324986903283,-0.6500737952052825,-0.6551767287437775,-0.010727039280665152,-0.9406468834700975,-0.8990744601020019,0.7371231977265994,0.8744299513977886,-0.2627868179787505,0.5394051880321985,-0.582064198091381,-0.5023031872673004,0.40068550596577973,1.6689192884718902,1.6434073724123461,1.633674328468553,-1.435584019851704,0.6277320616374595
-1.4867328909754463,-1.549230014814312,-0.5056107147845121,-0.7069312791298136,-0.010727034221842213,-0.9406460474531624,-0.8990736934577033,0.7048039810653595,0.9345134919820406,-0.22026836863050941,0.609678540940764,-0.6394667491340612,-0.5969158697137267,0.4006852866920247,1.6151130527932855,1.6777528184861839,1.6859663703354448,-1.4355819478172596,0.6277316489973767
-1.4867306403292908,-1.549227530950243,-0.3611476905164509,-0.70693077919236,-0.010727029163026428,-0.9406452114384563,-0.8990729268153658,0.6078467914210905,1.174849652025005,-0.15921384338034986,0.6977368722126305,-0.6784395905268996,-0.6676076586010741,0.40068506741862897,1.543536781377893,1.7006123310009011,1.7244336278063352,-1.4355798757917873,0.6277312363581078
-1.4867283896933567,-1.549225047098121,-0.21668469254725917,-0.7069302792559672,-0.010727024104217804,-0.9406443754259792,-0.8990721601749896,0.624005904963528,1.1147641142361437,-0.07519436143284282,0.8078318393287338,-0.634079138502985,-0.6431292736270942,0.4006848481455926,1.4589079531308644,1.6842936857825148,1.7181667386704047,-1.4355778037752864,0.6277308237196525
-1.4867261390676438,-1.549222563257946,-0.07222170239628814,-0.706929779320635,-0.010727019045416335,-0.940643539415731,-0.8990713935365745,0.6401650064060966,1.0546787116935115,0.0013743432736573664,0.9047268592144657,-0.601387877339566,-0.6118653580395601,0.40068462887291556,1.384865098754144,1.6708464538043197,1.705518073833081,-1.4355757317677575,0.6277304110820108
-1.4867238884521519,-1.5492200794297175,0.07224128704397736,-0.7069292793863635,-0.010727013986622022,-0.9406427034077118,-0.8990706269001206,0.6078455508615567,1.1748460907370635,0.05646687182358706,0.9744914022655954,-0.6088768842298027,-0.6046884989477683,0.4006844096006001,1.3344249239294999,1.678491143923042,1.7059734339032813,-1.4355736597692004,0.627729998445183
-1.4867216378468806,-1.5492175956134357,0.21670427150796298,-0.7069287794531526,-0.01072700892783487,-0.9406418674019218,-0.8990698602656277,0.6078451583384645,1.174844772106466,0.08748099535668427,1.0187916735372016,-0.6367037494091055,-0.6062925187267724,0.40068419032864405,1.3003122334611594,1.6931203292087338,1.7075761196738455,-1.4355715877796147,0.6277295858091689
-1.4867193872518305,-1.549215111809101,0.3611672353570487,-0.7069282795210023,-0.01072700386905487,-0.9406410313983609,-0.8990690936330958,0.6724825540927747,0.9345066374559103,0.08667160789723759,1.0316968192915164,-0.6926588243634945,-0.6330214873403377,0.4006839710570473,1.2939880686290959,1.7192614209365658,1.7189730316825564,-1.435569515799001,0.6277291731739685
-1.4867171366670011,-1.5492126280167124,0.5056301515796232,-0.7069277795899127,-0.010726998810282032,-0.9406401953970289,-0.8990683270025251,0.6078442886159936,0.814337337059309,0.05112715049016361,1.006512309955753,-0.7792255780422042,-0.7005034914167146,0.40068375178581217,1.2982638961345256,1.729659737507147,1.719084986736983,-1.4355674438273585,0.6277287605395818
-1.4867148860923927,-1.5492101442362707,0.6500929817911609,1.095161330611853,-0.010726993751516348,0.6293632383050042,-0.8990675603739157,0.6078438960952667,0.8143366984272778,0.0002486521804900678,0.9490456628812942,-0.8638062440698722,-0.8097826582310111,0.4006835325149364,1.319933287614579,1.726772448947286,1.7275715571428416,0.8782010770126039,0.6277283479060092
-1.486712635528005,-1.5492076604677751,0.794555676234334,0.580902791295128,-0.010726988692757821,0.09186256779980727,0.5484053675092901,0.6078435035753001,0.81433605979675,-0.029112326407453624,0.8554523725751247,-0.8687520566461642,-0.9528661153683735,0.40068331324441997,1.3671027275254843,1.6828066088467033,1.7518676017719301,0.8383109830872877,0.62772793527325
-1.4867103849738375,-1.5492051767112256,0.9390181737791697,-0.7069290147093928,-0.010726983634006452,1.0634492181270467,1.2830367365475703,0.4462482706180557,0.814335421167724,-0.0681501869887472,0.7076529705195024,-0.6150340816785496,-0.9700998568782739,0.4006830939742629,1.4496117721529058,1.4939009006017403,1.6925108361581567,0.7292964893961854,0.6277275226413045
-1.4867081344298905,-1.5492026929666223,1.083480401923266,0.9553742905125461,-0.010726978575262239,-0.03347058123335689,0.07629112538076287,0.4462480182928659,1.1748403168959245,-0.13989005218645664,0.5929241448756757,-0.362857935294846,-0.5147129444798334,0.4006828747044674,1.5161174889279363,1.3471747636703577,1.4435229127686426,0.7196918013725851,0.6277271100101729
-1.4867058838961642,-1.5492002092339652,1.227942276792077,0.8881311590308825,-0.010726973516525184,0.12631820453902018,0.2111826577679546,0.41392864584536804,0.9345020582917258,-0.10506849355768967,0.5222489636160648,-0.19361507849165896,-0.3000109731506203,0.40068265543503123,1.54326823646835,1.2331800015940562,1.3065338821172205,0.7255609826193249,0.6277266973798549
-1.486703633372658,-1.5491977255132539,1.37240370313928,-0.7069303528347065,-0.010726968457795286,1.017449791196382,1.090179087774777,0.44624754997278065,1.1748381871802018,-0.04901467479233136,0.4881829097885813,-0.09383767679324952,-0.16593730438869206,0.40068243616595445,1.564648539753984,1.1911960075671455,1.2489310365666328,0.5822434457336495,0.6277262847503505
-1.4867013828593723,-1.5491952418044885,1.516864574347235,-0.706929852904474,-0.010726963399072543,2.1281912306147626,-0.8990705892569727,0.607842384302068,0.8143314419580727,-0.03791876303675888,0.4802895647704212,0.2808154953144136,0.05211461239786868,0.4006822168972393,1.5573600623636223,1.0297465867705977,1.152793711214489,0.08870419135681795,0.6277258721216599
-1.4866991323563064,-1.5491927581076692,1.66132477242755,1.589865297793607,-0.01072695834035696,-0.9406440447303251,0.437806664827997,0.6401611370059653,0.7542465233333249,-0.04993285249805767,0.47843141823359014,0.5940043272341828,0.1428606847267663,0.4006819976288835,1.5567223330073148,0.9056614049187884,1.1185140291113371,0.7894047966815271,0.627725459493783
-1.4866968818634607,-1.5491902744227954,-1.6613218266439325,-0.706930343090206,-0.010726953281648532,-0.9406432087308962,-0.7126490049299925,0.8825533765024881,0.6340773584174016,0.0054445591562483145,0.4940639196026526,0.6635236986629741,0.18752606932057256,0.40068177836088703,1.6008960735118039,0.9343050663007064,1.1601294108232434,-1.4355731125755304,0.6277250468667199
-1.486694631380835,-1.549187790749867,-1.5168565619207401,-0.7069298431613993,-0.010726948222947261,-0.9406423727336963,-0.8990701147551814,0.8179143515591556,0.7542455800376217,0.02025085799708258,0.5022381005025834,0.5351138511842239,0.13972588318672663,0.4006815590932499,1.6162699851851163,1.0245678370333915,1.2208925534069557,-1.4355710406112465,0.6277246342404703
-1.4866923809084294,-1.5491853070888844,-1.3723918807761295,-0.7069293432336531,-0.010726943164253147,-0.9406415367387255,-0.8990693481309142,0.7855948650524827,0.8143293434354724,-0.029227643278568922,0.49788718362896,0.2743553597684823,-0.036206045477582376,0.4006813398259744,1.643172553702498,1.1709706499710644,1.3365959627971957,-1.435568968655934,0.6277242216150346
-1.4866901304462439,-1.5491828234398468,-1.227927673741281,-0.7069288433069675,-0.01072693810556619,-0.9406407007459835,-0.8990685815086084,0.7694346866877124,0.8143287048213341,-0.07052103966360819,0.49188389122988363,0.011064239179311708,-0.23852984994988782,0.40068112055905836,1.6695920248795286,1.316014560460902,1.4591139554554482,-1.4355668967095927,0.6277238089904125
-1.4866878799942778,-1.5491803398027546,-1.083463842722048,-0.7069283433813426,-0.010726933046886388,-0.9406398647554706,-0.8497294921329248,0.7532745260865209,0.8143280662086987,-0.1287755236648687,0.48058379025903414,-0.23614035455591184,-0.5324642905887244,0.4006809012925015,1.694477456587005,1.4466174747013105,1.6163922039110306,-1.4355648247722228,0.6277233963666042
-1.4866856295525315,-1.5491778561776077,-0.9390003009984813,-0.7069278434567783,-0.010726927988213746,-0.9406390287671865,-0.8784917435414673,0.737114382504793,0.8143274275975657,-0.1941174621720461,0.4648862962667542,-0.4832517374719746,-0.7356323789688084,0.4006806820263041,1.7156632070570024,1.5704431041501792,1.7227389889166391,-1.435562752843824,0.6277229837436094
-1.4866833791210048,-1.5491753725644057,-0.7945369732244505,-0.7069273435332747,-0.01072692292954826,-0.9406381927811315,-0.8990663996702092,0.7694330261751329,0.8143267889879353,-0.24260115039259045,0.4658176496281687,-0.6915204713977156,-0.8380396767253877,0.4006804627604683,1.7242395522278053,1.6824081117777054,1.7843077083673071,-1.4355606809243964,0.6277225711214285
-1.486681128699698,-1.549172888963149,-0.6500737954273472,-0.7069268436108316,-0.01072691787088993,-0.9406373567973054,-0.841577377422152,0.7371132622602556,0.874410511158653,-0.24226842903430068,0.5048840921475254,-0.8024938750369194,-0.8976188133474013,0.40068024349499193,1.6963464303578115,1.744254129299419,1.8209382166452766,-1.4355586090139396,0.6277221585000611
-1.4866788782886102,-1.549170405373837,-0.5056107150078609,-0.706926343689449,-0.010726912812238759,-0.9406365208157081,0.48016440742820765,0.7047938386126712,0.9344941421146806,-0.21088599793904303,0.5836130108210391,-0.8561754003244085,-0.8800865206788823,0.4006800242298748,1.6365803041929419,1.7797379044692574,1.820474729269394,-0.565256278470573,0.6277217458795076
-1.486676627887742,-1.5491679217964702,-0.3611476907398129,-0.7069258437691271,-0.010726907753594743,-0.8943307753116059,-0.8990657420989172,0.6078360279552216,1.1748306635175683,-0.1479320444084869,0.6990078526205485,-0.8476441534400839,-0.684025886469297,0.4006798049651194,1.5415374018669565,1.7801439857430068,1.726660654705129,-1.4355564646702756,0.6277213332597678
-1.4866743774970932,-1.5491654382310478,-0.21668469277003918,-0.7069253438498658,-0.010726902694957883,-0.9406349302140173,-0.8990649754874959,0.6239952450236219,1.1147450354754196,-0.05447117501662013,0.8335632862862666,-0.7604287600909669,-0.4871135337811216,0.4006795857007233,1.4365401737677528,1.742452081961493,1.636383206344682,-1.43555439277996,0.6277209206408416
-1.4866721271166636,-1.54916295467757,-0.07222170261830926,-0.7069248439316651,-0.010726897636328179,-0.9406340942389665,-0.8990642088780354,0.6401544499927573,1.0546595426719103,0.010789945753321947,0.9149778210858163,-0.7117048489454483,-0.43838173467175573,0.4006793664366866,1.374381103377312,1.7209039512055264,1.6157172009166283,-1.4355523208986156,0.627720508022729
-1.4866698767464532,-1.549160471136037,0.0722412868227311,-0.706924344014525,-0.010726892577705632,-0.14584431888179497,-0.2509187019750971,0.6078347874560671,1.1748271024414694,0.062291294498557484,0.9814364534015882,-0.6782546993163376,-0.41789925474701195,0.4006791471730092,1.3271711461732434,1.7091917371727288,1.6108289610666768,-0.5114684881142192,0.6277200954054302
-1.486667626386462,-1.549157987606448,0.21670427128760442,0.7455104198568615,-0.010726887519090244,0.17960983961245894,0.16289053666660006,0.6078343949525598,1.1748257838867453,0.1222142844601828,1.0305108488306127,-0.5869865759964336,-0.3412620306032215,0.4006789279096935,1.2894731518276734,1.665263327095625,1.575489937466508,0.8537680711165252,0.627719682788945
-1.4866653760366897,-1.5491555040888036,0.36116723513804444,-0.45842615427429534,-0.01072688246048201,-0.9406341534384117,-0.8990641691848508,0.6724722047504633,0.9344872879756969,0.16943310287445368,1.0500616025200744,-0.4726021441807625,-0.23840218466780277,0.40067870864673716,1.2779507876327245,1.6078682836210236,1.5254162827445397,-1.4234794409455993,0.6277192701732734
-1.4866631256971363,-1.5491530205831037,0.5056301513630511,-0.2674658354694379,-0.010726877401880934,-0.7468189054715934,-0.8990634025795842,0.6078335252714436,0.8143178069630804,0.18015134713236283,1.029745875022921,-0.44462697865645323,-0.22546738517303358,0.4006784893841402,1.278396070859864,1.5626963704891708,1.487970091944564,-1.0056488434565014,0.6277188575584155
-1.4866608753678021,-1.549150537089348,0.650092981578968,-0.18408451015645594,-0.010726872343287015,-0.5547694560372449,-0.49740615587574005,0.6078331327703013,0.8143171683730333,0.1521008546518832,0.9734573779152831,-0.5028952348719339,-0.3273518356877059,0.40067827012190255,1.2991151032959651,1.5474212080514291,1.4925553580442181,-0.5728326670949442,0.6277184449443712
-1.4866586250486864,-1.5491480536075357,0.7945556760295932,-0.7069247318820818,-0.010726867284700252,0.6120368111448501,0.6391947962713906,0.6078327402699193,0.814316529784488,0.08617054853308734,0.8820403669525707,-0.5582100589021182,-0.46572619454793984,0.40067805086002656,1.3444069520573851,1.5296326892014427,1.5132414408819086,0.47804835608412016,0.6277180323311408
-1.4866563747397896,-1.5491455701376677,0.9390181735863374,1.5278249614258275,-0.010726862226120645,0.4004017788058002,-0.8990633394629421,0.44623647227107494,0.8143158911974457,-0.041749101838255004,0.7370824990778365,-0.4689463057148605,-0.4272667703750365,0.40067783159850995,1.424229674368058,1.4239731992453226,1.4312301807177217,0.779300783481781,0.6277176197187239
-1.4866541244411113,-1.5491430866797435,1.0834804017484396,0.776487078649911,-0.010726857167548193,0.09643665906275399,0.4841412253924884,0.44623621996048274,1.1748213289923009,-0.06347783480701849,0.6174778957820645,-0.32765864209931655,-0.5169533803390631,0.4006776123373527,1.4945724271354424,1.3302846557099628,1.4435334159799043,0.8096569299901022,0.6277172071071206
-1.4866518741526518,-1.549140603233763,1.2279422766432526,0.7999830682093232,-0.010726852108982901,0.14696412968831857,0.3038656506055023,0.4139166405147757,0.9344827091066549,-0.004042606929805892,0.550757279096637,-0.23950671960470477,-0.44652661924403725,0.4006773930765548,1.5201518930659335,1.2521810791283563,1.3712210557871827,0.7260661836098017,0.6277167944963311
-1.4866496238744107,-1.5491381197997265,1.372403703026609,0.8088182662473528,-0.010726847050424764,0.16137893000028444,0.26767930324260625,0.4462357516686861,1.1748191994079524,0.07504018878356654,0.5046941716767375,-0.14573258073644743,-0.3158298826183238,0.4006771738161186,1.538673792315793,1.1972348871758827,1.2981991533511295,0.6980126003752075,0.6277163818863551
-1.4866473736063877,-1.5491356363776332,1.5168645742832818,0.8422239087360758,-0.010726841991873784,0.1956515886716633,0.2761259376876581,0.6078316210729241,0.8143119122134295,0.19832834032524035,0.49022650503372195,0.018077789341897434,-0.08189269374782843,0.40067695455604174,1.5369382527005615,1.1266681306482513,1.1956591672987336,0.7236978563295098,0.6277159692771928
-1.4866451233485831,-1.5491331529674837,1.6613247724275488,0.8434375082280486,-0.01072683693332996,0.1948726863166627,0.26020656012628923,0.6401505808094563,0.7542269032899214,0.30002207979170076,0.4839410232838552,0.15999504205126863,0.11898908863970396,0.40067673529632425,1.5402586531323834,1.075986331227934,1.1194471258041505,0.7021099550551553,0.6277155566688444
-1.4866428731009969,-1.5491306695692775,-1.6613218267106036,-0.7069296278693423,-0.010726831874793293,-0.7584866051161242,-0.6900224717234085,0.8825443729207251,0.6340575577300644,0.3352140066448309,0.4965418069469495,0.21034628441603764,0.1944546837074356,0.40067651603696613,1.5868307565692188,1.1180168179963694,1.15206881664526,-1.2740037869012968,0.6277151440613095
-1.4866406228636286,-1.5491281861830142,-1.5168565620381327,-0.7069291279526934,-0.010726826816263782,-0.9406365794667774,-0.8990655353210867,0.8179049339810063,0.7542259600626777,0.3062060478992401,0.5031180864652768,0.15477082898303302,0.15901289235834473,0.4006762967779697,1.6044106590410006,1.1832247076372042,1.2093429424115598,-1.4355535441646554,0.627714731454588
-1.486638372636479,-1.5491257028086944,-1.372391880931035,-0.706928628037105,-0.010726821757741428,-0.94063574350071,-0.722612565603532,0.7855852404904997,0.8143098138404526,0.2259877250157603,0.5000806190399384,-0.004451561362084824,0.011488825360974295,0.4006760775193326,1.6313984010582718,1.2914548301470508,1.312849876412527,-1.435551472315493,0.6277143188486802
-1.486636122419547,-1.5491232194463178,-1.227927673922969,-0.7069281281225771,-0.01072681669922623,-0.9406349075368715,-0.8990642898330623,0.7694249586453147,0.8143091752682967,0.12305778400853339,0.4927484809501585,-0.24257263598824486,-0.19202832301435496,0.40067585826105484,1.6600088616773392,1.4310913055325567,1.4365156146108164,-1.435549400475301,0.627713906243586
-1.4866338722128332,-1.549120736095884,-1.0834638429220078,-0.7069276282091098,-0.010726811640718188,-0.9406340715752619,-0.8990635232369993,0.7532646945629661,0.8143085366976427,0.03572191607755514,0.4837279206399978,-0.4448892428740956,-0.3788248597216396,0.4006756390031365,1.6836863473615973,1.5445012611139315,1.541908755623865,-1.4355473286440792,0.6277134936393056
-1.486631622016337,-1.5491182527573935,-0.9390003012101659,-0.706927128296703,-0.010726806582217302,-0.9406332356158814,-0.8990627566428971,0.7371044474993552,0.8143078981284906,-0.04701456189418258,0.47263938723658383,-0.6314425866980193,-0.5601307175155973,0.4006754197455798,1.7013181711101149,1.6417833638025268,1.635675550952651,-1.4355452568218279,0.6277130810358388
-1.4866293718300585,-1.5491157694308455,-0.7945369734430173,-0.7069266283853569,-0.010726801523723574,-0.9406323996587292,-0.899061990050756,0.7694232982083005,0.8143072595608414,-0.11108919008745095,0.47698209794840307,-0.7903257748207186,-0.7190486028006069,0.40067520048838257,1.7073650244101088,1.7310116900692387,1.7240259953032082,-1.4355431850085472,0.6277126684331857
-1.4866271216539981,-1.54911328611624,-0.650073795649402,-0.7069261284750713,-0.010726796465237002,1.5572893300232393,-0.8990612234605757,0.7371033273049581,0.8743910721196565,-0.12731615364390045,0.5161522630515369,-0.8004947519966299,-0.8173135522056787,0.40067498123154466,1.6798016015260875,1.7424811532712656,1.7796410897983026,0.05800447424050057,0.6277122558313462
-1.486624871488155,-1.5491108028135776,-0.5056107152311998,-0.7069256285658462,-0.010726791406757585,1.2123097623210934,-0.8990604568723563,0.704783696669478,0.9344747934696535,-0.10746345895540088,0.6141237043000585,-0.35075549963778063,-0.8731502855168106,0.4006747619750661,1.6040466799054705,1.5295751308561958,1.8162603638373673,-0.300525400055386,0.62771184323032
-1.4866226213325295,-1.5491083195228572,-0.361147690963165,-0.7069251286576816,-0.010726786348285328,-0.9406333351295723,-0.8729390159315917,0.6078252649941969,1.1748116763212524,-0.06133503085204639,0.7222072313744115,0.08265645490777587,-0.865016603836949,0.4006745427189492,1.514088357656691,1.3310860156728044,1.815437735340375,-1.4355421748624897,0.6277114306301077
-1.4866203711871213,-1.5491058362440795,-0.21668469299280932,-0.7069246287505777,-0.010726781289820225,-0.9406324991754023,-0.8990589679562688,0.6239845855893332,1.114725958003611,0.02495669033093134,0.8609928800315921,0.32788877514534515,-0.7455405283211968,0.4006743234631917,1.4021371803582068,1.2241168762969952,1.7577910308957345,-1.4355401030674615,0.6277110180307092
-1.486618121051931,-1.549103352977244,-0.0722217028403204,-0.7069241288445343,-0.010726776231362277,-0.9406316632234607,-0.8990582013738607,0.6401438940858089,1.05464037491702,0.08473389798387677,0.9429422565824155,0.3177568762808981,-0.6880688649494631,0.40067410420779365,1.338833280942437,1.230323908435848,1.7310886445272375,-1.4355380312814032,0.627710605432124
-1.4866158709269577,-1.5491008697223507,0.07224128660149513,-0.7069236289395513,-0.010726771172911487,-0.9406308272737481,-0.8748493143846201,0.6078240245554173,1.1748081154569756,0.13095915258088084,1.010930907700647,0.21321365336037504,-0.653188934596892,0.40067388495275486,1.291035371467602,1.281643360424397,1.7193941196183842,-1.4355359595043151,0.6277101928343525
-1.4866136208122016,-1.5490983864794,0.21670427106725615,-0.706923129035629,-0.01072676611446785,-0.9406299913262643,-0.8779459155607082,0.607823632071493,1.1748067969781155,0.16714694686131595,1.0590232799644141,0.08910206553247077,-0.6316848930404572,0.40067366569807783,1.2552228527097093,1.3397312062164466,1.7112318648849605,-1.435533887736197,0.6277097802373947
-1.4866113707076627,-1.5490959032483909,0.3611672349190503,-0.706922629132767,-0.010726761056031372,-0.9406291553810091,-0.8786365623158977,0.6724618559160876,0.9344679397177771,0.158319694571489,1.0741076475679943,-0.06430732323625425,-0.6400045426287738,0.4006734464437602,1.2484007245881874,1.4098401964386351,1.7152283756969577,-1.4355318159770485,0.6277093676412503
-1.486609120613341,-1.5490934200293238,0.5056301511464893,-0.7069221292309658,-0.01072675599760205,-0.9406283194379828,-0.8808486392232812,0.6078227624317282,0.8142982780447452,0.10464030056947315,1.0388803917260612,-0.276665516163201,-0.7195997820732712,0.4006732271898019,1.2576187464725677,1.4718057958242723,1.7148865656788077,-1.4355297442268702,0.6277089550459196
-1.4866068705292363,-1.5490909368221986,0.6500929813667848,-0.706921629330225,-0.010726750939179885,-0.9406274834971852,-0.880845696448539,0.607822369950169,0.8142976394966772,0.021090998357193365,0.9656551619216818,-0.49572185066218155,-0.8738205029877285,0.400673007936203,1.2899431401499009,1.5297572404757405,1.742833998771518,-1.4355276724856614,0.6277085424514025
-1.4866046204553485,-1.5490884536270153,0.7945556758248615,-0.7069211294305446,-0.010726745880764877,-0.9406266475586164,0.29966453155878536,0.6078219774693703,0.8142970009501111,-0.09194306493125091,0.8565835544086401,-0.7469781053066693,-1.0427191933717415,0.4006727886829658,1.350674386555457,1.6095111316034643,1.783677555766207,-0.7092891279847269,0.6277081298576991
-1.4866023703916773,-1.5490859704437734,0.9390181733935138,-0.7069206295319249,-0.010726740822357025,1.2181004588969782,0.9822483293931416,0.446224674421177,0.8142963624050473,-0.22527432460148175,0.7160231246483062,-0.9936098842479496,-1.0442515255014047,0.40067256943008794,1.4282744911296676,1.668835651193623,1.7197992739194408,0.7470260304339564,0.6277077172648092
-1.486600120338223,-1.5490834872724732,1.0834804015736215,-0.7069201296343657,-0.010726735763956326,2.776536635962738,-0.8990553848777195,0.44622442212518115,1.174802342399735,-0.3426307299979989,0.5980794826834265,-0.609475750760876,-0.8046085731263026,0.4006723501775695,1.4989578019802066,1.4551135960781116,1.5738479728451893,0.5297697899302118,0.6277073046727328
-1.4865978702949858,-1.5490810041131144,1.2279422764944352,-0.7069196297378668,-0.010726730705562784,-0.9406263884724105,2.8555554281098794,0.4139046356797144,0.9344633611438471,-0.4205962118724602,0.5215829544245715,-0.25070240902860247,-0.5748391472004528,0.40067213092541043,1.5304845050161666,1.2456504086373366,1.418282788713011,0.5887087336776695,0.6277068920814702
-1.4865956202619646,-1.549078520965697,1.3724037029139433,-0.7069191298424286,-0.010726725647176399,0.4556741396105882,-0.083106850672057,0.4462239538616713,1.174800212946746,-0.46839513195117494,0.4828461190761174,0.05149907725776172,0.018357706156956664,0.40067191167361305,1.5515048694366205,1.1145592767496255,1.1547802727791323,-0.26219842506342345,0.627706479491021
-1.4865933702391603,-1.549076037830221,1.5168645742193316,1.9270560372307604,-0.01072672058879717,-0.9406263336791132,-0.013939386222637996,0.6078208583486061,0.8142923836466421,-0.4540297344576591,0.4792067400143767,0.11742772900932265,0.24518448731356263,0.4006716924221751,1.542499400984798,1.0828705625677926,1.0551225517812615,0.7608253675286276,0.6277060669013854
-1.4865911202265727,-1.5490735547066863,1.6613247724275486,-0.7069195427284557,-0.010726715530425096,-0.6440606706324911,-0.8990550316884792,0.6401400251193213,0.7542072844021728,-0.39012253547596937,0.4758134963154374,0.0518408891999127,0.28981702849643365,0.4006714731710965,1.5452127131486173,1.1178263518137774,1.0434735370937684,-1.4355296413944731,0.6277056543125634
-1.486588870224201,-1.5490710715950922,-1.661321826777273,-0.7069190428345342,-0.010726710472060181,-0.940625149922291,2.0566237687552,0.8825353698569557,0.6340377581539856,-0.3237391996426815,0.48536413596846645,-0.0704908761930512,0.3026586670011925,0.40067125392037733,1.5951390488907313,1.2383947921194487,1.1043164043445077,0.2270648466002902,0.627705241724555
-1.4865866202320461,-1.5490685884954394,-1.516856562155521,-0.7069185429416731,-0.010726705413702419,-0.3880735147200403,-0.8990548354461566,0.8178955169177489,0.7542063412433827,-0.29757048142721676,0.4874165031620982,-0.23106994163904057,0.45718855156298877,0.4006710346700175,1.6170943402327227,1.3536634477635765,1.0806807075286509,-1.4355284257687728,0.6277048291373604
-1.486584370250107,-1.5490661054077273,-1.3723918810859341,-0.7069180430498726,-0.010726700355351816,-0.9406243247541192,-0.8990540688812657,0.7855756164418569,0.8142902854232754,-0.30381702714826,0.4824068922358119,-0.3734430906348653,0.4654989786511093,0.4006708154200194,1.6459748659426523,1.459399617971455,1.1144616378084706,-1.435526354051566,0.6277044165509791
-1.4865821202783842,-1.5490636223319558,-1.2279276741046492,-0.6805743257832775,-0.010726695297008367,-0.9406234888288759,-0.8990533023183352,0.769415231115481,0.814289646893096,-0.33527036177053415,0.47543511124172894,-0.5398184049092535,0.22477399862839464,0.4006705961703807,1.674425683386271,1.570926563560397,1.2481193355634712,-1.4355242823433287,0.6277040039654115
-1.4865798703168775,-1.5490611392681255,-1.0834638431219596,2.4367775566876704,-0.010726690238672076,-0.9406226529058616,-0.8990525357573659,0.7532548635511984,0.8142890083644188,-0.3267823272783167,0.46446000954907196,-0.7210447574158436,0.005345778727114368,0.4006703769211014,1.699930240752777,1.6783237678257936,1.3632171262097441,0.8575419990512279,0.6277035913806575
-1.4865776203655872,-1.5490586562162356,-0.9390003014218413,-0.7069177323331448,-0.010726685180342938,-0.8889273892110074,-0.8990517691983573,0.737094513004928,0.8142883698372443,-0.20944242966101348,0.4489847177238022,-0.9551031902090575,-0.34458687100212093,0.4006701576721815,1.7215073417115085,1.8034747375782076,1.5317124382213594,-1.4355231984370733,0.6277031787967167
-1.4865753704245126,-1.5490561731762864,-0.7945369736615746,0.5420101333984108,-0.010726680122020956,0.3014970888418539,0.18834663831386353,0.769413570754026,0.8142877313115717,-0.16304323866106396,0.4508661265820529,-0.9906337026567088,-0.4578436590173522,0.40066993842362325,1.7277280121159433,1.8298192026367366,1.59341331466791,0.8393209511665909,0.6277027662135898
-1.4865731204936536,-1.5490536901482777,-0.650073795871447,0.7076375043194728,-0.010726675063706134,0.28358659311472756,0.2266209948909176,0.7370933928606676,0.8743716342806757,-0.07145148519748674,0.4939470791993476,-0.8548901757632533,-0.41332347982456213,0.4006697191754245,1.699725946406712,1.7700040450320613,1.5813727530592931,0.7849679390400772,0.6277023536312764
-1.4865708705730103,-1.549051207132209,-0.5056107154545284,-0.7069188126935804,-0.010726670005398465,-0.8856461889316875,-0.8990522049789513,0.7047735552357405,0.934455446046833,0.0661264570493528,0.6014370572011216,-0.5132749286948253,-0.20788849031124454,0.40066949992758505,1.6155479774540453,1.6080617231957741,1.4920054536745875,-1.435523118317354,0.6277019410497766
-1.486568620662583,-1.5490487241280806,-0.36114769118650664,-0.7069183128047619,-0.010726664947097952,-0.9137310099467049,-0.8990514384233683,0.6078145025379783,1.1747926904359194,0.14780677641594203,0.7165908615350784,-0.3203813841675634,-0.1590850235691261,0.4006692806801051,1.521382346933681,1.5194905234337965,1.4735473650886302,-1.4355210466317965,0.6277015284690903
-1.4865663707623713,-1.5490462411358923,-0.21668469321556888,-0.7069178129170037,-0.010726659888804595,-0.9406209065634232,-0.8990506718697461,0.6239739266606236,1.1147068818205819,0.264341842170304,0.8527434226051768,-0.280239934896318,-0.14573616287732738,0.40066906143298675,1.415831137669409,1.506695724279889,1.4735965324579836,-1.4355189749552082,0.6277011158892175
-1.4865641208723752,-1.5490437581556438,-0.07222170306232102,-0.706917313030306,-0.010726654830518396,-0.8705437399109875,-0.8990499053180845,0.6401333386852126,1.0546212084287068,0.3174441149740463,0.9363594712543114,-0.26594960796702405,-0.18127851310338639,0.40066884218622784,1.3520308386628428,1.5025218303451797,1.4927825888145476,-1.435516903287589,0.6277007033101584
-1.4865618709925943,-1.549041275187336,0.07224128638026948,-0.7069168131446689,-0.01072664977223935,-0.9406193571127397,1.4282187593788338,0.6078132621595684,1.1747891297834427,0.34883750242927875,1.0126181741783211,-0.2824068922225309,-0.14745227692302276,0.4006686229398283,1.2972435302334961,1.515105456336773,1.4817454575584879,-0.01130079456357737,0.6277002907319127
-1.486559621123029,-1.5490387922309672,0.2167042708469181,-0.7069163132600922,-0.010726644713967462,0.3522735126942732,-0.8990500448147936,0.6078128696952257,1.1747878113804398,0.35308764605405873,1.072296000334896,-0.3046994142614435,0.05289585395125957,0.40066840369378826,1.2517257146516774,1.5275202824118868,1.3911736796235186,-0.6810507405155481,0.6276998781544805
-1.4865573712636788,-1.5490363092865385,0.3611672347000664,-0.7069158133765759,-0.01072663965570273,-0.9406192418733333,-0.8990492782663131,0.6724515075896084,0.9344485926820253,0.32600878032932057,1.0858376747096614,-0.2792688591520149,0.1681235061643567,0.4006681844481075,1.2425937792386799,1.5122540911694222,1.3360107582607699,-1.435515218414655,0.6276994655778619
-1.486555121414544,-1.5490338263540495,0.5056301509299375,-0.578458654787179,-0.010726634597445151,-0.9406184059663076,-0.8990485117197934,0.6078120000968094,0.8142787503041827,0.2650458921758984,1.0615175584919572,-0.3098075253847476,0.10028289004217031,0.4006679652027885,1.2464647209793527,1.49593945732668,1.3364867512704466,-1.4355131467675712,0.6276990530020569
-1.486552871575624,-1.5490313434335001,0.6500929811546118,-0.7069149897841354,-0.01072662953919473,-0.9406175700615105,-0.8990477451752347,0.6078116076348317,0.8142781117980887,0.16419774381763383,0.988669901542188,-0.45476412474865413,-0.1559463735053962,0.40066774595782895,1.2811213292273655,1.522493704903691,1.4112477059366273,-1.4355110751294569,0.6276986404270655
-1.4865506217469198,-1.5490288605248899,0.7945556756201398,-0.706914489903593,-0.010726624480951465,-0.9406167341589418,-0.8990469786326366,0.607811215173614,0.8142774732934974,0.04312427516458997,0.8852181122138669,-0.7368479363017006,-0.469652579419296,0.4006675267132288,1.3358690807849214,1.6135850298681815,1.5125173127249423,-1.435509003500311,0.6276982278528874
-1.4865483719284303,-1.5490263776282192,0.9390181732006995,1.314583010954164,-0.010726619422715354,0.7323807830917968,-0.8990462120919989,0.44621287706832385,0.8142768347904081,-0.13459108683410678,0.756187631143051,-0.8770601884343998,-0.683710156057621,0.400667307468988,1.4026194836875705,1.617936574404584,1.5502868892690698,0.9114657161799269,0.6276978152795231
-1.4865461221201557,-1.5490238947434878,1.0834804013988113,0.6801176379661864,-0.010726614364486402,0.1374492450607856,0.5572689951721488,0.44621262478692336,1.174783357118089,-0.16853292692959568,0.6254519650386834,-0.7833382235478198,-0.9271284183600091,0.40066708822510894,1.4826878204743665,1.5427878678205689,1.6380183968236168,0.874914615388271,0.6276974027069723
-1.486543872322096,-1.5490214118706958,1.2279422763456243,-0.706915807485449,-0.010726609306264602,1.0143372231917647,1.2047484239813018,0.41389263134014637,0.9344440144031755,-0.15698762200828267,0.5510199215824113,-0.6444576643401553,-0.8273244913897051,0.4006668689815893,1.5162511789236428,1.4382936530602533,1.550011931499686,0.7072499939088271,0.6276969901352348
-1.4865416225342512,-1.5490189290098424,1.3724037028012823,1.083882892193114,-0.01072660424804996,0.06152561338327591,0.15799187862124453,0.4462121565516978,1.174781227796447,-0.12933365658535995,0.49278221623252866,-0.31860644711660757,-0.45598259436945804,0.40066664973842914,1.5511327118318985,1.2835101826937942,1.3712466209885723,0.7682910681093181,0.6276965775643109
-1.486539372756621,-1.5490164461609284,1.5168645741553843,-0.7069162714505464,-0.010726599189842473,0.43089146138032897,0.5175281173160657,0.607810096129074,0.8142728562575926,-0.0763653188085954,0.48399084269238035,-0.043764627953658805,-0.11695771008545927,0.40066643049562833,1.5485726671058466,1.1669918576997964,1.2248594273282751,0.09878836659836643,0.6276961649942004
-1.4865371229892053,-1.5490139633239532,1.6613247724275477,-0.706915771571322,-0.01072659413164214,0.8500520693137396,0.9117922713310004,0.6401294699355196,0.7541876666699641,-0.0785223661193274,0.4791583380296982,0.1820354057446064,0.15818167143347578,0.40066621125318685,1.5500002203837102,1.0769785589131924,1.1133219362534041,0.5224517214044606,0.6276957524249037
-1.486534873232004,-1.5490114804989166,-1.6613218268439387,2.552413539477503,-0.010726589073448966,-0.9406204949538423,-0.8990495000709338,0.882526367311136,0.6340179596890562,-0.0564581995802746,0.49670190370135686,0.3155921964762481,0.3162397282115621,0.40066599201110725,1.5978452737235997,1.0920410811983634,1.119396178255186,0.8436109967944435,0.8048663948606354
-1.4865326234850171,-1.549008997685819,-1.5168565622729036,-0.7069158404700958,-0.010726584015262944,-0.7477489973272804,-0.8990487335312846,0.8178861003693407,0.7541867235796208,0.008328724622802467,0.5027093066620112,0.2888429734004875,0.30224056035041413,0.40066577276938703,1.6068127980221123,1.127441931361893,1.1497737839736217,-1.4355136356368718,-1.4867052089588817
-1.4865303737482447,-1.54900651488466,-1.3723918812408265,-0.7069153405927934,-0.01072657895708408,-0.9406191494521519,-0.8990479669935958,0.7855659929065123,0.8142707581838196,0.06161919559110692,0.5008710454967684,0.14723725462435253,0.14778092547870764,0.40066555352802613,1.6321225703135651,1.2249643474905678,1.2533666426947905,-1.4355115640166376,-1.4867029586012175
-1.4865281240216868,-1.5490040320954392,-1.2279276742863217,-0.7069148407165513,-0.01072657389891237,-0.9406183135547446,-0.899047200457868,0.7694055040981685,0.8142701196956135,0.026085409181925447,0.494990335911858,-0.07193252054561054,-0.08126348478854038,0.4006653342870247,1.6591874973348433,1.3529341981856229,1.3861889463472106,-1.435509492405372,-1.486700708253772
-1.486525874305343,-1.5490015493181568,-1.0834638433219022,-0.7069143408413698,-0.010726568840747816,-0.9406174776595657,-0.8990464339241008,0.7532450330511754,0.8142694812089093,-0.02185182445189397,0.4858584925814659,-0.28757450288927355,-0.29781924272678534,0.40066511504638275,1.6828484888640485,1.4701527142225794,1.5040499681053106,-1.435507420803075,-1.4866984579165452
-1.486523624599213,-1.5489990665528128,-0.9390003016335071,-0.7069138409672486,-0.010726563782590418,-0.9406166417666153,-0.8990456673922943,0.7370845790214687,0.8142688427237071,-0.08290127965428556,0.47464408488942134,-0.49070437163809644,-0.4982404696140762,0.4006648958061025,1.7005154000984408,1.5734794566900159,1.6060417371338387,-1.4355053492097467,-1.4866962075895371
-1.4865213749032977,-1.548996583799407,-0.7945369738801219,-0.7069133410941879,-0.010726558724440175,-0.9406158058758933,-0.8990449008624483,0.7694038438122667,0.8142682042400069,-0.13434856454038333,0.47883041871869475,-0.6673767762997697,-0.6701858386508855,0.4006646765661816,1.7066278260884338,1.669896529194729,1.700096280887637,-1.435503277625387,-1.4866939572727478
-1.486519125217596,-1.5489941010579396,-0.6500737960934817,-0.7069128412221876,-0.010726553666297088,-0.7106932646208222,-0.8990441343345631,0.7370834589273405,0.8743521976415872,-0.1441308690852659,0.5175010704569654,-0.7662576255861965,-0.7670110406591972,0.4006644573266202,1.6794566876986003,1.7255008940558578,1.7546157880135498,-1.4355012060499954,-1.4866917069661763
-1.4865168755421085,-1.54899161832841,-0.5056107156778472,-0.6544982338538698,-0.010726548608161158,-0.9406145193006789,-0.8990433678086385,0.7047634143114153,0.934436099846092,-0.12455554116432355,0.5952781697712429,-0.7986766166624847,-0.8303201962754704,0.40066423808741813,1.6210797432166535,1.7501045051191808,1.7948908881045007,-1.4354991344835728,-1.4866894566698234
-1.4865146258768347,-1.5489891356108183,-0.36114769140983843,-0.7069119146916204,-0.010726543550032382,-0.9406136834159788,-0.8990426012846743,0.6078037405865229,1.1747737058614307,-0.08153524154661347,0.6910844757967852,-0.7883895330438915,-0.8468731555177145,0.40066401884857555,1.5429620419353136,1.7490810620641553,1.8075449041242506,-1.4354970629261183,-1.486687206383689
-1.4865123762217747,-1.5489866529051641,-0.2166846934383186,-0.706911414822715,-0.010726538491910761,-0.940612847533507,-0.8990418347626707,0.6239632682374503,1.1146878069261965,-0.011827184114936993,0.8029378277665337,-0.7246656440048039,-0.7987282571344868,0.40066379961009474,1.457242771538481,1.723766688742157,1.7901336766078344,-1.435494991377632,-1.4866849561077728
-1.4865101265769283,-1.5489841702114482,-0.07222170328431166,-0.70691091495487,-0.010726533433796299,-0.9406120116532639,-0.899041068242628,0.640122783790925,1.0546020432068381,0.05342627922997059,0.8998173787580737,-0.6750048403542693,-0.7460637518078232,0.4006635803719733,1.38363724992238,1.7025934396837819,1.7674057602227082,-1.4354929198381143,-1.4866827058420746
-1.4865078769422955,-1.5489816875296696,0.07224128615905388,-0.7069104150880855,-0.01072652837568899,-0.940611175775249,-0.8729211592235148,0.6078025002684776,1.1747701454207313,0.09963527383477219,0.9699676415338022,-0.6686551806804181,-0.7159286306483431,0.4006633611342113,1.333261313236543,1.7041297691518815,1.7571142102005237,-1.4354908483075648,-1.4866804555865942
-1.4865056273178765,-1.5489792048598288,0.21670427062659,-0.687210456391759,-0.010726523317588835,-0.9406103398994626,-0.8990395794573337,0.6078021078237149,1.1747688270935774,0.13686074021599245,1.0205978975108254,-0.681820966904668,-0.6937802997272464,0.4006631418968087,1.294382063995824,1.71212324900435,1.747475545498824,-1.4354887767859832,-1.4866782053413323
-1.4865033777036705,-1.548976722201925,0.36116723448109256,-0.7069094430878454,-0.010726518259495839,-0.9406095040259045,-0.8990388129431011,0.6724411597709816,0.9344292468683129,0.12915128055189926,1.037900034103889,-0.7268299920223285,-0.6996091806958933,0.4006629226597656,1.2848942454856078,1.7334960907536923,1.7491541396786765,-1.4354867052733697,-1.486675955106288
-1.4865011280996783,-1.5489742395559587,0.5056301507133955,-0.7069089432242093,-0.010726513201409996,-0.9406086681545749,-0.8990380464308292,0.6078012382666433,0.8142592237412717,0.08572466568027266,1.0113830579233107,-0.8077413286357074,-0.7521106177629169,0.4006627034230842,1.2905973988203099,1.7416513766742763,1.7423776850984107,-1.4354846337697245,-1.486673704881462
-1.4864988785058992,-1.5489717569219301,0.6500929809424485,0.8271411341157596,-0.01072650814333131,-0.9406078322854736,-0.8990372799205177,0.6078008458242452,0.814258585277148,0.02587765716275507,0.9520894227678488,-0.9207937133790435,-0.8534273217303784,0.4006624841867622,1.314068769314505,1.7536741157408062,1.7474544086843256,-0.2795692972877834,-0.3196533290343464
-1.4864966289223331,-1.5489692742998384,0.7945556754154277,0.4603788905913292,-0.010726503085259778,0.3842964432489194,0.42449147812044813,0.6078004533826076,0.8142579468145262,-0.018848616422968614,0.8565341569530618,-1.0548058251709516,-0.9916569142418531,0.40066226495079965,1.363173148003353,1.775245539467431,1.769904758683454,0.9385233979700784,0.9101414827934131
-1.4864943793489804,-1.5489667916896837,0.9390181730078943,-0.7069100254100926,-0.010726498027195401,1.1575500883370942,1.189359732600669,0.4462010802124747,0.8142573083534065,-0.07623369661802368,0.7050593569845698,-1.074299734414245,-1.0220727896253987,0.40066204571519654,1.4489635249750958,1.7177749100375475,1.7171797940938136,0.7666091995976839,0.7435627832832499
-1.4864921297858409,-1.548964309091466,1.0834804012240098,-0.7069095255476557,-0.010726492969138182,1.1617870268005024,1.1913381454102305,0.446200827945668,1.174764373147222,-0.15157386705305467,0.5875806078393009,-0.5959987731935104,-0.5378977204656783,0.4006618264799529,1.5180990134560468,1.4546665303259434,1.4534581923000571,0.6452127591574679,0.6182457869279024
-1.4864898802329138,-1.5489618265051852,1.2279422761968213,2.5634300191942354,-0.010726487911088115,-0.9406096180423171,-0.8990391527119167,0.4138806274960309,0.9344246688845118,-0.20436541982761985,0.5178170912153609,-0.37424097209961804,-0.3108068789024329,0.400661607245071,1.5447400290360984,1.3136581944676515,1.3107062337991942,0.8734926841186194,0.8356826822436335
-1.4864876306902004,-1.5489593439308411,1.3724037026886275,-0.7069095860725715,-0.010726482853045205,-0.6505734253088373,-0.6096255357163346,0.44620035973872463,1.1747622439569119,-0.1528140242244535,0.4828086761713463,-0.31831306207434495,-0.25297913527768456,0.4006613880105485,1.5671254793212408,1.2904646923039387,1.2869546548804973,-1.139286031035365,-1.18762936393892
-1.4864853811576995,-1.5489568613684337,1.5168645740914406,0.5345161248307773,-0.01072647779500945,0.0007288221643037317,0.036429491587497045,0.6077993344142854,0.8142533300461554,-0.0694436175258584,0.4701427192413931,-0.32838031883727276,-0.26223995516200915,0.40066116877638547,1.5643701611688225,1.2944653861624422,1.290542924151995,0.5972713528928589,0.5656113438056819
-1.4864831316354115,-1.5489543788179632,1.661324772427548,0.6555419812621509,-0.01072647273698085,0.0883581574367838,0.12331250253879682,0.640118915258009,0.7541680500931728,-0.006683237882034491,0.46131987161444676,-0.31078211411610696,-0.24379004376004426,0.40066094954258186,1.5683358676604762,1.2934631745796723,1.2893165650162448,0.7253336527299572,0.6949039722081869
-1.486480882123336,-1.4381932754786817,-1.6613218269106014,0.8081892121114818,-0.010726467678959406,0.21523216162563505,0.24920542046297695,0.6077985075037814,1.1747598721784307,0.05985377128457529,0.45574894503021135,-0.244003580266463,-0.17522226916484732,0.4006607303091377,1.5822488635000431,1.2921001644250143,1.2877678654891123,0.7380700376220151,0.7077626863988636
-1.4864786326214732,-1.4381911948147643,-1.5168565623902803,-0.30811799209736096,-0.010726462620945117,-0.8721363489178552,-0.8308370049775968,0.7693974381713575,0.8142508922948212,0.1239423511140158,0.45857350718308537,-0.16782918831448201,-0.09711445448824117,0.4006605110760552,1.5979892215354474,1.2959918885876958,1.2915491931172347,-1.1565530757669704,-1.2050621731948457
-1.4864763831298229,-1.4381891141598773,-1.372391881395711,-0.7069115253822483,-0.010726457562937984,-0.9406093016647745,-0.8990390494770194,0.5754775065696516,1.0545887745463862,0.12644402962886292,0.4495558960720641,-0.21459244028733734,-0.1445940965200761,0.40066029184333224,1.6165138946966038,1.3388815329446377,1.334739524356872,-1.435487290111907,-1.4866759753444152
-1.4864741336483849,-1.4381870335140206,-1.2279276744679848,-0.6030769514665376,-0.010726452504938006,-0.9406084658032521,-0.899038282973039,0.6077971554710069,0.814249216333651,0.07174057701187847,0.43850018254401624,-0.346253297025047,-0.2788602944979917,0.4006600726109687,1.6296689001733569,1.4026699419811337,1.3990776856456708,-1.4354852186297216,-1.4866737251449793
-1.4864718841771594,-1.4381849528771942,-1.0834638435218351,-0.7069106689120395,-0.010726447446945182,-0.9406076299439579,-0.8990375164710193,0.7370762064706826,1.1747563349896544,0.003011011430416586,0.4383619152799487,-0.5899152164511938,-0.46931003182770736,0.40065985337896465,1.648613564670315,1.5519742775942198,1.52214761578083,-1.4354831471565042,-1.4866714749557606
-1.4864696347161461,-1.4381828722493977,-0.9390003018451631,-0.7069101690535579,-0.010726442388959513,-0.9280456310560528,-0.8894673237831919,0.8663554147941607,1.0545858273275177,-0.058447586498097254,0.4465409356534468,-0.7948642517187732,-0.709293308935108,0.40065963414732003,1.6806763225497918,1.7145439741114175,1.7003402044670797,-1.4354810756922545,-1.4866692247767592
-1.4864673852653452,-1.4381807916306317,-0.7945369740986591,-0.7069096691961366,-0.010726437330981,-0.9186073215133518,-0.8798176409269891,0.930994410561566,0.814246286708501,-0.1005935119655322,0.46664648899620437,-0.8836340551052498,-0.80741624047718,0.4006594149160371,1.6888148771214124,1.801611855613058,1.7917595383435314,-1.4354790042369723,-1.4866669746079755
-1.486465135824756,-1.4381787110208955,-0.6500737963155064,-0.7069091693397759,-0.010726432273009642,0.019162954109499083,-0.899035265868941,1.092592982684244,0.8142456482716403,-0.10108750588527843,0.5367984134898276,-0.8967811867816605,-0.8573401877063148,0.40065919568511366,1.6814769256069253,1.8881487968364787,1.8977821481352029,-0.8370254445344761,-0.8824641768478823
-1.4864628863943792,-1.4381766304201893,-0.5056107159011556,-0.7069086694844753,-0.01072642721504544,-0.940605644909157,-0.6948982996336494,1.2218711731700824,1.0545835766188387,-0.059549632565740834,0.6504920635638803,-0.7751623100432906,-0.8325292807393914,0.4006589764545496,1.6575988346292858,1.941197419007157,2.0036088042368303,-1.4354763461278721,-1.4866640473991377
-1.4864606369742144,-1.4381745498285132,-0.36114769163316013,-0.7069081696302353,-0.01072642215708839,-0.9406048090586638,-0.8990340633008412,0.9309911072238148,1.174751741282362,0.013224778164728947,0.7947028025404893,-0.6411726896758234,-0.7528936466229035,0.4006587572243451,1.5997918207744402,1.9564691090394846,2.049441981285115,-1.435474274694465,-1.4866617972553462
-1.4864583875642614,-1.4381724692458668,-0.21668469366105841,-0.7069076697770554,-0.010726417099138498,-0.9406039732103991,-0.8990332968099721,1.2541889058402285,0.15331124546907673,0.12289996046394837,0.9595643367550604,-0.4544503164410109,-0.597440359349856,0.40065853799449996,1.4954005592642303,1.8809998238103176,1.9899773340377815,-1.435472203270025,-1.4866595471217714
-1.4864561381645205,-1.4381703886722503,-0.07222170350629276,-0.706907169924936,-0.01072641204119576,-0.9406031373643626,-0.8990325303210633,1.4157865166920267,-0.38745136966216637,0.240280851894573,1.1184101381771516,-0.30507814450650333,-0.44094294549295265,0.40065831876501434,1.3690807271214995,1.7734603133657434,1.8766484798300855,-1.4354701318545524,-1.486657296998414
-1.486453888774991,-1.4381683081076635,0.0722412859378478,-0.7069066700738769,-0.010726406983260177,-0.9200474557670724,-0.899031763834115,1.5773834623759813,-0.9282135968803241,0.35163410148648466,1.2694366484375736,-0.13240666901470619,-0.2912366193759184,0.4006580995358905,1.2169955868669713,1.5962717960383879,1.706602175909011,-1.435468060448047,-1.4866550468852733
-1.4864516393956733,-1.4381662275521065,0.21670427040627158,-0.7069061702238779,-0.010726401925331749,-0.940601502022703,-0.8990309973491268,1.4157820303627964,-0.6277892524450265,0.4533677447463023,1.3665510312554228,-0.11155299121967509,-0.1896069941484975,0.400657880307126,1.1076319435889865,1.5030311837441261,1.571577517503698,-1.4354659890505088,-1.4866527967823495
-1.4864493900265676,-1.438164147005579,0.3611672342621283,-0.7069056703749395,-0.010726396867410476,-0.9406006661832885,-0.8990302308660995,1.2541811589377925,-0.6277888397951275,0.4549885194595085,1.3967028471246767,-0.14245561309897958,-0.16197128819585993,0.40065766107872103,1.0321140502445707,1.4137410676581428,1.4524431442880203,-1.435463917661938,-1.4866505466896425
-1.4864471406676731,-1.4381620664680812,0.5056301504968631,-0.6793775214710218,-0.010726391809496357,-0.9405998303461025,-0.8990294643850323,1.0925807225696722,-0.9882968428133242,0.43113602457531014,1.3819902172428555,-0.2033958598061508,-0.19081097523084464,0.40065744185067553,0.9770374673179855,1.3284492974955233,1.3503692658373705,-1.4354618462823339,-1.4866482966071521
-1.4864448913189903,-1.4381599859396128,0.6500929807302943,-0.7069047093568793,-0.010726386751589394,-0.9405989945111447,-0.8990286979059257,0.9309806116464613,0.8142471590795374,0.370779118841632,1.325984979391969,-0.32351969584342566,-0.2816251890710093,0.4006572226229894,0.9948396689699287,1.3493479429233004,1.3571712797755333,-1.4354597749116969,-1.4866460465348785
-1.4864426419805186,-1.4381579054201736,0.7945556752107242,-0.6912744253172808,-0.010726381693689587,-0.9405981586784149,-0.8990279314287796,0.8663402375771713,-0.147110064317548,0.22119774943410048,1.205374065632828,-0.5357117812047435,-0.4944892369786269,0.4006570033956652,1.031366801440551,1.368330178915474,1.374674692441748,-1.4354577035500269,-1.4866437964728214
-1.4864403926522582,-1.438155824909764,0.9390181728150974,-0.7069037316882629,-0.010726376635796935,0.2216861216823055,-0.8990271649535937,0.8016999500129282,-0.08702516436876964,0.093319042627478,1.0459927236677367,-0.819927091408524,-0.7423578777664981,0.40065678416870026,1.086119579518766,1.411618438482914,1.3989304782080767,-0.7385264285400378,-0.7484128213981176
-1.486438143334209,-1.4381537444083836,1.0834804010492156,-0.7069032318445545,-0.010726371577911438,-0.9405979535724689,1.8701164614381907,0.7370594279652359,-0.026940264936093562,-0.04592118269702902,0.8924583806488026,-0.8928804044677484,-0.9631414110918375,0.4006565649420949,1.1432092668845446,1.3707031186802403,1.425187417152351,0.19456309534898814,0.20704115088338793
-1.486435894026371,-1.4381516639160326,1.227942276048024,-0.7069027320019063,-0.010726366520033096,2.673993997164813,-0.8990271033739068,0.67241927614249,-0.026940252225011257,-0.15930965734542146,0.7768254775762646,-0.7935079927415376,-0.8442756275865154,0.40065634571584896,1.1617673861314242,1.2461606948504875,1.2897570645061103,0.5885331127821041,0.570084659909352
-1.4864336447287438,-1.43814958343271,1.3724037025759774,1.5426383304095064,-0.010726361462161908,-0.9405969117383685,0.5225838979985954,0.5916191873421931,0.21339941593291525,-0.2556242948329435,0.6905857335825919,-0.42372710405749886,-0.5502670961664176,0.40065612648996246,1.1864171699511459,1.0496245888044975,1.1243598082051882,0.8941117178333016,0.8570297275817184
-1.4864313954413282,-1.4381475029584174,1.5168645740274993,-0.7069032269580906,-0.010726356404297874,1.1212376122205518,1.1099210547311331,0.49465915101700564,0.39365411270288214,-0.23012678761144514,0.6237425760828198,-0.18125300788877238,-0.3533185553333425,0.40065590726443545,1.2066024008688712,0.9242095193342699,1.0157434695221481,0.6173599492861246,0.5933591207627643
-1.486429146164123,-1.4381454224931534,1.6613247724275477,-0.7069027271168622,-0.010726351346440996,-0.94059701914837,2.7846635546936764,0.4138591567028951,0.5739087359409794,-0.21963083950661655,0.5754333568579271,-0.062329583951772884,0.11916321211583206,0.4006556880392702,1.1937537444865165,0.8454858476941144,0.7941930722853825,0.44186562457349154,0.41790907009417816
-1.4864268968971288,-1.3273860102401218,-1.6613218269772612,1.6038827145958479,-0.010726346288591275,0.3429329748783725,-0.8990278489286824,0.44617894668479896,0.45373845133933277,-0.20185860841395914,0.5472897788198473,-0.028815198624155713,0.5050009851467105,0.4006554688144644,1.1759058086131904,0.8066197644286934,0.6229110044267718,0.7978311516825954,0.752949277281291
-1.4864246476403453,-1.3273842817113795,-1.5168565625076522,-0.44043109407726383,-0.010726341230748707,-0.9405968980166163,-0.899027082458689,0.2845791459487364,0.814248027777141,-0.15849586150741715,0.5201921077749461,-0.01925032646652968,0.6138836207606764,0.4006552495900181,1.1839610230337407,0.796347014849635,0.5768399497569792,-1.4023881885017484,-1.453256499803671
-1.4864223983937725,-1.3273825531893895,-1.3723918815505896,-0.706903068925992,-0.010726336172913293,-0.9405960621945919,-0.8990263159906561,0.2845790009093511,0.6339924726403732,-0.14119516665786083,0.48045326435170665,-0.13454873635554085,0.4732221637600851,0.40065503036593125,1.1683315188603014,0.8090150074539165,0.5968306667119891,-1.4354590382592554,-1.4866448701109725
-1.4864201491574103,-1.3273808246741525,-1.2279276746496408,-0.7069025690868351,-0.010726331115085036,-0.9405952263747959,-0.8990255495245834,0.20377900297305712,0.6940770500501607,-0.18115502516998738,0.44176646400018516,-0.3433305776297169,0.19317064006368698,0.40065481114220386,1.1376230552008277,0.8409881849827437,0.651435696146869,-1.4354569669196113,-1.4866426200743643
-1.4864178999312587,-1.3273790961656677,-1.0834638437217596,-0.7069020692487384,-0.010726326057263933,-0.9405943905572277,-0.8990247830604712,0.12297900973161352,0.8142465655883585,-0.2429753069597906,0.3921146697317091,-0.5791822621837079,-0.11049548843353219,0.4006545919188359,1.1087771729655265,0.8792699724168619,0.7113569382131233,-1.4354548955889346,-1.486640370047973
-1.4864156507153172,-1.3273773676639358,-0.9390003020568097,-0.7069015694117021,-0.010726320999449984,2.515024912584767,-0.8990240165983193,0.15529904679721024,0.453735788446713,-0.31595893064858743,0.35797262989464945,-0.7267929133774589,-0.4188349605734387,0.40065437269582976,1.0442792551780056,0.8528513221966336,0.7458699589079343,0.4844666516074465,0.5175791210126277
-1.4864134015095865,-1.3273756391689564,-0.7945369743171868,-0.7069010695757262,-0.01072631594164319,-0.9405935646641275,-0.8990232501381278,0.12297886101600697,0.8142458041755097,-0.3745506108995208,0.3406162749614032,-0.4923757445953007,-0.6661715735610574,0.40065415347318306,0.9976730118825698,0.7241502181256382,0.8063480312389351,-1.4354537990365854,-1.4866391212366974
-1.486411152314066,-1.3273739106807294,-0.6500737965375211,-0.7069005697408104,-0.010726310883843551,-0.9405927288517868,-0.8112219219659744,0.12297880215732353,0.754160127800283,-0.389123292825122,0.36146727214151275,-0.40910686768286303,-0.9078896188296618,0.4006539342508959,0.9387662888274103,0.6778927687826147,0.8882137100319177,-1.4354517277224943,-1.486636871229258
-1.4864089031287557,-1.3273721821992548,-0.5056107161244539,-0.7069000699069549,-0.010726305826051066,-0.940591893041674,-0.899021863663939,0.2522586869509485,0.5739043757299459,-0.36214720627651664,0.4160222976298341,-0.38974244088556453,-0.9286404726159968,0.4006537150289681,0.8749923220623531,0.672462105321348,0.8988069555224902,-1.4354496564173698,-1.4866346212320347
-1.4864066539536556,-1.327370453724533,-0.36114769185647144,-0.7068995700741596,-0.010726300768265737,-0.9405910572337897,-0.8990210972093922,0.28457871311921895,0.45373381818910885,-0.3064893481906239,0.5159702196490109,-0.40725447695265954,-0.9361634707617628,0.40065349580739984,0.7780051712021561,0.6796790857140486,0.9024983346553584,-1.4354475851212112,-1.4866323712450273
-1.4864044047887655,-1.3273687252565627,-0.21668469388378764,-0.7068990702424246,-0.010726295710487561,-0.9405902214281333,-0.838135104563568,0.4461787704754251,-0.20720297504533422,-0.2428809360482556,0.6152011394673489,-0.46553731885288535,-0.9435401193711384,0.4006532765861911,0.6592433577584597,0.6637742539502601,0.8646026631056513,-1.4354455138340194,-1.4866301212682358
-1.4864021556340852,-1.327366996795345,-0.0722217037282631,-0.7068985704117499,-0.01072629065271654,-0.940589385624705,-0.8990196665491988,0.6400989130675396,-0.38745836313213966,-0.07527845686612139,0.8012397449937697,-0.469670952431061,-0.8661991021405695,0.3224783232433065,0.4907637464372799,0.6378616348245137,0.8044405087507147,-1.4354434425557936,-1.48662787130166
-1.486399906489615,-1.32736526834088,0.07224128571665228,-0.7068980705821354,-0.010726285594952674,-0.9405885498235046,-0.8990189001003676,0.9309787184769246,-0.6878840027082678,0.1843738915272168,1.0154206253893758,-0.2175568754135346,-0.6305684469263809,-0.054552945524530154,0.33664550979709756,0.558070332918838,0.7273302871584362,-1.4354413712865344,-1.4866256213453
-1.4863976573553546,-1.3273635398931667,0.21670427018596364,-0.7068975707535812,-0.010726280537195964,-0.9405877140245323,-0.8990181336534965,0.9309778991115593,-0.6878835249251605,0.4348224848960527,1.1904045302962951,-0.15020830827294288,-0.28259585991002023,-0.32067051716408096,0.21108138707245588,0.5473677173543996,0.610228056372752,-1.4354393000262413,-1.486623371399156
-1.486395408231304,-1.3273618114522059,0.36116723404317436,-0.7068970709260872,-0.010726275479446408,-0.9405868782277882,-0.8990173672085858,0.9309770797483574,-0.9883088704310653,0.5473999437962412,1.3225568957628822,-0.08786895756724716,0.14412709734994714,-0.21239684537422876,0.09004157946907872,0.4826704083206619,0.41424377155170755,-1.435437228774914,-1.4866211214632272
-1.4863931591174628,-1.3273600830179968,0.5056301502803411,-0.7068965710996535,-0.010726270421704005,-0.9405860424332719,-0.8990166007656353,0.9309762603873187,-0.6878821227577415,0.5569442044544887,1.3883053453170975,-0.10081425516820268,0.528048380624758,0.12591299217590643,0.035091158666111115,0.49435601744376695,0.2906426559940874,-1.435435157532553,-1.486618871537514
-1.4863909100138313,-1.32735835459054,0.6500929805181505,0.2220777210489116,-0.010726265363968758,-0.20201811936769007,-0.8990158343246449,0.9309754410284437,-0.6878816449781298,0.3818974528647406,1.2794723319887542,-0.30992477781504046,0.1036694987570507,0.4006540819953262,0.09263414070827804,0.5747466418132133,0.43942415759248743,-0.29784788748887137,-0.3231581606810703
-1.4863886609204093,-1.3273566261698353,0.7945556750060307,-0.7068965975280356,-0.010726260306240666,0.9511297385334686,-0.899015067885615,0.9309746216717321,-0.9883071430227136,0.2869107009255689,1.1601331649871476,-0.3870428606479979,-0.17654496243230272,0.4006538627751569,0.14310296761479077,0.5791263194749965,0.5151952992990287,-0.3557796941537311,-0.3501911945643093
-1.486386411837197,-1.3273548977558822,0.9390181726223098,-0.7068960977035735,-0.010726255248519728,-0.9405863806609982,-0.8534149189302533,0.9309738023171834,-0.9883062219367366,0.18070048326682034,1.0919065469701754,-0.3046244085307547,-0.44391303059201676,0.40065364355534705,0.14874482500697228,0.5057642105845334,0.5687550259231935,-1.4354336778007637,-1.4866172293439208
-1.486384162764194,-1.3273531693486815,1.08348040087443,-0.7068955978801718,-0.010726250190805945,-0.9405855448704918,-0.8990136118817313,0.7693727381843003,-0.7479645314290048,0.06366923463162022,0.9366922834096528,-0.35018843742420064,-0.732114185151854,0.40065342433589674,0.21116977367205797,0.48863422180696736,0.6409122757474484,-1.4354316065782378,-1.4866149794406953
-1.4863819137014003,-1.3273514409482325,1.2279422758992344,-0.70689509805783,-0.010726245133099315,0.3268618656341827,0.724945389979536,0.8340122169220109,-0.8681344089026336,-0.036242965616992744,0.8329325343438171,-0.47096046212598663,-0.9340908148890014,0.40065320511680586,0.24850557157040884,0.5080041059860162,0.6918589260917617,0.3307084077256232,0.3514344879801222
-1.4863796646488159,-1.327349712554535,1.3724037024633329,-0.7068945982365487,-0.01072624007539984,0.9914940417184908,1.18249768574095,0.7532113898549625,-0.7479632497680265,-0.11763129521087726,0.7568492261567734,-0.40743728363018183,-0.8742149480539878,0.40065298589807447,0.27589556625530437,0.46939636639553667,0.652257092927325,0.7212395269029209,0.6907707475821864
-1.4863774156064404,-1.32734798416759,1.5168645739635618,-0.7068940984163274,-0.01072623501770752,1.1034011984889789,1.2297396599061998,0.656250541200453,-0.6878774549132919,-0.20083138883309112,0.6799547359775416,-0.06440251684449678,-0.25538999477932395,0.40065276667970257,0.2920165140911508,0.319649242999231,0.39602580889178185,0.6101039668839245,0.5830500722651153
-1.486375166574274,-1.3273462557873963,1.661324772427548,-0.7068935985971666,-0.010726229960022352,-0.9405872998016378,2.5864267312390354,0.575449871398592,-0.6277917102665368,-0.26330613667922964,0.630356318618896,0.11551120794764068,0.29462376358357856,0.4006525474616902,0.292939222456318,0.22990216091479984,0.18201173732049383,0.30547063851699174,0.3129527321124326
-1.4863729175523164,-1.2165881043933633,-1.6613218270439167,-0.7068930987790659,-0.010726224902344341,2.8395583754600686,-0.8990156460312012,0.44616920784762226,-0.44753540949521015,-0.31678585110337426,0.5875370844844716,0.30183465294867534,0.6445444377731664,0.40065232824403957,0.28648203101568365,0.14020681004413485,0.04331828120608487,0.4960778829106201,0.4605818313841756
-1.4863706685405675,-1.2165866818560713,-1.5168565626250177,-0.7068925989620254,-0.010726219844673483,-0.9405860093498245,-0.8990148795982569,0.44616895561766245,-0.4475351562352787,-0.3570846107070003,0.5601540356981084,0.5754956612906342,0.7408102226343061,0.4006521090267485,0.28282999454123625,0.038555665755389434,-0.0019254525488437316,-1.4354343345496785,-1.4866176193393421
-1.4863684195390279,-1.2165852593237692,-1.3723918817054592,-0.706892099146045,-0.010726214787009782,-0.9405851735654742,-0.8990141131672728,0.2845680202768658,0.03314798395546834,-0.3929414064638518,0.5302421430434021,0.5813552785266687,0.5812157510848389,0.4006518898098168,0.29315825891571373,0.03798879685800047,0.04757316018951862,-1.4354322633386003,-1.486615369449564
-1.486366170547697,-1.2165838367964572,-1.2279276748312868,-0.706891599331125,-0.010726209729353233,-0.940584337783352,-0.899013346738249,0.28456787524741917,0.09323336239356166,-0.4305378816281872,0.4985244843927692,0.3949247955279875,0.3034273566105941,0.4006516705932447,0.3035329858355906,0.10240818912261325,0.14085492612520248,-1.4354301921364878,-1.4866131195700012
-1.4863639215665747,-1.2165824142741353,-1.0834638439216737,-0.7068910995172649,-0.010726204671703838,-0.9405835020034579,-0.8990125803111852,0.28456773021819437,0.09323331805489876,-0.4617995242738234,0.4731642657404689,0.14950137738341174,0.028273071612181247,0.40065145137703206,0.3182120830208728,0.19207429233253112,0.24140031321622613,-1.435428120943341,-1.4866108697006533
-1.486361672595661,-1.2165809917568033,-0.9390003022684458,-0.7068905997044652,-0.010726199614061599,0.5371961324568014,-0.8990118138860816,0.21992728301170394,0.09323327371629898,-0.4974062534567908,0.4397405286410067,-0.1765214400425526,-0.24239594430597416,0.400651232161179,0.3341066636787971,0.3002007913172375,0.33205258612451405,-0.6194055028451997,-0.7450805914174995
-1.4863594236349558,-1.2165795692444612,-0.7945369745357035,1.4758598771444436,-0.010726194556426516,-0.9405834882497552,0.5157643621449844,0.28456750548726517,0.09323322937776231,-0.43851620837334127,0.48171803309721967,-0.11917862344357956,-0.4800499757826624,0.40065101294568756,0.30024388359126847,0.2817715985595711,0.41510259426213636,0.8734673424811115,0.8408155415054969
-1.4863571746844588,-1.216578146737109,-0.650073796759525,-0.7068910988784406,-0.010726189498798585,-0.9160459251685826,-0.8990118448988522,0.4461683961548272,-0.2071943442703625,-0.2564766144421957,0.7162510802178897,0.6098847751901659,-0.2663248881348475,0.40065079373055573,0.1486315585591897,0.05351878907644504,0.3476421257677427,-1.4354268668628578,-1.4866092272890505
-1.4863549257441706,-1.2165767242347465,-0.5056107163477415,-0.7068905990670555,-0.010726184441177808,-0.9405818600381446,-0.8809623138357414,0.7047298868001909,-0.3874508208309927,0.027655321087575777,0.9430224239838695,1.2674130727958643,-0.06471035314553704,0.28629395531198765,0.019988947560448514,-0.11570570730458016,0.3084250157868942,-1.4354247956887816,-1.4866069774421904
-1.4863526768140902,-1.2165753017373742,-0.3611476920797722,-0.7068900992567306,-0.010726179383564186,-0.9405810242664596,-0.8990103426929438,0.7693697446178485,-0.4475361538656012,0.24193439477903644,1.1123824919675454,1.9940346250864758,-0.034175783938744965,0.400650477970842,-0.06775733640896522,-0.28748208833802885,0.33192831039701876,-1.4354227245236708,-1.486604727605545
-1.4863504278942183,-1.2165738792449914,-0.21668469410650648,-0.706889599447466,-0.01072617432595772,-0.9405801884970023,-0.8990095762750667,0.7693691671752081,-0.4475359006072568,0.4250468206652063,1.251163464250598,2.29521628190099,0.050607476434477515,0.4006502587567029,-0.13804585127210994,-0.34980075696273316,0.3236966055377914,-1.4354206533675256,-1.486602477779114
-1.4863481789845547,-1.2165724567575986,-0.07222170395022319,-0.7068890996392614,-0.010726169268358406,-0.940579352729773,-0.8990088098591495,0.9309696522911128,-0.8080490605038989,0.6535196424485683,1.3783831693510658,2.141722055125453,0.12141959296406547,0.21863029954880545,-0.20770412682476944,-0.30231148475159453,0.30974555027898243,-1.4354185822203454,-1.486600227962898
-1.486345930085099,-1.2165710342751952,0.07224128549546707,-0.706888599832117,-0.010726164210766246,-0.9405785169647717,-0.8778089439227876,0.9309688329589059,-0.9883050637372495,0.8471179806575926,1.4650180070285226,1.6329535539987396,0.19134113200066322,0.1414973345414795,-0.26416451363792237,-0.17405645199371317,0.2754669340360464,-1.4354165110821306,-1.4865979781568963
-1.4863436811958513,-1.2165696117977816,0.21670426996566594,-0.7068881000260328,-0.010726159153181241,-0.9405776812019979,-0.8990073129875908,0.930968013628862,-1.2286461784038745,1.0320873629957883,1.5535157633926007,1.3238316870939721,0.3988345216844782,0.35221718476752734,-0.3321621679056978,-0.11360061847566,0.17711443946148775,-1.435414439952881,-1.4865957283611093
-1.4863414323168112,-1.2165681893253582,0.3611672338242307,-0.7068876002210087,-0.010726154095603391,-0.9405768454414525,-0.88134854241404,1.1248885373920983,-1.5891573029895365,1.1173952082713368,1.6576179040662662,1.0965277904398285,1.3309436158319938,0.40064989828576597,-0.4034849822546726,-0.06950913702640293,-0.12678099987068642,-1.4354123688325966,-1.4865934785755366
-1.486339183447979,-1.2165667668579236,0.5056301500638292,-0.706887100417045,-0.010726149038032696,-0.9405760096831345,-0.8990058101443398,1.0925670211708558,-1.8294958912472545,1.1105666443211786,1.7418406513915725,0.9281606452159302,1.9763041218584354,0.40064967907306664,-0.4746026358085188,-0.06167214602344615,-0.34105101967126633,-1.4354102977212773,-1.4865912288001781
-1.4863369345893547,-1.2165653443954791,0.6500929803060165,-0.6912932745436188,-0.010726143980469153,-0.9405751739270446,-0.8990050437381168,1.0925658911848954,-1.6492364448845263,1.0394640206339945,1.7963754308221034,0.8043596742718593,2.556463349134097,0.40064945986072686,-0.5166871022815658,-0.04097345621745576,-0.49922172113282487,-1.4354082266189228,-1.4865889790350342
-1.486334685740938,-1.2165639219380242,0.7945556748013469,-0.6914000981696967,-0.010726138922912767,-0.9405743381731825,-0.8990042773338539,1.1248850700948314,-1.589148334337656,0.9563308370713876,1.8684392332515802,0.6185205140400613,2.7487509745760157,0.40064924064874646,-0.5623320142016116,0.004147252240900041,-0.553304862074181,-1.435406155525533,-1.4865867292801043
-1.4863324369027289,-1.2165624994855588,0.9390181724295311,-0.6912892434917097,-0.010726133865363533,-0.9405735024215484,-0.8990035109315513,1.092563563831121,-1.2286343245436302,0.7622777606330655,1.819829899146782,0.3114149274991264,2.355147702748326,0.40064902143712566,-0.5425338156478349,0.09590205009580165,-0.4616097159255828,-1.4354040844411087,-1.4865844795353882
-1.4863301880747273,-1.216561077038083,1.0834804006996526,-0.6912720519180872,-0.010726128807821452,-0.9405726666721419,-0.8990027445312083,0.8824813217836702,-0.8681211372832822,0.48129183848865636,1.5923910934520358,0.03193431896064695,1.6226701339774103,0.4006488022258643,-0.42193693616921746,0.1876621445451461,-0.2724965187848541,-1.4354020133656489,-1.4865822298008866
-1.486327939256933,-1.216559654595597,1.227942275750452,-0.7068846891719118,-0.010726123750286528,-0.9405718309249633,-0.8990019781328258,0.6723990293278935,-0.32735219931675147,0.3539114666014798,1.3703437253146509,-0.4227729158612289,0.9888628563633095,0.40064858301496253,-0.2999347826247882,0.3401834327928865,-0.0962968235836566,-1.435399942299154,-1.4865799800765984
-1.4863256904493463,-1.2165582321580999,1.3724037023506936,1.2578325687284662,-0.010726118692758755,0.7618797147067707,-0.8990012117364032,0.5592779519488841,-0.2071812097294268,0.19386878511320163,1.2151004465675979,-0.599083500386309,0.3794548852935579,0.4006483638044202,-0.2110065517408875,0.40449273032473115,0.08877720380708018,0.9015234267874397,0.8802427003637733
-1.4863234416519666,-1.2165568097255928,1.516864573899627,-0.7068851814012026,-0.010726113635238139,0.9542060075192392,1.3782222629743723,0.4623168090546746,-0.08701022645625225,0.17027725628186696,1.0547600071639895,-0.5085402920234445,-0.11750123367199954,0.4006481445942374,-0.1167022690366238,0.3759419765734094,0.2511935261817306,0.7536994197053085,0.730241280346061
-1.4863211928647944,-1.2165553872980746,1.6613247724275484,1.0310958040235618,-0.010726108577724675,0.08435885366320973,0.16793928358274327,0.34919550630976864,0.033160756060229474,0.11216353020912917,0.9255151070846586,-0.10512344814030936,-0.18573511247996982,0.4006479253844165,-0.038520729908239064,0.24334200005779466,0.2784790929480234,0.7906431933555437,0.7597237506854422
-1.4863189440878293,-1.1057981012279154,-1.6613218271105705,-0.7068856327953201,-0.010726103520218366,1.1199650999405713,1.181264666413553,0.2360745321703978,0.21341723300155327,0.11128949654462694,0.8201579074763956,0.13675407012940127,0.17329737758184796,0.400647706174955,0.0262070597443618,0.16872142306374324,0.16559491138996169,0.6126997363375901,0.5875448002718675
-1.486316695321071,-1.1057969424034335,-1.516856562742379,-0.7068851329983871,-0.01072609846271921,-0.888203071118459,-0.8990028801463685,0.13911346772453645,0.3335881670632819,0.07462656085686732,0.7362131814642214,0.2996273428203869,0.3082266476899592,0.400647486965853,0.07738000799885451,0.11819203937357277,0.12421130885423524,-1.4354018506336776,-1.4865817594827635
-1.4863144465645197,-1.105795783582595,-1.3723918818603233,-0.706884633202514,-0.010726093405227208,-0.9405735582342806,-0.8990021137521028,0.02599218793501525,0.45375906827476314,0.005491929430692028,0.665101381176583,0.24669082486278152,0.25814249358229135,0.4006472677571106,0.11839547025290287,0.1338038632406546,0.13890216698794047,-1.4353997795794504,-1.4865795097728953
-1.4863121978181755,-1.1057946247653991,-1.227927675012926,-0.7068841334077012,-0.010726088347742363,-0.9405727224910825,-0.8990013473597972,-0.08712893738306184,0.6340154554745326,-0.07275868783198114,0.6028796979414879,0.06216886492989336,0.06979968742469991,0.4006470485487277,0.15245283566545156,0.18897272601349935,0.1950994442451432,-1.435397708534188,-1.4865772600732408
-1.486309949082038,-1.1057934659518467,-1.0834638441215798,-0.7068836336139483,-0.010726083290264669,-0.9405718867501122,-0.8990005809694517,-0.2164102904940207,0.7541861357214965,-0.16072897154927182,0.5385478712150709,-0.1766807953960049,-0.1963936765697828,0.40064682934070434,0.1854452170186347,0.2587102823811688,0.2735929574690411,-1.43539563749789,-1.4865750103837996
-1.4863077003561074,-1.1057923071419375,-0.9390003024800732,-0.7068831338212558,-0.010726078232794131,-0.9405710510113695,-0.8445787228440078,-0.32953138873209875,0.9344422042254859,-0.25290472460663554,0.4712279274819166,-0.4566660016895102,-0.5525856745123349,0.4006466101330404,0.22327883109613686,0.3447974476966547,0.38589726845054195,-1.4353935664705564,-1.4865727607045718
-1.4863054516403833,-1.1057911483356713,-0.794536974754211,-0.7068826340296233,-0.010726073175330744,-0.9405702152748545,-0.8989991397261375,0.04215305406025867,0.45375686755432804,-0.28356231103171814,0.49057203730342896,-0.6091533617269057,-0.6483612339436599,0.40064639092573834,0.20587221331562375,0.3951496619219839,0.4166558680015287,-1.4353914954521874,-1.486570511035558
-1.486303202934866,-1.1057899895330483,-0.6500737969815195,-0.7068821342390509,-0.010726068117874514,-0.9405693795405672,-0.8791520899669623,0.42999755930073524,0.03315725057780616,-0.19220242481246147,0.7326771315587434,-0.14117999245324575,-0.6541285946711978,0.40064617171879585,0.0592933721247081,0.25175579722319996,0.43607561385968124,-1.4353894244427823,-1.4865682613767572
-1.4863009542395549,-1.1057888307340682,-0.5056107165710194,-0.7068816344495387,-0.010726063060425436,-0.9405685438085079,-0.8989976406292965,0.8016818730030428,-0.387442338743995,-0.037640934155044804,0.9656365059153867,0.7223038434733189,-0.5712132001547278,0.40064595251221286,-0.06345913283936852,0.010116119132242501,0.4426209716808048,-1.4353873534423418,-1.48656601172817
-1.4862987055544503,-1.105787671938731,-0.3611476923030633,-0.7068811346610864,-0.010726058002983511,-0.9405677080786762,-0.8989968742485487,1.1087246214162456,-0.9282129114362154,0.1270186717423919,1.1387511666930126,1.512995745727652,-0.3864362842501368,0.4006457333059894,-0.15025746277445312,-0.19067349009451456,0.4109725363747921,-1.4353852824508655,-1.4865637620897962
-1.4862964568795523,-1.105786513147037,-0.21668469432921575,-0.7068806348736942,-0.010726052945548742,-0.9405668723510722,-0.8989961078697609,1.4319267117362555,-1.3488111140147916,0.364276003470452,1.3223219449258223,1.977981271069012,-0.21027243524867184,0.40064551410012544,-0.24985810042538772,-0.30254044977804556,0.3667857640907862,-1.435383211468353,-1.4865615124616354
-1.4862942082148602,-1.1057853543589862,-0.07222170417217352,-0.7068801350873621,-0.010726047888121126,-0.9405660366256958,-0.8989953414929329,1.7389671411120033,-1.7694075010283803,0.6539354904475265,1.5018672232404762,1.9750180497375427,-0.00564272284172828,0.3224404923850276,-0.3442237584818926,-0.292250976888203,0.30924386638044665,-1.435381140494805,-1.486559262843688
-1.4862919595603745,-1.105784195574578,0.07224128527429163,-0.7068796353020903,-0.010726042830700663,-0.9405652009025471,-0.8989945751180651,1.9005648490600018,-1.108464405716968,0.886891582797805,1.6112061349216444,1.6687964221926452,0.09457375130407197,0.40064516011077494,-0.40691761380560526,-0.21487496492560357,0.2698011434711809,-1.4353790695302204,-1.4865570132359531
-1.486289710916095,-1.1057830367938128,0.2167042697453779,-0.7068791355178785,-0.010726037773287355,-0.9405643651816264,-0.8989938087451573,1.8844005801338164,-1.709317481076271,1.1116502833734836,1.759020648010906,1.4397660381323094,0.4447429924701844,0.4006449409059307,-0.47798279788875575,-0.13466953618949518,0.17496115467320444,-1.4353769985746,-1.4865547636384318
-1.4862874622820215,-1.1057818780166908,0.3611672336052965,-0.7068786357347266,-0.010726032715881201,-0.9405635294629334,-0.8989930423742093,1.8682364187554246,-1.6492290195373696,1.2718185058903866,1.8906690533709816,1.3053300706843438,1.1473314620006465,0.4006447217014461,-0.522556005188252,-0.05559613291441558,0.0018545451143788547,-1.4353749276279435,-1.4865525140511229
-1.4862852136581537,-1.1057807192432116,0.5056301498473265,-0.706878135952635,-0.010726027658482202,-0.9405626937464678,-0.8989922760052214,1.738952237080861,-1.1685435530233692,1.2797263276048032,1.9710583487349917,1.165701011329053,1.9865628885992799,0.4006445024973233,-0.5371847417566746,0.03452171409884536,-0.18998546041408673,-1.4353728566902508,-1.4865502644740267
-1.4862829650444918,-1.1057795604733753,0.6500929800938915,-0.6912986381320707,-0.010726022601090356,-0.9405618580322301,-0.8989915096381931,1.5773485399420402,-0.6878589947891361,1.2025327260649614,2.0134556707833955,1.0266097486349872,2.6651994048105907,0.40064428329356,-0.501357935517745,0.1735826707393374,-0.28516375097364555,-1.4353707857615217,-1.4865480149071435
-1.4862807164410359,-1.1057784017071821,0.7945556745966714,-0.7068771583402506,-0.010726017543705663,-0.94056102232022,-0.898990743273125,1.5773459460957362,-0.6878585170579807,1.1207208833549245,2.078536877111185,0.8373251860709653,2.928183055371456,0.4006440640901563,-0.5094554019942399,0.27628716309051043,-0.3185045523400762,-1.4353687148417564,-1.4865457653504732
-1.4862784678477856,-1.1057772429446315,0.9390181722367605,-0.7068766585613132,-0.010726012486328122,-0.9405601866104374,-0.8989899769100168,1.4157430642983861,-0.6878580393278202,0.9161747156467577,2.0103970758624943,0.5156224805597971,2.506282601443121,0.40064384488711197,-0.4225054534873419,0.4635100586417235,-0.14192986335787236,-1.435366643930955,-1.4865435158040148
-1.4862762192647412,-1.105776084185724,1.0834804005248824,-0.7068761587834361,-0.010726007428957737,-0.9405593509028828,-0.8989892105488684,1.2541407430209264,-0.44751556674980364,0.6337234096955648,1.778741433360158,0.09373532936270713,1.6310222083743384,0.40064362568442724,-0.254268638342684,0.6747881820697305,0.16450058530516676,-1.4353645730291167,-1.4865412662677693
-1.4862739706919021,-1.1057749254304592,1.2279422756016751,-0.6912923592119531,-0.010726002371594507,-0.9405585151975554,-0.8989884441896797,1.2541392217745366,-0.507600843270991,0.4380722379218972,1.5920313799132522,-0.21913528921145473,1.0037651591281032,0.4006434064821021,-0.12053165752279454,0.8299793106227825,0.3994848490273662,-1.4353625021362417,-1.486539016741736
-1.4862717221292687,-1.105773766678837,1.3724037022380589,1.2237427317500937,-0.01072599731423843,0.7413560405683773,-0.8989876778324514,1.0925373791456423,-0.6878571610989164,0.3334461490479567,1.4013633001342956,-0.38109214105405853,0.5546766494233466,0.4006431872801365,0.001410849369188889,0.8906969769944001,0.5530478303196813,0.8616976349874629,0.839919099782653
-1.4862694735768407,-1.1057726079308576,1.5168645738356943,0.6620063389385127,-0.010725992256889505,0.16012771286096786,0.5000285105729194,0.9309358619129752,-0.9882843073132738,0.3174469465736514,1.2368826571874354,-0.343886631282223,-0.03936330837695168,0.4006429680785304,0.08956308300028937,0.8251780171709509,0.7253976545298411,0.8492338737746074,0.8217723699158546
-1.4862672250346178,-1.1057714491865211,1.6613247724275484,-0.7068769806528222,-0.010725987199547734,1.0872719261192108,1.2141357891232982,0.8986148312388681,-0.8681123614019037,0.3315611920161365,1.113877918609296,-0.06276010710902843,-0.10754570790298777,0.4006427488772838,0.1540556620605314,0.6751018738032418,0.7104447517698651,0.6746859940455046,0.65059246009701
-1.4862649765026004,-0.9950146675751392,-1.661321827177221,1.6745251723755763,-0.010725982142213117,0.2865953266452443,-0.8989886446703652,0.769333798908405,-0.4475127605958005,0.3026857071115355,1.0116115690869076,0.25679923586623493,0.11381996152513263,0.40064252967639913,0.21621904766260894,0.5299592715829633,0.5999194083129921,0.7416549520363458,0.7088176127971426
-1.486262727980788,-0.9950137340454693,-1.5168565628597341,-0.7068774585754922,-0.010725977084885655,-0.9405607829211315,-0.8989878783157034,0.6077326526710722,-0.4475125073644248,0.31935735861672615,0.9217234107935843,0.36763916467775887,0.10899497489660756,0.40064231047587395,0.26202668470315676,0.461781446488734,0.5719628850201929,-1.4353644159966368,-1.4865408026906055
-1.486260479469181,-0.995012800518427,-1.3723918820151797,-0.6747764179432191,-0.010725972027565344,-0.9405599472180654,-0.8989871119630013,0.4461315985315399,-0.4475122541334783,0.26633010019811965,0.8465980609428921,0.2078192644094602,-0.06527448108866729,0.40064209127570827,0.28600704251436987,0.4661572961281184,0.5808921844368302,-1.4353623451160094,-1.4865385531789663
-1.4862582309677788,-0.9950118669940122,-1.2279276751945563,-0.7068765040734625,-0.010725966970252191,-0.9405591115172267,-0.8989863456122591,0.44613134634179014,0.15334456232051688,0.21183118634542228,0.7747055206591887,0.0450632352992227,-0.25110245450233204,0.40064187207590213,0.3266970783050659,0.5064748230803735,0.6307578423542507,-1.4353602742443452,-1.4865363036775392
-1.4862559824765817,-0.9950109334722249,-1.0834638443214766,-0.7068760043000085,-0.010725961912946188,-0.9405582758186156,-0.8989855792634768,0.284530277346266,0.09325880126559424,0.1266954217454744,0.7057175930004,-0.20629801222254424,-0.4861612686758165,0.40064165287645565,0.36669062094704014,0.578838482859482,0.6990750392041161,-1.4353582033816445,-1.4865340541863243
-1.4862537339955895,-0.995009999953065,-0.9390003026916907,-0.7068755045276144,-0.010725956855647338,-0.9405574401222323,-0.8989848129166544,0.2845301323457729,0.03317304082225182,0.032675619776280855,0.6457630834045291,-0.44583173667011095,-0.6913431610409555,0.4006414336773686,0.38661660242979357,0.6298069649706314,0.7376945519849496,-1.435356132527907,-1.4865318047053213
-1.4862514855248021,-0.9950090664365329,-0.7945369749727087,-0.7068750047562804,-0.010725951798355643,-0.9405566044280764,-0.811839649402495,0.4461309441887012,-0.2071699496477913,-0.0030415227511901076,0.6612944186722315,-0.5661865673021318,-0.7959035626964094,0.40064121447864115,0.3621524288988017,0.6501858257475729,0.752010073283955,-1.4353540616831324,-1.4865295552345303
-1.4862492370642195,-0.9950081329226279,-0.6500737972035038,-0.7068745049860065,-0.010725946741071102,-0.9405557687361482,-0.8989834255837668,2.062137088398038,-2.129909996425167,0.1364872762402111,0.9959308136196041,0.25021753672388325,-0.6594510369452743,0.4006409952802732,0.144531049442069,0.3557010810405439,0.6992750660044181,-1.4353519908473211,-1.486527305773951
-1.4862469886138414,-0.9950071994113506,-0.5056107167942875,-0.7068740052167926,-0.010725941683793714,-0.9227377795733759,-0.898982659242589,1.0925306949399496,-0.6878527183605389,0.2469033799395705,1.1663873568310892,1.329419588267029,-0.5023828495563695,0.4006407760822648,0.06783255831727165,0.0513450284684063,0.6907676417213793,-1.4353499200204725,-1.486525056323584
-1.486244740173668,-0.9950062659027007,-0.36114769252634443,-0.7068735054486386,-0.01072593662652348,-0.9405541288795027,-0.8989818929033712,1.5773306887346175,-1.5891358012793062,0.46380571645718044,1.372587264392814,1.8881047093060184,-0.2515690476434552,0.400640556884616,-0.06728695299165831,-0.1253616153410154,0.5803595657962533,-1.435347849202587,-1.4865228068834284
-1.4862424917436992,-0.9950053323966782,-0.21668469455191516,-0.7068730056815447,-0.010725931569260399,-0.9405532931942028,-0.8989811265661132,1.7389281390764124,-1.5891331601287673,0.7225497741436616,1.6155576267962182,2.2084848069430634,0.036775015149913035,0.26424307109990464,-0.19402984341313548,-0.19277550393905132,0.5032849583303663,-1.4353457783936643,-1.4865205574534843
-1.4862402433239346,-0.995004398893283,-0.07222170439411435,-0.7068725059155109,-0.01072592651200447,-0.9405524575111305,-0.898980360230815,1.9005246017213022,-1.5891305189913971,0.9531937163473139,1.7728669754614037,2.1216944386682206,0.2336718417741273,0.40064026422700383,-0.25648935238416404,-0.13103833694612188,0.4806116772770538,-1.4353437075937043,-1.4865183080337523
-1.4862379949143745,-0.9950034653925154,0.07224128505312574,-0.706872006150537,-0.010725921454755696,-0.9405516218302854,-0.8989795938974765,1.900520469432773,-1.5891278778671958,1.1912300434253251,1.9465235973212986,1.870813202467016,0.44952454288667487,0.4006400450303329,-0.34011828899902835,-0.04164799443005461,0.426295060325475,-1.435341636802707,-1.4865160586242314
-1.4862357465150184,-0.995002531894375,0.21670426952509936,-0.7068715063866231,-0.010725916397514076,-0.940550786151668,-0.8796186350777414,2.0621155602358336,-1.5290399295694361,1.3380450908549133,2.1298117815485953,1.7215774174281653,0.8956346922835244,0.40063982583402147,-0.41606928880524835,0.0381787896456256,0.3154279066745057,-1.4353395660206725,-1.486513809224922
-1.4862334981258667,-0.9950015983988622,0.36116723338637174,-0.7068710066237694,-0.01072591134027961,-0.9405499504752781,-0.8989780940848431,2.0297905475639175,-1.468952238486002,1.2449576852572197,2.10334515066635,1.4011122028971044,0.8527842836856762,0.40063960663807197,-0.386128514775717,0.16350292907959152,0.3589377044899016,-1.4353374952476006,-1.4865115598358243
-1.486231249746919,-0.9950006649059767,0.5056301496308332,-0.7068705068619756,-0.010725906283052295,-0.9405491148011156,-0.8989773277573307,1.900506769464841,-1.3487795030162837,1.1172361557092696,2.0565004427098277,1.1630219765558818,0.7567821209926001,0.4006393874424819,-0.3506361158528464,0.25565782959802563,0.40843472509012513,-1.4353354244834908,-1.4865093104569373
-1.4862290013781752,-0.9949997314157183,0.6500929798817756,-0.7068700071012417,-0.010725901225832134,-0.9405482791291806,-0.8989765614317783,1.9651420086064257,-1.3487777103678145,1.0297581307501253,1.9913994639823718,0.946547734580744,0.6487375295352387,0.40063916824725154,-0.3123493701286797,0.33149425021110235,0.45013111225720565,-1.435333353728344,-1.4865070610882618
-1.4862267530196354,-0.9949987979280877,0.7945556743920049,-0.7068695073415678,-0.010725896168619126,-0.9405474434594732,-0.8989757951081855,2.0297767653075596,-1.408861152810937,0.9084943316857529,1.8874279208126035,0.7091380950391348,0.47575053143312607,0.4006389490523806,-0.24679702479873056,0.4247487228030592,0.5238861332676698,-1.4353312829821596,-1.4865048117297976
-1.4862245046712999,-0.9949978644430842,0.9390181720439982,-0.7068690075829541,-0.010725891111413272,-0.9405466077919932,-0.8989750287865524,1.738895287772333,-0.38740919210489483,0.7459310032377436,1.731924476813883,0.4290535462506608,0.2387963018921553,0.4006387298578693,-0.10217866366956889,0.6175948798355276,0.7073206824882083,-1.4353292122449373,-1.4865025623815444
-1.486222256333168,-0.9949969309607081,1.0834804003501193,-0.7068685078254002,-0.01072588605421457,-0.9405457721267404,-0.8989742624668792,1.5772937916005036,-0.6878358202740837,0.5088122189529842,1.5646436176322522,0.12841620769668358,-0.026788876098703195,0.40063851066371753,0.04264038780025759,0.8012855848233362,0.8822795240949033,-1.4353271415166773,-1.486500313043502
-1.4862200080052397,-0.994995997480959,1.2279422754529044,-0.7068680080689064,-0.010725880997023023,-0.9405449364637153,-0.8989734961491656,1.254094692017025,0.33361641859567126,0.38658932764534437,1.4056092341409927,-0.2484323448943878,-0.2613964409994757,0.40063829146992536,0.18383808823707828,1.015840072474362,1.0415771203824111,-1.4353250707973795,-1.4864980637156706
-1.4862177596875152,-0.9949950640038375,1.3724037021254283,-0.7068675083134724,-0.010725875939838628,-0.9405441008029175,-0.8989727298334115,1.254093170930642,-0.14706720074170673,0.2830536256310069,1.2882543019816817,-0.4072890013118615,-0.445344960336906,0.4006380722764927,0.30670732726815153,1.1465712212966657,1.1844101052092786,-1.4353230000870438,-1.4864958143980502
-1.4862155113799942,-0.9949941305293432,1.516864573771764,-0.7068670085590986,-0.010725870882661389,-0.940543265144347,-0.8989719635196175,1.0924933391824987,0.15336017018424994,0.17807404965929147,1.1727514441492317,-0.6576169023346636,-0.6189441713277017,0.4006378530834196,0.4223817850501847,1.304936343301774,1.3092852724885973,-1.43532092938567,-1.4864935650906401
-1.486213263082677,-0.9949931970574761,1.6613247724275473,-0.7068665088057847,-0.010725865825491301,-0.9405424294880042,1.8258891055177737,0.9308938327916181,0.27353106487434714,0.0789308428480858,1.0668080939104656,-0.7901832709212551,-0.7419939849089068,0.400637633890706,0.5302563999627823,1.4002170437135966,1.400178036402386,0.16540465950713884,0.21104901126712378
-1.4862110147955625,-0.8842365936912149,-1.661321827243869,-0.7068660090535307,-0.010725860768328366,2.7184647345440194,-0.8989719296769233,0.769294558083161,0.4537874354467613,-0.011173614343689029,0.9547155171229528,-0.8759608852233056,-0.6182867695783555,0.400637414698352,0.6320375272086193,1.4544245624601093,1.3575043882193787,0.6544195328689985,0.6288460123733173
-1.4862087665186519,-0.8842358508952467,-1.5168565629770854,-0.7068655093023368,-0.010725855711172586,0.7907734734858951,1.5262967916461287,0.769293980773205,-0.14706814718494504,-0.0922618433566677,0.8665415223757679,-0.2637350040983773,-0.31005482976359294,0.40063719550636,0.6870543841236212,1.1257309142927103,1.1683875056908917,0.6462835498835493,0.6173908541577721
-1.4862065182519442,-0.8842351081011508,-1.3723918821700303,-0.6865537775965704,-0.01072585065402396,-0.9405422353415743,-0.8989720389838022,0.6400146710701498,0.7542151908958463,-0.21194611842909025,0.7944014292294826,0.029962912178399477,-0.07321287420335569,0.40063697631472744,0.7639199191342295,1.010122929193491,1.0765204533033803,-1.4353216801083466,-1.486494216739401
-1.4862042699954399,-0.8842343653089265,-1.2279276753761794,-0.7068645383855119,-0.010725845596882484,-0.940541399690157,-0.898971272674736,0.4460957301401648,1.1748131095436793,-0.24591457580354964,0.7241568555594781,0.03927292677485216,-0.06697361073051104,0.4006367571234545,0.8265431543406371,1.0072575433793234,1.0749803849032145,-1.4353196094212033,-1.4864919674483414
-1.4862020217491387,-0.8842336225185744,-1.0834638445213651,-0.7068640386374642,-0.010725840539748163,-0.940540564040967,-0.8989705063676295,0.2844967195705337,1.1748117912802145,-0.281614495181099,0.6753863314623759,-0.0826727596793616,-0.17985151188472628,0.4006365379325411,0.8670308700256304,1.057618035973013,1.1220358921722238,-1.435317538743022,-1.4864897181674923
-1.4861997735130403,-0.8842328797300939,-0.9390003029032993,-0.7068635388904764,-0.010725835482620995,-0.9405397283940043,-0.8989697400624826,0.38145593658198484,0.9344686311022503,-0.3243664199481774,0.6250462812324665,-0.2832060444958053,-0.36655179709969826,0.4006363187419873,0.9110588117909106,1.1383308674340331,1.1974349086399567,-1.4353154680738025,-1.486487468896854
-1.486197525287145,-0.8842321369434855,-0.7945369751911971,-0.6857005589079671,-0.010725830425500979,-0.9405388927492689,-0.8989689737592954,0.6076940836406007,0.8142968180132073,-0.31374392923107397,0.6526118105652015,-0.4043408428580642,-0.4953250731653021,0.400636099551793,0.904103998857707,1.2009615133790799,1.264137133199062,-1.4353133974135446,-1.4864852196364253
-1.4861952770714526,-0.8842313941587489,-0.6500737974254788,-0.7068625691737872,-0.010725825368388116,-0.940538057106761,-0.8989682074580678,0.9308913620056194,0.15335517845012822,-0.20168861896723705,0.8887808744824606,0.057383944762622485,-0.524765953584106,0.40063588036195835,0.7605426679967798,1.024201234054544,1.3000751509727861,-1.4353113267622486,-1.4864829703862072
-1.486193028865963,-0.8842306513758842,-0.5056107170175458,-0.7068620694299441,-0.010725820311282408,-0.9405372214664802,-0.8989674411587999,1.1571287069310159,-0.3273296469405381,-0.04687067355511364,1.08246083961509,0.9081095638063003,-0.4135589544869072,0.40063566117248317,0.636604817264652,0.6903804235083031,1.254843618841311,-1.4353092561199141,-1.4864807211461994
-1.4861907806706764,-0.8842299085948914,-0.36114769274961595,-0.706861569687161,-0.010725815254183852,-0.940536385828427,-0.8989666748614917,1.4156852165474252,-0.687843068172946,0.12559535312741332,1.2385129487721718,1.6533102981698073,-0.2733017171457038,0.4006354419833676,0.5520126171963983,0.4348715336209094,1.2086747085210299,-1.4353071854865413,-1.4864784719164017
-1.4861885324855921,-0.8842291658157703,-0.2166846947746047,-0.7068610699454378,-0.010725810197092449,-0.940535550192601,-0.898965908566143,1.5772815796581696,-0.9281849125923829,0.35601007706228455,1.4002355378087066,2.0980393749592787,-0.12970170379615711,0.40063522279461167,0.44830970492116407,0.2886824416483645,1.1501706166989745,-1.4353051148621299,-1.486476222696814
-1.4861862843107105,-0.8842284230385213,-0.07222170461604517,-0.7068605702047746,-0.010725805140008201,-0.9405347145590024,-0.8989651422727538,1.8035162827775009,-1.168526284177091,0.6215316755651521,1.5452719740170566,2.0359805226845524,0.023738531063105278,0.4006350036062153,0.3648327683536408,0.3191692169073739,1.097620060995851,-1.4353030442466799,-1.4864739734874362
-1.4861840361460312,-0.884227680263144,0.07224128483196961,-0.7068600704651712,-0.010725800082931105,-0.940533878927631,-0.8989643759813244,1.5772756106699113,-0.3874125160166875,0.8693365983673353,1.657635266749404,1.7211658026599155,0.14312889861218814,0.4006347844181784,0.34917015308367133,0.4936985347875643,1.1299227324945453,-1.4353009736401914,-1.4864717242882683
-1.4861817879915546,-0.8842269374896388,0.21670426930483072,-0.7068595707266278,-0.010725795025861162,-0.9405330432984869,-0.8989636096918545,1.577273017222208,-0.6878404502809565,1.0609103706365193,1.762873981802226,1.4124551863513704,0.4167853175560498,0.40063456523050345,0.32630139122847307,0.644441022401531,1.0611910019354416,-1.4352989030426642,-1.4864694750993104
-1.4861795398472804,-0.8842261947180052,0.36116723316745697,-0.7068590709891444,-0.010725789968798373,-0.94053220767157,-0.8989628434043442,1.480311661488471,-0.267240434089552,1.174260482169891,1.8658301782745417,1.2087771963941185,1.0242044262120238,0.40063434604318815,0.3344218605545344,0.8022227616387331,0.9023900484620933,-1.435296832454098,-1.4864672259205622
-1.4861772917132081,-0.8842254519482436,0.5056301494143498,-0.7068585712527208,-0.010725784911742734,-0.9405313720468805,-0.8989620771187934,1.4156703765280727,-0.14706891601945007,1.1313343554153976,1.8950826424719205,1.0152082115210048,1.7781971301703696,0.40063412685623234,0.3484904468978029,0.9114900171644235,0.6486981326079423,-1.4352947618744933,-1.4864649767520235
-1.4861750435893384,-0.884224709180354,0.6500929796696695,-0.7068580715173572,-0.01072577985469425,-0.9405305364244183,-0.8989613108352023,1.4156683716071041,-0.147068845186997,1.0472217404936406,1.9231587016882916,0.8110437313390643,2.4302231659328504,0.4006339076696361,0.3628551260356063,1.0264585968228046,0.4478494150777125,-1.4352926913038495,-1.4864627275936946
-1.4861727954756707,-0.8842239664143361,0.7945556741873478,-0.7068575717830534,-0.010725774797652918,-0.9405297008041833,-0.8989605445535707,1.383346707933819,-0.08698302482424862,0.9581040959257686,1.9558941358844903,0.6598084308740259,2.56355124196935,0.4006336884833995,0.37154009246315445,1.1187044154459387,0.4272686619272414,-1.435290620742167,-1.4864604784455753
-1.4861705473722044,-0.8842232236501899,0.9390181718512448,-0.7068570720498095,-0.01072576974061874,-0.9405288651861755,-0.8989597782738985,1.237906973260681,0.15336012980867134,0.7557081950105924,1.8799526120181866,0.41116426250219557,2.155818680817987,0.4006334692975224,0.4744509182933769,1.2719742476025506,0.6074100783683607,-1.4352885501894452,-1.4864582293076651
-1.486168299278941,-0.8842224808879156,1.0834804001753648,-0.7068565723176256,-0.010725764683591713,-0.9405280295703949,-0.8989590119961861,1.0924676232830477,0.15336005580975567,0.48556658264409536,1.6472685709441015,-0.06176869986627827,1.319297332190384,0.4006332501120049,0.6478390532246542,1.4811986153771144,0.9167978773516686,-1.4352864796456846,-1.4864559801799648
-1.4861660511958787,-0.884221738127513,1.2279422753041414,-0.7068560725865015,-0.010725759626571841,-0.9405271939568416,-0.8989582457204333,1.1571055163025712,0.2735316421670079,0.3200244695945421,1.470980414900071,-0.258009850481193,0.7230346251526297,0.40063303092684704,0.7879436184742553,1.5927637994570807,1.178469441922639,-1.4352844091108847,-1.4864537310624732
-1.4861638031230187,-0.8842209953689824,1.372403702012804,-0.7068555728564374,-0.010725754569559121,-0.9405263583455153,-0.8989574794466396,1.1086250594631184,0.33361735607007975,0.2062929307837275,1.3238088947973026,-0.5198653505614776,0.27258094796936655,0.40063281174204873,0.907021698917161,1.7279522255449487,1.3825125159012734,-1.4352823385850455,-1.486451481955191
-1.4861615550603602,-0.8842202526123234,1.5168645737078372,-0.7068550731274331,-0.010725749512553555,-0.9405255227364165,-0.8989567131748056,1.0763042343790312,0.4537889258047314,0.14123114397212105,1.2091098881650089,-0.6469343383256483,-0.04478694232009798,0.40063259255761,1.0166773878942041,1.8090721586271699,1.5452200925113508,-1.435280268068167,-1.486449232858118
-1.4861593070079033,-0.8842195098575362,1.661324772427547,-0.7068545733994887,-0.010725744455555141,-0.9405246871295447,-0.8989559469049312,1.0278239549522934,0.5739604387891482,0.052479835522802006,1.108808532132868,-0.8098079577680458,-0.3068673703993643,0.4006323733735309,1.109769750554935,1.9052280205204744,1.6827203625719427,-1.4352781975602495,-1.4864469837712542
-1.4861570589656479,-0.7734627931587781,-1.6613218273105133,-0.7068540736726043,-0.01072573939856388,-0.9405238515248999,-0.8989551806370163,0.9470240997666398,0.5739600790710221,-0.039484389314856025,1.0202686480778673,-0.9739262270219311,-0.5204221144226211,0.40063215418981135,1.1960343730336884,1.99858493672459,1.7950116616125862,-1.4352761270612924,-1.486444734694599
-1.4861548109335943,-0.7734622103891587,-1.5168565630944306,-0.7068535739467796,-0.01072573434157977,-0.9405230159224822,-0.8989544143710609,0.8500645330885155,0.6340456343410402,-0.08516051779258539,0.9370072692259179,-1.1054509529371717,-0.6984061829520916,0.4006319350064514,1.2709640605061705,2.063812282515478,1.8800097519791847,-1.4352740565712958,-1.4864424856281528
-1.486152562911742,-0.7734616276208565,-1.3723918823248733,-0.7068530742220148,-0.010725729284602815,-0.9405221803222921,-0.8989536481070649,0.7692649330071936,0.6340452152709348,-0.14106482713828583,0.861783148718101,-1.2188334366390745,-0.8536021309321666,0.40063171582345103,1.3339468618146737,2.111709432654302,1.9467173966219367,-1.4352719860902596,-1.4864402365719158
-1.486150314900091,-0.7734610448538713,-1.2279276755577941,-0.70685257449831,-0.010725724227633012,-0.9405213447243289,-0.8989528818450283,0.7692643557501506,0.8143026014928187,-0.2333219181880386,0.7949758024980497,-1.3173435416819586,-0.9961950220421987,0.4006314966408126,1.3936768417499052,2.157239958705887,2.0130919319686487,-1.435269915618184,-1.4864379875258875
-1.486148066898641,-0.7734604620882036,-1.0834638447212444,-0.7068520747756649,-0.010725719170670361,-0.9226126441415241,-0.8989521155849514,0.9308616445132359,0.45378623694436365,-0.25948470548548525,0.7496844645561036,-1.3767480699568897,-1.0943615925722265,0.40063127745853366,1.4374999960501176,2.1838493036715536,2.0591008090042213,-1.4352678451550687,-1.4864357384900675
-1.4861458189073922,-0.7734598793238533,-0.9390003031148982,-0.7068515750540798,-0.010725714113714865,2.3384724332017788,-0.8989513493268336,0.8985411320244835,0.5138719709765601,-0.2998755070733347,0.6959059504922701,-1.3119008009682074,-1.207131374129481,0.40063105827661444,1.492265150799679,2.147138976309859,2.1195069635756703,0.47729514482737484,0.5475761121875583
-1.4861435709263449,-0.7734592965608199,-0.7945369754096753,-0.7068510753335545,-0.01072570905676652,-0.9405199287932521,2.722604420900295,0.9308600627739065,0.5739576723636388,-0.31443825982842977,0.6800159750384751,-0.8922522658881533,-1.1402578782882649,0.4006308390950547,1.5137305089198694,1.922168832002782,2.0849866357435625,0.6608060292224206,0.6328763160349914
-1.4861413229554985,-0.7734587137991039,-0.6500737976474433,-0.7068505756140891,-0.010725703999825328,1.0004056026663501,-0.8989504324989762,0.9631789393253816,0.6340433333930567,-0.23339486435373233,0.7969059712814333,-0.2578433551385127,-0.5803445763175235,0.4006306199138546,1.4330835901014183,1.6123088427802696,1.80400713601791,-0.3608402107280761,-0.4152239126850717
-1.486139074994853,-0.7734581310387053,-0.505610717240794,-0.7068500758956836,-0.010725698942891288,-0.9405200360729331,-0.8989496662457431,0.9954974496773615,0.6340429143277144,-0.07444529069201436,1.0056608512406955,0.3587788131665634,-0.1725873299575582,0.4006304007330141,1.2814078126079949,1.3387242364595824,1.6192612312354027,-1.4352679997064344,-1.4864357015921876
-1.4861368270444084,-0.7734575482796238,-0.3611476929728771,-0.7068495761783378,-0.010725693885964402,-0.9405192004833903,-0.8989488999944695,1.1409344841600622,0.3336121696865067,0.13375919072621523,1.2234169753678792,1.079198779780678,0.04390409464759661,0.40063018155253316,1.131472949571011,1.0425098724226045,1.5332263458555644,-1.4352659292595649,-1.486433452575191
-1.4861345791041647,-0.7734569655218596,-0.2166846949972841,-0.706849076462052,-0.010725688829044669,-0.9405183648960748,-0.898948133745155,1.270211604999231,0.03318145829518207,0.3707373640809794,1.4066868410201894,1.7651373462658864,0.25331170522068713,0.40062996237241183,1.002238870069843,0.7741124270093199,1.4406734503816216,-1.4352638588216553,-1.486431203568403
-1.4861323311741217,-0.7734563827654125,-0.07222170483796599,-0.7068485767468259,-0.010725683772132089,-0.9405175293109861,-0.8989473674978001,1.4156478099362808,-0.26724924392480315,0.6616542301747131,1.572868078383832,1.9359339608924806,0.3977618951724219,0.4006297431926501,0.8850559372058787,0.7108709346127048,1.3762859971973296,-1.4352617883927057,-1.486428954571823
-1.4861300832542792,-0.7734558000102827,0.07224128461082355,-0.7068480770326597,-0.010725678715226662,-0.9405166937281245,-0.8989466012524047,1.4479654200394787,-0.26724910893934917,0.8948852047328716,1.6811310383997686,1.7169809374701448,0.4855666393964489,0.400629524013248,0.8177011959245485,0.800111478644878,1.344301417889532,-1.4352597179727162,-1.4864267055854514
-1.4861278353446372,-0.77345521725647,0.21670426908457183,-0.7068475773195533,-0.010725673658328385,-0.9405158581474902,-0.8989458350089687,1.4964423873264203,-0.2672489739540994,1.0679463715729491,1.7621529989846407,1.4331930488787656,0.6852290690753083,0.4006293048342055,0.7770499814979327,0.9240140711167242,1.2703325916738937,-1.4352576475616867,-1.4864244566092881
-1.4861255874451955,-0.7734546345039748,0.36116723294855174,-0.7068470776075069,-0.01072566860143726,-0.9405150225690827,-0.898945068767492,1.5287596705702666,-0.26724883896905466,1.1612801306975207,1.8451450182266005,1.2585458242185585,1.2719323059112435,0.4006290856555225,0.7460107893115993,1.0184475689955952,1.0467016764936052,-1.435255577159617,-1.4864222076433329
-1.4861233395559545,-0.7734540517527965,0.5056301491978757,-0.6911250725416648,-0.010725663544553291,-0.9405141869929023,-0.8989443025279745,1.577236270951066,-0.14707622282927532,1.1927676274562833,1.9160624794961236,1.1160519221175969,2.0479215301601696,0.40062886647719925,0.727059144799246,1.1176234629278994,0.7800180513617365,-1.4352535067665069,-1.4864199586875857
-1.4861210916769136,-0.7734534690029355,0.6500929794575727,-0.706846100333108,-0.010725658487676473,-0.940513351418949,-0.8989435362904166,1.4156366564870684,-0.14707615199475654,1.1012260253380162,1.955112602034392,0.9509877459234213,2.7000665149866316,0.40062864729923553,0.7282232302750206,1.1999312347172826,0.5532807868665304,-1.435251436382357,-1.486417709742047
-1.4861188438080735,-0.7734528862543918,0.7945556739826997,-0.7068456006242149,-0.010725653430806807,-0.9405125158472227,-0.898942770054818,1.4156346517248255,-0.14707608116033993,1.0107350721207382,1.9873874589634728,0.7773212557729423,2.781927816523971,0.40062842812163146,0.7205054357191932,1.282785275676308,0.5304911419040288,-1.4352493660071666,-1.4864154608067155
-1.4861165959494331,-0.773452303507165,0.9390181716584999,-0.7068451009163815,-0.010725648373944293,-0.9405116802777234,-0.8989420038211787,1.4156326469711,-0.38742129427774963,0.8199226763556676,1.9239705884486247,0.5367856710772756,2.361021392446606,0.4006282089443869,0.7750670904078654,1.3685712594488058,0.6615242168623917,-1.435247295640936,-1.486413211881592
-1.4861143481009929,-0.7734517207612558,1.0834804000006177,-0.706844601209608,-0.010725643317088933,-0.9405108447104512,-0.8989412375894988,1.286353256228464,-0.02690300238739284,0.55323005463597,1.6994009665944192,0.06296516464412574,1.5013779592239818,0.4006279897675021,0.9490150168616646,1.586226225560111,0.9872613061391007,-1.4352452252836645,-1.4864109629666762
-1.4861121002627526,-0.7734511380166634,1.2279422751553843,-0.7068441015038943,-0.010725638260240726,-0.9405100091454057,-0.8989404713597784,1.157073931260597,0.15335614813280754,0.35594109593233125,1.5106678849026793,-0.28141229538695356,0.8635737369173769,0.4006277705909791,1.0961884602767042,1.7346510314624801,1.2354806627267951,-1.4352431549353528,-1.4864087140619684
-1.4861098524347123,-0.7734505552733884,1.3724037019001836,0.14627890503620677,-0.010725633203399669,-0.24989675170220024,-0.898939705132017,1.0924339414933943,0.33361528085063646,0.2517649478487937,1.3549148451191138,-0.4685957919824102,0.3846676324581435,0.4006275514148157,1.2236818271527095,1.8291506112627514,1.448971649484553,-0.3932376397743854,-0.41495619278799023
-1.4861076046168722,-0.7734499725314304,1.516864573643913,0.00657894225963263,-0.010725628146565766,-0.44372269278827414,-0.898938938906215,1.0277940908637335,0.45378794488432267,0.18912796413580318,1.2086239530951695,-0.5626731304967698,-0.025688001643702517,0.4006273322390119,1.3514664511698278,1.8761697021824448,1.6409935229559423,-0.6349416266289112,-0.6744947231481357
-1.4861053568092315,-0.7734493897907897,1.6613247724275464,-0.005547045993058231,-0.010725623089739017,-0.37897806580712995,-0.21268963167399077,0.9631543630480334,0.6340469763133468,0.16071751556873307,1.0835194091207139,-0.5975550604965973,-0.42748916586436814,0.4006271130635678,1.4594834311388236,1.8935803690983246,1.839390988802195,-0.16306462334291028,-0.19695563054692297
-1.4861031090117904,-0.6626923028054199,-1.6613218273771562,0.5373657563800802,-0.010725618032919418,0.005437614644649188,-0.8989383767566855,0.8985144345195593,0.6941329918588245,0.15165453222292452,0.9826266871938958,-0.5459371195691666,-0.5224009106315525,0.4006268938884832,1.5448820853316492,1.861984860548314,1.8830074693760177,0.015498049221081495,-0.011163730421860278
-1.4861008612245492,-0.6626918532059803,-1.5168565632117714,-0.706845476836096,-0.010725612976106972,-0.9405097622442552,-0.8541912175097316,0.8338749074363293,0.6941325069693784,0.14655460129530257,0.8980620151371269,-0.4966277666813395,-0.683916770657293,0.4006266747137583,1.6146679157009036,1.8250644741909294,1.9548253791203418,-1.4352422869082189,-1.48640757793984
-1.4860986134475076,-0.6626914036074556,-1.37239188247971,-0.7068449771321776,-0.010725607919301678,-0.9405089266858012,-0.8989369197474483,0.7692354603084832,0.7542184789566605,0.10726413260903278,0.8207079546944707,-0.5860246064907395,-0.7760081752880692,0.40062645553939297,1.6704405837713472,1.8508271609437768,1.982207134294918,-1.4352402165815648,-1.4864053290600265
-1.4860963656806654,-0.6626909540098462,-1.2279276757394009,-0.706844477429319,-0.01072560286250354,-0.9405080911295741,-0.8989361535297546,0.7692348831030612,0.7542179211535691,0.06132251861042426,0.7763655342076802,-0.6770931692640608,-0.8698377383222639,0.4006262363653873,1.7106593830546302,1.8917843547262254,2.0253842554589063,-1.4352381462638695,-1.4864030801904207
-1.4860941179240228,-0.6626905044131517,-1.0834638449211147,-0.7068439777275202,-0.010725597805712549,-0.9405072555755738,-0.8989353873140206,0.7692343058989387,0.8143038369511842,0.0021672084536660703,0.7328213463832426,-0.7961940367135428,-0.9645378603736948,0.4006260171917412,1.7448952889220901,1.94346134301162,2.0648402084210575,-1.4352360759551337,-1.4864008313310222
-1.4860918701775792,-0.6626900548173722,-0.9390003033264877,-0.6597090707617035,-0.010725592748928713,-0.9405064200238006,-0.8989346211002456,0.6722753307676047,0.9344761392582992,-0.06586856868857127,0.687996731636154,-0.9267669139897304,-1.063385406350437,0.4006257980184547,1.7829213814174132,2.00872319629221,2.11389669092721,-1.435234005655357,-1.4863985824818307
-1.4860896224413354,-0.6626896052225079,-0.7945369756281437,-0.7068430442297926,-0.01072558769215203,-0.9405055844742541,-0.8989338548884299,1.0924276691661674,0.15335068970730342,-0.0852213120973288,0.7076802119295517,-0.9488822246164256,-1.0967919777737622,0.4006255788455279,1.7652847811896222,2.019909498889825,2.1313694867835995,-1.4352319353645393,-1.4863963336428465
-1.48608737471529,-0.6626891556285587,-0.6500737978693981,-0.7068425445310954,-0.010725582635382497,-0.9405047489269348,-0.8808932262490452,1.2540235975883531,-0.14708221450742234,0.0653563609182305,0.9506292119201336,0.21146216743567098,-0.890777900989111,0.40062535967296065,1.5509320667017144,1.4284729321147707,2.0071765080824853,-1.435229865082681,-1.4863940848140695
-1.4860851269994442,-0.6626887060355244,-0.505610717464032,-0.7068420448334581,-0.01072557757862012,-0.9405039133818425,-0.898932353085453,1.3186607956161553,0.21343741663045437,0.17757534493757318,1.1673104804627148,0.9122562448229339,-0.7150600048170349,0.40062514050075304,1.3866545091651519,1.1420882814563706,1.9440109152223788,-1.435227794809781,-1.4863918359954995
-1.4860828792937975,-0.6626882564434053,-0.36114769319612816,-0.7068415451368807,-0.010725572521864894,-0.9405030778389768,-0.8989315868794655,1.4156172621859255,-0.14708241108330855,0.31184497631232,1.3134120692996751,1.6502771096818991,-0.5313930152015481,0.40062492132890504,1.2698141290145024,0.8413146877283177,1.8491059097756537,-1.4352257245458404,-1.4863895871871362
-1.4860806315983495,-0.6626878068522014,-0.21668469521995315,-0.706841045441363,-0.01072556746511682,-0.940502242298338,-0.8989308206754374,1.4156152575199235,0.1533509022812655,0.5256665050354856,1.462891425401891,2.068129403610766,-0.33916120120549187,0.4006247021574167,1.1702384145197724,0.7073531630164729,1.7843112259297982,-1.4352236542908585,-1.4863873383889799
-1.4860783839131,-0.6626873572619123,-0.0722217050598763,-0.7068405457469049,-0.010725562408375898,-0.9405014067599261,-0.8989300544733685,1.6095292920862052,-0.20716922664941687,0.780126212408892,1.6105276416422225,2.029123640306575,-0.14355947895678572,0.4006244829862879,1.0652828508594416,0.7331429585535272,1.7018525399657425,-1.4352215840448352,-1.4863850896010302
-1.48607613623805,-0.6626869076725382,0.07224128438968802,-0.7068400460535066,-0.010725557351642127,-0.9405005712237411,-0.8989292882732586,1.7388035309705536,-0.38742921331827856,1.0129020725177114,1.722021062600667,1.7244368118616307,0.021205850968821664,0.4006242638155188,1.008402299256588,0.8856305940708431,1.6657180458990808,-1.4352195138077706,-1.4863828408232873
-1.4860738885731986,-0.6626864580840791,0.21670426886432362,-0.7068395463611681,-0.010725552294915508,-0.9404997356897831,-0.8989285220751081,1.738800233001955,-0.38742900326566104,1.1922901885315473,1.820257606567141,1.4160680390359468,0.32543269591823215,0.4006240446451093,0.9670803219355681,1.0500669207146096,1.5674123845432244,-1.4352174435796645,-1.486380592055751
-1.4860716409185453,-0.6626860084965354,0.36116723272965723,-0.7068390466698893,-0.010725547238196043,-0.9404989001580516,-0.8989277558789168,1.577200873046609,-0.14708181087641914,1.2788814921017677,1.9017517000249802,1.2061949499882552,0.9793311642384835,0.4006238254750594,0.9307860629601502,1.1660758074042752,1.2998537498448037,-1.435215373360517,-1.4863783432984212
-1.486069393274091,-0.6626855589099067,0.5056301489814123,-0.7068385469796703,-0.010725542181483728,-0.9404980646285473,-0.8989269896846845,1.577198280019333,-0.3874288332287975,1.2992778704463495,1.9723068958597867,1.0740176061762488,1.8576612279271965,0.4006236063053692,0.8779057124909414,1.2146431636009236,0.9259392749239549,-1.435213303150328,-1.486376094551298
-1.4860671456398349,-0.6626851093241929,0.6500929792454861,-0.7068380472905111,-0.010725537124778566,-0.9404972291012696,-0.8989262234924117,1.5771956870048458,-0.38742862317703414,1.2120619043939123,2.0188327112766813,0.9558515299025924,2.556102112839619,0.40062338713603857,0.8450277803024124,1.2618329049126025,0.6581912062957511,-1.4352112329490976,-1.4863738458143811
-1.4860648980157778,-0.662684659739394,0.7945556737780616,-0.7068375476024116,-0.010725532068080558,-0.940496393576219,-0.8989254573020978,1.5771930940031482,-0.32734159608142166,1.1269853783436725,2.0735752962468177,0.8167858308406649,2.7964049041117374,0.40062316796706754,0.8081617791803346,1.3264467749794828,0.5749347742013304,-1.4352091627568255,-1.4863715970876707
-1.4860626504019183,-0.6626842101555103,0.9390181714657644,-0.7068370479153718,-0.010725527011389702,-0.940495558053395,-0.8989246911137432,1.4155947757816407,-0.14708088062881883,0.924680390655065,2.011353997889767,0.49778730868783316,2.413824644256418,0.40062294879845617,0.85781680627661,1.4692219977534897,0.7104888811123901,-1.4352070925735114,-1.486369348371166
-1.4860604027982576,-0.6626837605725416,1.0834803998258793,-0.7068365482293917,-0.010725521954705997,-0.9404947225327976,-0.8989239249273476,1.2539970178923678,0.15335359163828574,0.6446153844236692,1.7830886468201335,0.08407058523958486,1.5768622914472965,0.40062272963020445,1.0334240128401764,1.6694463738456498,1.0371483888770627,-1.435205022399156,-1.486367099664868
-1.486058155204795,-0.6626833109904877,1.2279422750066349,-0.7068360485444715,-0.010725516898029445,-0.9404938870144272,-0.8989231587429114,1.1570379644835715,0.3336142275997719,0.43929240854988655,1.5969644080956662,-0.12266750401785463,0.9472018051628786,0.40062251046231234,1.1783024116099678,1.769456465157968,1.301533982512187,-1.4352029522337586,-1.4863648509687761
-1.48605590762153,-0.6626828614093492,1.3724037017875697,-0.7068355488606108,-0.010725511841360044,-0.9404930514982833,-0.8989223925604343,1.108558072661889,0.45378789379792883,0.3152514339809443,1.4394533140521795,-0.3214387535983527,0.46309599550726327,0.4006222912947799,1.3037964586149782,1.8706170100949682,1.5208752381524895,-1.4352008820773192,-1.48636260228289
-1.4860536600484635,-0.6626824118291257,1.5168645735799924,-0.7068350491778101,-0.010725506784697797,-0.9404922159843665,-0.8989216263799161,1.0762376243125131,0.5739615032474179,0.19714907532460024,1.309188019312746,-0.5822379382742422,0.1067635267517487,0.40062207212760936,1.4161799503471402,2.0124843708456983,1.6957397582106202,-1.435198811929838,-1.4863603536072096
-1.4860514124855948,-0.6626819622498171,1.6613247724275464,-0.7068345494960689,-0.0107255017280427,-0.9404913804726763,-0.898920860201357,1.0277579098705383,0.6340480877629073,0.1012032849892618,1.1972872338441969,-0.7646350506558665,-0.17148821215223553,0.40062185296079844,1.5090060777825662,2.11112312292086,1.8341188612159802,-1.4351967417913147,-1.4863581049417354
-1.486049164932924,-0.5519242826372286,-1.661321827443794,-0.7068340498153876,-0.010725496671394755,-0.9404905449632129,-0.8989200940247571,0.7692034567337089,1.1748299541201492,0.013551568718976956,1.0821388318165988,-0.8927107325626727,-0.43668882091904543,0.40062163379434723,1.6095756535688575,2.179300043748081,1.9681812428983871,-1.4351946716617492,-1.4863558562864667
-1.4860469173904511,-0.5519239432009068,-1.5168565633291053,-0.7068335501357658,-0.010725491614753963,-0.9404897094559764,-0.8989193278501165,0.9307988028604004,0.5739594970308356,-0.060617579355574,1.0036483743488003,-1.0266707133073494,-0.6121225593623918,0.40062141462825557,1.66974922593505,2.2385315634480123,2.0455398158696783,-1.4351926015411418,-1.4863536076414037
-1.4860446698581755,-0.5519236037652111,-1.372391882634538,-0.7068330504572038,-0.010725486558120322,-0.922651266555492,-0.8989185616774348,1.0923938486303362,0.453785181598105,-0.09001851299868845,0.9379019997761185,-1.123058802952736,-0.7507212642690162,0.40062119546252356,1.7255008769532945,2.289035672593795,2.1159386675241856,-1.435190531429492,-1.4863513590065462
-1.4860424223360977,-0.5519232643301416,-1.2279276759209983,-0.7068325507797016,-0.010725481501493835,-0.9218552689676326,-0.8989177955067122,1.0923927191578668,0.03317580736285429,-0.13569525431989238,0.8710608274219358,-1.2061440551445965,-0.8977518931560776,0.40062097629715127,1.7827875300299987,2.3242817540613703,2.1841178124323015,-1.4351884613268,-1.4863491103818944
-1.4860401748242174,-0.5519229248956986,-1.083463845120975,-0.706832051103259,-0.010725476444874498,-0.8379898082899779,-0.8989170293379488,1.0923915896889007,-0.02691125946156837,-0.18300663330861752,0.8144595281387799,-1.26936937162493,-1.0180738554879358,0.40062075713213857,1.8134840129260381,2.315645871519001,2.206264706807359,-1.3821250217521424,-1.4313365002515894
-1.4860379273225346,-0.5519225854618819,-0.9390003035380667,-0.7068315514278761,-0.010725471388262312,1.8805041076556614,-0.8989162631711444,1.092390460223438,1.174829578812675,-0.22641499499329665,0.7681778222802215,-1.1997928511868767,-1.1160542386916454,0.4006205379674855,1.8954197141141274,2.3445292284279726,2.3299423826828862,0.21847125737444667,0.2694487216318332
-1.4860356798310497,-0.5519222460286913,-0.7945369758466018,-0.706831051753553,-0.01072546633165728,0.6421690480151322,1.611803859913056,1.0923893307614787,0.8143063580783109,-0.22114528633127586,0.7885149741641991,-0.6974296682805035,-1.0460731017059097,0.40062031880319204,1.889877892193518,2.0762183180771654,2.3032254224898137,0.7317050844102795,0.7036787272295592
-1.4860334323497617,-0.551921906596127,-0.6500737980913422,-0.7068305520802894,-0.0107254612750594,-0.922181624818818,-0.8989163395059951,1.2539839117000526,0.513870518884413,-0.11410579075309495,0.982812687328853,0.5269373325161004,-0.6945718188224368,0.4006200996392583,1.7415141980416455,1.49159648894477,2.1440141585760717,-1.4351863267364238,-1.4863466984788962
-1.486031184878671,-0.5519215671641889,-0.5056107176872595,-0.7068300524080856,-0.01072545621846867,-0.9404873207336258,-0.8989155733424712,1.3509398090556504,0.033173483685138,0.10344441274236647,1.2074681892779775,1.2000801186202354,-0.3093109870299462,0.4006198804756842,1.5628053336794916,1.1927011849293079,1.943237982841079,-1.4351842566577202,-1.4863444498816023
-1.4860289374177773,-0.5519212277328771,-0.36114769341936886,-0.7068295527369416,-0.010725451161885094,-0.940486485238244,-0.8989148071809064,1.2539806296564857,0.51387042337541,0.25743047742344927,1.368677828797526,1.8062190742735795,-0.053274557588930814,0.4006196613124697,1.4636939037260672,0.9825656265642533,1.8634739615074243,-1.4351821865879741,-1.4863422012945138
-1.4860266899670809,-0.5519208883021915,-0.21668469544261212,-0.7068290530668571,-0.01072544610530867,-0.9404856497450887,-0.8989140410213006,1.2539791089994425,-0.14708844819575004,0.474521120636881,1.5186840685165188,2.160131891911759,0.12818362434288255,0.4006194421496149,1.317338045729548,0.7980017885417278,1.7160483060714675,-1.4351801165271856,-1.4863399527176304
-1.4860244425265814,-0.5519205488721322,-0.07222170528177659,-0.7068285533978322,-0.010725441048739397,-0.9404848142541603,-0.8989132748636539,1.2539775883479314,-0.2672627217985417,0.7053938515963197,1.6401885336748807,2.0677631544958435,0.2557941658041608,0.3514387972494228,1.1938655552718647,0.7854763152037669,1.594976659450915,-1.4351780464753543,-1.486337704150952
-1.486022195096279,-0.551920209442699,0.07224128416856229,-0.7068280537298671,-0.010725435992177276,-0.9404839787654583,-0.8989125087079661,1.2539760677019525,-0.44752416037482035,0.936326376539165,1.7317736192815283,1.7207517787547926,0.3372459757655604,0.3724859753313281,1.0899911408797553,0.8652791103821839,1.4914402814469752,-1.4351759764324803,-1.4863354555944788
-1.486019947676173,-0.5519198700138921,0.2167042686440851,-0.6891867615600316,-0.010725430935622305,-0.9404831432789832,-0.8989117425542372,1.2539745470615056,-0.6878726956766738,1.207856434159719,1.7868463372566619,1.4024334743266957,0.5753144285851712,0.4006188686470041,0.9953179655327373,0.9067124988398577,1.2873473211765158,-1.4351739063985638,-1.4863332070482103
-1.4860177002662645,-0.5519195305857114,0.3611672325107724,-0.7068270792344815,-0.010725425879074489,-0.9404823077947344,-0.8989109764024675,1.2539730264265907,-0.6878722179825889,1.204198302564369,1.8352389454765345,1.1716594978287849,1.1430410070342025,0.40061864948552856,0.9257606768538846,0.9477718875374691,0.9923245642848194,-1.4351718363736041,-1.4863309585121467
-1.486015452866552,-0.551919191158157,0.5056301487649585,-0.7068265795696661,-0.010725420822533823,-0.9404814723127125,-0.8989102102526567,1.2539715057972078,-0.6878717402894993,1.1693663613321166,1.8783691645609715,1.0268026636801877,1.88642409361561,0.40061843032441263,0.8656852868830832,0.9645348680389842,0.6646617937260133,-1.4351697663576015,-1.4863287099862874
-1.4860132054770363,-0.5519188517312288,0.6500929790334091,-0.7068260799059104,-0.010725415766000309,-0.9404806368329173,-0.8989094441048049,1.253969985173357,-0.6878712625974055,1.0653847413237774,1.9058163948623674,0.8888461195182088,2.5543637696512698,0.4006182111636564,0.8070815291084695,0.9660034380296783,0.3823125038205849,-1.435167696350556,-1.4863264614706333
-1.4860109580977172,-0.551918512304927,0.7945556735734326,-0.7068255802432143,-0.010725410709473946,-0.9404798013553486,-0.8989086779589122,1.1246923906063846,-0.8681324837563794,0.9754175491493744,1.9438067258327356,0.7143533608084544,2.6826452274172716,0.40061799200325987,0.7333016245989268,0.9657358864533573,0.2798454358612096,-1.4351656263524675,-1.486324212965184
-1.4860087107285944,-0.5519181728792512,0.9390181712730375,-0.7068250805815779,-0.010725405652954736,-0.9404789658800061,-0.8989079118149782,1.0923720126845553,-0.9883062026509254,0.7734680993022665,1.8748596871610361,0.46137331547242055,2.277670258483023,0.4006177728432229,0.7176473736339936,0.9738373193493669,0.3313402947550869,-1.4351635563633356,-1.486321964469939
-1.4860064633696681,-0.5519178334542018,1.0834803996511488,-0.7068245809210011,-0.01072540059644268,-0.9404781304068907,-0.8989071456730033,0.9307755824082203,-0.4475200642583781,0.493786525428092,1.6400253660506128,-0.02677222183743584,1.4284912330321267,0.4006175536835456,0.8704550138991893,1.1605974191403963,0.6079370136044812,-1.435161486383161,-1.4863197159848989
-1.4860042160209384,-0.5519174940297785,1.227942274857892,-0.706824081261484,-0.01072539553993777,-0.9404772949360014,-0.8989063795329875,0.7368601772820204,-0.3874325109813932,0.27984149257252333,1.4371570201300494,-0.39367960858385936,0.7808930766961956,0.40061733452422804,0.9904176826988533,1.2797141408985668,0.8126215455264381,-1.4351594164119428,-1.4863174675100628
-1.4860019686824049,-0.5519171546059816,1.3724037016749604,-0.7068235816030264,-0.010725390483440015,-0.940476459467339,-0.8989056133949306,0.7691788547374789,-0.4475196250737647,0.1585997430694866,1.2755577779209113,-0.6150419111539408,0.2864602772379181,0.40061711536527017,1.09507587394688,1.35508882659888,0.9866868097010087,-1.4351573464496816,-1.486315219045431
-1.4859997213540672,-0.5519168151828109,1.5168645735160746,-0.7068230819456286,-0.010725385426949412,-0.9404756240009032,-0.8989048472588324,0.6075827751013888,-0.1470826044712903,0.026102437541925747,1.1340319407119064,-0.8418738803126852,-0.09671686526283076,0.4006168962066718,1.1794222554789118,1.4229913748535326,1.1118589474155836,-1.4351552764963769,-1.4863129705910039
-1.4859974740359263,-0.5519164757602665,1.6613247724275466,1.0845760802872486,-0.010725380370465958,0.622098075618427,-0.8989040811246932,0.25207190723348455,0.2735291806022269,-0.06436032718712503,0.9987176857217309,-0.9683815253060547,-0.40222018418401617,0.40061667704843323,1.2813133164331902,1.4753457922456064,1.2372285330052664,0.8523703723512849,0.829315801399984
-1.4859952267279808,-0.44115801578558583,-1.6613218275104293,-0.7068235460744343,-0.010725375313989658,0.9553148728084113,1.3772148650526463,-0.0388004035497647,0.8143155370373704,-0.07893321863192618,0.8482124577116318,-0.8725160917705199,-0.7508640527942596,0.4006164578905542,1.4043598479362598,1.4306828736499744,1.395098403972398,0.7815953141207225,0.7587652993902676
-1.4859929794302313,-0.44115776735277823,-1.5168565634464346,-0.7068230464184913,-0.010725370257520508,-0.9404765862050601,-0.8989042334412285,-0.038800385231915605,0.8143148986293325,-0.11660068765187355,0.7354412288281844,-0.5850331503348956,-0.5722653133956619,0.4006162387330349,1.492804993047073,1.2940214068752336,1.3096607058318928,-1.4351551952864838,-1.4863127354031531
-1.4859907321426777,-0.44115751892039023,-1.3723918827893595,-0.7068225467636081,-0.01072536520105851,-0.9404757507415565,-0.838482341476811,-0.26503453248239134,0.9344889993416982,-0.19054130797047866,0.6285302174633658,-0.5990529900768301,-0.6257453441799032,0.4006160195758752,1.5408200325091186,1.2423917259154122,1.274836984667184,-1.4351531253482654,-1.486310486966135
-1.4859884848653202,-0.44115727048842207,-1.2279276761025872,-0.7068220471097847,-0.010725360144603664,-0.9404749152802793,-0.8764902550768817,-0.20039608393556907,0.8143134278448878,-0.2704971641679414,0.5471935562421005,-0.7027049242549736,-0.7572493212662015,0.4006158004190753,1.5643207913993025,1.228275790203292,1.272100943110833,-1.4351510554190028,-1.4863082385393207
-1.4859862375981583,-0.4411570220568734,-1.0834638453208263,-0.7068215474570207,-0.01072535508815597,-0.940474079821229,-0.8989020744914271,-0.2003959856765425,0.8143127894416279,-0.3518225992708051,0.4873683226284279,-0.868625117679678,-0.8721482431433936,0.40061558126263497,1.570539566359166,1.2455811914751262,1.2655679955861032,-1.435148985498697,-1.4863059901227103
-1.4859839903411918,-0.4411567736257445,-0.9390003037496361,-0.7068210478053163,-0.010725350031715427,-0.8203402521546517,-0.8989013083660973,-0.3619919687372323,0.9344869355089311,-0.43388536951776124,0.424432487115771,-1.155813902120631,-1.0640925801929728,0.4006153621065543,1.5532882546371627,1.2850854494457205,1.2602888624345587,-1.3733934997954111,-1.4332244898807323
-1.4859817430944207,-0.4411565251950354,-0.7945369760650496,-0.7068205481546717,-0.010725344975282037,1.0504854032137885,1.1242745790340434,0.10663702131932531,0.3936993181700063,-0.44848811761988405,0.43832004889964166,-1.0840726175103075,-1.0877988883912808,0.40061514295083334,1.4836788593952006,1.1852898891127353,1.2027159409907613,0.766188672921071,0.7455537801869213
-1.4859794958578454,-0.44115627676474595,-0.650073798313276,-0.7068200485050866,-0.010725339918855797,1.0854037784912107,1.1369953931726966,0.5591065494846194,-0.08700074574932909,-0.34181344814881176,0.6203095744557586,0.312084074783161,-0.5007270143755258,0.400614923795472,1.3104878446901917,0.6065256752846108,0.9402018406329513,0.6747689263012836,0.6503780279403131
-1.4859772486314653,-0.4411560283348761,-0.5056107179104766,-0.691279785032342,-0.010725334862436708,-0.9404745047796836,-0.8989024382172061,1.027734964450515,-0.5076132336665786,0.016840402874168135,0.9167718557262743,1.300939496041794,-0.07942326419915484,0.4006147046404704,1.077570057532972,0.27472518355287984,0.7872064721741501,-1.435147027611113,-1.4863036834548817
-1.4859750014152808,-0.441155779905426,-0.3611476936425992,-0.7068190710986377,-0.010725329806024772,-0.9404736693252783,-0.8989016720941784,1.1408509977270276,-0.8080504155051708,0.1591649619397368,1.1521887811835747,2.2514934339934003,0.27173757715266583,0.40061448548582834,0.8786929884062701,-0.0233552124152038,0.6491157691674329,-1.4351449577141948,-1.4863014350652477
-1.485972754209291,-0.4411555314763956,-0.21668469566526094,-0.7068185714522056,-0.010725324749619987,-0.9404728338730997,-0.8989009059731093,1.2701266921909145,-1.1084871115269082,0.4074777723322758,1.355255166583251,2.6186994378935844,0.39094047057585624,0.400614266331546,0.7097937730624613,-0.1379935857234145,0.5923954729227033,-1.4351428878262327,-1.4862991866858175
-1.485970507013497,-0.44115528304778484,-0.07222170550366686,-0.7068180718068332,-0.010725319693222353,-0.9404719984231472,-0.8989001398539993,1.3832420147806361,-1.4089229571991513,0.6705759418455304,1.503965829638331,2.579519663186085,0.5503260856426924,0.40061404717762344,0.5722756478711598,-0.1463270946461014,0.5105262777239707,-1.4351408179472267,-1.4862969383165907
-1.4859682598278976,-0.4411550346195939,0.0722412839474466,-0.7068175721625203,-0.010725314636831872,-0.9404711629754213,-0.8988993737368483,1.496357211787417,-1.6492702159730501,0.9084737062314364,1.6230088053161549,2.219679896713745,0.6117596210918211,0.4006138280240605,0.46294683513966334,-0.06554453463580243,0.46322538700639015,-1.4351387480771767,-1.4862946899575673
-1.4859660126524934,-0.4411547861918226,0.21670426842385682,-0.7068170725192668,-0.01072530958044854,-0.9404703275299221,-0.8988986076216559,1.6256312026875186,-1.8896161007566181,1.0959820938019649,1.7421439303684116,1.859298462617772,0.8543694046732363,0.4006136088708572,0.33770241017177755,0.002395619989214467,0.33648209749360314,-1.4351366782160828,-1.4862924416087477
-1.4859637654872841,-0.44115453776447094,0.3611672322918976,-0.706816572877073,-0.010725304524072362,-0.9404694920866491,-0.8988978415084222,1.738745233227428,-2.1299602064653915,1.2266863826013532,1.8594167276794284,1.6244891878111638,1.455293054660178,0.4006133897180135,0.20873192859126571,0.023937707352780453,0.09104568313772472,-1.435134608363945,-1.4862901932701313
-1.4859615183322696,-0.4411542893375391,0.5056301485485146,-0.706816073235939,-0.010725299467703333,-0.9404686566456024,-0.8988970753971476,1.6256252216362643,-1.9496938456536244,1.2414358511335384,1.9414960698153356,1.4503463748591887,2.2280566677174374,0.40061317056552964,0.12857219669453326,0.05471515092535248,-0.15584593226139054,-1.4351325385207623,-1.4862879449417177
-1.4859592711874503,-0.4411540409110268,0.6500929788213418,-0.7068155735958642,-0.010725294411341455,-0.9404678212067822,-0.8988963092878317,1.4963464781253837,-1.8295156232575631,1.1888934777158384,1.9957665237736197,1.281498941833713,2.8340666588081525,0.4006129514134053,0.07414407312865412,0.08830409346078924,-0.33367041384304613,-1.435130468686536,-1.4862856966235076
-1.4859570240528255,-0.4411537924849343,0.7945556733688128,-0.7068150739568492,-0.010725289354986732,-0.9404669857701886,-0.8988955431804746,1.3832275119797943,-1.6492512205512115,1.0935274043468175,2.042513485249892,1.0758139493634171,3.0034783188146785,0.40061273226164074,0.03103408572236291,0.14155912414995714,-0.3857748880221741,-1.435128398861265,-1.486283448315501
-1.4859547769283952,-0.44115354405926155,0.9390181710803195,-0.7068145743188937,-0.010725284298639157,-0.9404661503358211,-0.8988947770750765,1.2701092378000012,-1.4689876693487522,0.8844469024232889,1.9725114743551937,0.6838885006867468,2.5954659121033936,0.4006125131102358,0.0413351761359499,0.24470150743018554,-0.3009020878801701,-1.43512632904495,-1.4862812000176968
-1.4859525298141594,-0.44115329563400824,1.0834803994764262,-0.7068140746819978,-0.010725279242298736,-0.9404653149036803,-0.898894010971637,1.1408314016205137,-1.2887247868730378,0.6030071154793211,1.7416818478004048,0.21981551787316944,1.7237453792486646,0.4006122939591906,0.1667816109125313,0.390444190870395,-0.07140479500849635,-1.4351242592375906,-1.4862789517300958
-1.4859502827101183,-0.4411530472091746,1.227942274709156,-0.7068135750461614,-0.010725274185965463,-0.9404644794737657,-0.8988932448701562,1.0277137446340727,-1.0483754696409078,0.39395709292479336,1.5464944466370616,-0.14744784753638457,1.0614204382329349,0.4006120748085051,0.2687318863625256,0.5088887622497091,0.11660720921142269,-1.4351221894391863,-1.4862767034526978
-1.4859480356162715,-0.4411527987847607,1.3724037015623562,-0.7068130754113846,-0.010725269129639343,-0.9404636440460776,-0.8988924787706344,1.0923507495362323,-1.0483744322927873,0.2671339980559199,1.3904497246270093,-0.3874873497399114,0.3366128065722693,0.4006118556581792,0.3586437832236084,0.5959151399817315,0.35126075958844033,-1.4351201196497378,-1.4862744551855023
-1.4859457885326188,-0.4411525503607666,1.5168645734521593,-0.7068125757776673,-0.010725264073320374,-0.940462808620616,-0.8988917126730712,1.0600304700903163,-0.9281994890739347,0.16493889611089388,1.2595953807937228,-0.5767760368627473,0.030743027660649493,0.400611636508213,0.43978268487082733,0.6732183074040491,0.46280627736638313,-1.4351180498692446,-1.4862722069285097
-1.4859435414591606,-0.44115230193719207,1.6613247724275462,-0.7068120761450096,-0.010725259017008557,-0.9404619731973806,-0.8988909465774668,0.9307534020947115,-0.6878507383063528,0.09407786687322778,1.144210765620069,-0.7722776290758834,-0.22098205934870813,0.4006114173586065,0.5033256845248795,0.7535258101559478,0.5576242280320131,-1.4351159800977065,-1.4862699586817198
-1.4859412943958963,-0.3303929084654073,-1.6613218275770623,-0.7068115765134114,-0.01072525396070389,-0.9404611377763715,-0.8988901804838213,0.8337953887141992,-0.44750215231248486,-0.0007151035705633333,1.0421550977500786,-0.9031791551443211,-0.4526007785226166,0.4006111982093597,0.5619013522870828,0.8088673634340231,0.6468618535067312,-1.4351139103351238,-1.4862677104451325
-1.4859390473428264,-0.33039273572268574,-1.5168565635637588,-0.7068110768828728,-0.010725248904406376,-0.9404603023575887,-0.8988894143921342,0.866113897255521,-0.44750189912349164,-0.050272988137812,0.9622862429813678,-0.995948336387258,-0.6324285600840446,0.4006109790604726,0.6096091296557885,0.8583922963855505,0.7272574926179328,-1.4351118405814964,-1.486265462218748
-1.4859368002999505,-0.33039256298023506,-1.372391882944175,-0.7068105772533937,-0.010725243848116012,-0.9404594669410324,-0.8988886483024061,0.8014751312099145,-0.26724037863866673,-0.11865086302130586,0.8825509287865747,-1.1495569226872846,-0.8022228749472232,0.40061075991194517,0.6586688038867938,0.942490844115283,0.8142296303382813,-1.435109770836824,-1.4862632140025653
-1.4859345532672683,-0.3303923902380553,-1.2279276762841695,-0.7068100776249742,-0.010725238791832797,-0.9404586315267024,-0.8988878822146367,0.8176337960772017,-0.20715312199336205,-0.17332296426926153,0.8164235032016565,-1.2561336754525445,-0.9403366476643592,0.40061054076377745,0.7022366731475377,1.0127252589885287,0.8946051599314878,-1.4351077011011064,-1.486260965796585
-1.48593230624478,-0.3303922174961464,-1.0834638455206698,-0.706809577997614,-0.010725233735556738,-0.9404577961145985,-0.8988871161288258,0.7853142684266176,-0.1470658692545904,-0.22842306209083246,0.7538338113858982,-1.3506842817959037,-1.123910945094906,0.4006103216159694,0.745312663378634,1.0784409443877052,0.9951450136380996,-1.435105631374344,-1.486258717600807
-1.4859300592324853,-0.3303920447545085,-0.9390003039611972,-0.7068090783713135,-0.010725228679287827,0.36774962727168403,-0.8988863500449739,0.6883563687405898,0.033195743959781795,-0.28475234127479027,0.6920254726056382,-1.3947327334108588,-1.2201034842638208,0.400610102468521,0.7881627076546295,1.1232471047955335,1.0612489443489823,-0.6418256337799504,-0.6458136112999436
-1.4859278122303847,-0.3303918720131416,-0.7945369762834886,-0.7068085787460726,-0.010725223623026067,0.8761178143564239,1.2982363377050774,0.9145894110294157,-0.14706589897468345,-0.2851021056217905,0.7101664108203192,-1.085378849658143,-1.1597350905892256,0.4006098833214323,0.782195310018023,1.0331858082271759,1.0795335494504144,0.7650950117712881,0.7414491003891339
-1.4859255652384777,-0.33039169927204554,-0.6500737985352009,-0.706808079121891,-0.01072521856677146,1.0600569540726323,1.1928963765003826,1.1408220248516923,-0.3273275250390726,-0.17629508523501192,0.9249501715512397,0.3572194726623406,-0.538943669575063,0.40060966417470334,0.6536502986275651,0.5275749361367477,0.8865301492914539,0.6924124560779237,0.668055174357811
-1.485923318256764,-0.33039152653122045,-0.5056107181336845,-0.5148598807600048,-0.010725213510524,-0.9404595643084924,-0.8988874628526803,1.3670543036990148,-0.5075890968847393,0.1773046260172469,1.1604886802475007,1.8607945866552222,0.009246948714010134,0.36779335811040903,0.518807388733968,0.08459090836124583,0.7373493690865345,-1.306281149953514,-1.3871181460207456
-1.4859210712852438,-0.3303913537906663,-0.36114769386582024,-0.7068073389662178,-0.010725208454283694,-0.9404587288987203,-0.8988866967711578,1.3832117139167521,-0.6878505550744102,0.30578981766700575,1.3522881232888637,2.5001490311042773,0.3403013354692967,0.40060926158187765,0.3967681269256658,-0.08695384409210317,0.6334625921434563,-1.4351036517522617,-1.4862563460217313
-1.485918824323917,-0.3303911810503831,-0.21668469588790018,-0.7068068393449096,-0.01072520339805054,-0.9404578934911743,-0.8988859306915936,1.3993693735525994,-0.8080245792433184,0.5366649523643379,1.5216012258592837,2.8647545894023976,0.45736870090117315,0.3900137890428936,0.28723145775795084,-0.17849675860233505,0.6031204230996199,-1.4351015820509092,-1.4862540978552792
-1.4859165773727836,-0.3303910083103708,-0.07222170572554763,-0.706806339724661,-0.010725198341824534,-0.9404570580858548,-0.8988851646139884,1.4316865227769227,-0.9882856684784739,0.7823705403294015,1.646989708588987,2.723579621588716,0.710544801931995,0.40060883486155235,0.21412985988794966,-0.12263590739186458,0.5332724690783083,-1.4350995123585113,-1.4862518496990291
-1.4859143304318434,-0.3303908355706294,0.07224128372634044,-0.7068058401054719,-0.01072519328560568,-0.9404562226827612,-0.8988843985383418,1.3832058361874249,-0.9882847476146366,1.0152875444895186,1.7494787017724844,2.326283677431353,0.7377750474037658,0.4006086157165881,0.15068658469129642,-0.0016549029137922302,0.532549142077279,-1.435097442675068,-1.486249601552981
-1.4859120835010962,-0.33039066283115925,0.21670426820363772,-0.7068053404873421,-0.010725188229393978,-0.9404553872818942,-0.8988836324646537,1.334725628165828,-0.9281965951060064,1.1863413532034557,1.8336448336788453,1.8997989302789537,0.926774846625351,0.4006083965719835,0.09818362677815222,0.13196657758584335,0.47151915647556436,-1.4350953730005798,-1.4862473534171348
-1.485909836580542,-0.33039049009196,0.361167232073032,-0.7068048408702721,-0.010725183173189427,-0.9404545518832531,-0.8988828663929245,1.286245578609175,-0.9281957806194543,1.26272464692902,1.9037718402881476,1.619750486745439,1.4931514776473938,0.4006081774277387,0.05019001430762422,0.21728669678368728,0.27696488667251545,-1.4350933033350455,-1.4862451052914902
-1.485907589670181,-0.3303903173530317,0.5056301483320798,-0.7068043412542614,-0.010725178116992027,-0.9404537164868385,-0.8988821003231537,1.2216058322129595,-0.7479331932479479,1.2514937157479715,1.9607315578492428,1.4043828748430054,2.18618085569076,0.40060795828385354,0.014320601131725317,0.2919449588499748,0.06448018905380346,-1.435091233678466,-1.486242857176047
-1.4859053427700128,-0.3303901446143741,0.6500929786092833,-0.7068038416393102,-0.010725173060801778,-0.9404528810926498,-0.8988813342553417,1.156966568827002,-0.5676707644036378,1.1277414341657233,1.975750073556072,1.192291879179843,2.7002396221483163,0.4006077391403281,0.010444704438116363,0.3739791230149648,-0.07558280523065597,-1.4350891640308405,-1.4862406090708056
-1.4859030958800379,-0.33038997187598745,0.7945556731642017,-0.7068033420254185,-0.01072516800461868,-0.9404520457006876,-0.8988805681894882,1.0923274618756578,-0.44749575614564074,1.0187622138236179,1.9826988256268645,0.9627981391348355,2.588691403172977,0.4006075199971624,0.005861448846784468,0.4578880318441136,-0.039555542246931946,-1.4350870943921699,-1.4862383609757657
-1.4859008490002554,-0.33038979913787175,0.9390181708876094,-0.7068028424125863,-0.010725162948442734,-0.9404512103109515,-0.8988798021255934,1.0115289553902136,-0.3273207849422653,0.7882203805845789,1.8735711633177876,0.6468924614204065,2.090749827286469,0.40060730085435636,0.07530153242567769,0.5786913438563406,0.1151716710695378,-1.4350850247624531,-1.4862361128909272
-1.485898602130666,-0.330389626400027,1.0834803993017106,-0.7068023428008136,-0.010725157892273936,-0.9404503749234417,-0.8988790360636573,0.9468901377643516,-0.20714583214901927,0.5073397936004497,1.6476762580754203,0.11356075332436079,1.3138178406252816,0.40060708171191006,0.2190321604262401,0.7870934511205057,0.37096953379201075,-1.4350829551416906,-1.4862338648162898
-1.4858963552712687,-0.3303894536624532,1.2279422745604256,-0.7068018431901003,-0.01072515283611229,-0.940449539538158,-0.8988782700036797,0.8660918784117704,-0.08697088566631571,0.31774604488664776,1.4582502979969092,-0.13107410982589082,0.7149476358476407,0.4006068625698234,0.3424977262216675,0.887299160245753,0.5833023527060796,-1.4350808855298824,-1.486231616751854
-1.4858941084220643,-0.33038928092515035,1.3724037014497565,-0.7068013435804464,-0.010725147779957795,-0.9404487041551005,-0.8988775039456608,0.8660911639199674,-0.026883392287125878,0.19267322667160938,1.3024054926958326,-0.4449351084523746,0.259522921610119,0.40060664342809654,0.450852643744527,1.0262446503643738,0.762498479572449,-1.4350788159270282,-1.4862293686976191
-1.485891861583052,-0.33038910818811845,1.5168645733882467,-0.706800843971852,-0.010725142723810454,-0.9404478687742691,-0.8988767378896002,0.866090449429933,-0.026883379605810553,0.07585259437971273,1.1775915268671864,-0.6842146686508898,-0.08238898785029763,0.4006064242867294,0.539146857201325,1.1395124541974007,0.9074085017488298,-1.4350767463331282,-1.4862271206535853
-1.4858896147542324,-0.3303889354513575,1.6613247724275455,-0.7068003443643172,-0.01072513766767026,-0.9404470333956639,-0.8988759718354985,0.8660897349416669,0.033204142029787505,0.005610625480118388,1.0714089759809853,-0.8273295820125509,-0.40454586913295354,0.40060620514572187,0.6212937535715678,1.217526941648108,1.0545153275958739,-1.435074676748182,-1.486224872619753
-1.485887367935605,-0.21962848994302214,-1.661321827643692,1.2397530343275323,-0.010725132611537219,0.7425350428287895,-0.8988752057833553,0.8499294666665834,0.09329166326873159,-0.046304577177874125,0.9833762598958588,-0.9159699780380949,-0.6024070956810204,0.400605986005074,0.6909676106134969,1.2736710342042474,1.1550236759521748,0.8925621258978109,0.8711582610624727
-1.4858851211271698,-0.2196283814221525,-1.516856563681078,-0.7068008346254191,-0.010725127555411326,-0.9404470969263112,-0.8459192735041698,0.8176096629445448,0.15337918294314065,-0.031119470440668956,0.8909243612241722,-0.8340376022568456,-0.8564298114555268,0.40060576686478605,0.7672592490925669,1.2518586533338658,1.282229022813061,-1.4350735861781636,-1.486223614772847
-1.4858828743289267,-0.21962827290144366,-1.3723918830989834,-0.7068003350193083,-0.010725122499292585,-0.9404462615513977,-0.8805370914747598,0.8014497678538626,0.21346669906703283,-0.04211537562673705,0.81524750523013,-0.7927297212754839,-0.9980692418845362,0.4006055477248576,0.8257768191679072,1.241144004936565,1.354500974824242,-1.4350715166097634,-1.486221366757976
-1.485880627540876,-0.2196281643808957,-1.2279276764657434,-0.7067998354142567,-0.010725117443180996,-0.9404454261787105,-0.8988730278221655,0.6560133634260804,0.39372942979629216,-0.08769543216019164,0.7428239021047268,-0.8726009985252774,-1.0849578214735294,0.400605328585289,0.8835029163495948,1.2821397759426594,1.3997359746915519,-1.435069447050317,-1.4862191187533054
-1.4858783807630171,-0.21962805586050868,-1.083463845720504,-0.7067993358102648,-0.010725112387076557,-0.9404445908082494,-0.8988722617776622,0.5105773670561623,0.5739920869827204,-0.13654408121325834,0.6913285815485211,-0.9741556233681069,-1.166453820485962,0.4006051094460801,0.9231118944031091,1.3291696841030038,1.4384389374857884,-1.4350673774998244,-1.486216870758836
-1.4858761339953501,-0.2196279473402825,-0.9390003041727483,-0.7067988362073322,-0.01072510733097927,-0.9404437554400141,-0.8988714957351178,0.3651414283504771,0.754254603052729,-0.19752775269019143,0.6334373784899305,-1.0890471067801242,-1.2642573736772968,0.40060489030723084,0.9671379788884977,1.3820441838800681,1.48424978479719,-1.4350653079582854,-1.4862146227745667
-1.4858738872378752,-0.2196278388202171,-0.7945369765019176,-0.7067983366054591,-0.010725102274889133,-0.21282666474681816,-0.8988707296945317,0.5752149709960944,0.5739911328489166,-0.22053548066340947,0.6324371650388695,-1.1236344865617955,-1.30480052002843,0.40060467116873905,0.9689902723739495,1.3991737726908857,1.5045361549075058,-0.9772598570312314,-1.0240180447793346
-1.4858716404905916,-0.2196277303003126,-0.6500737987571154,-0.7067978370046454,-0.010725097218806146,-0.5172744455774281,-0.8988699636559044,0.7852886505385027,0.33364006810724983,-0.14789635938659448,0.8151477809715458,-0.2426294936677251,-1.2023605507078388,0.400604452030607,0.8419842910789331,1.0233894475801664,1.4721429688968972,-1.192511526973276,-1.23721512654109
-1.4858693937535001,-0.21962762178056885,-0.5056107183568823,-0.7067973374048911,-0.01072509216273031,-0.940442979680612,-0.8748626751396936,0.9953617242263169,0.15337675112173832,-0.03021469234768928,0.9755283562152723,-0.030604815919071784,-0.9582349148199109,0.4006042328928346,0.7409466684312139,0.9639772442933706,1.3904714360364545,-1.4350609377967471,-1.4862098372070123
-1.4858671470265998,-0.2196275132609862,-0.36114769408903113,-0.7067968378061963,-0.010725087106661625,-0.9404421443183014,-0.8988684722580951,1.1407963625058133,-0.14706205465731664,0.1958301447719907,1.1770090417988044,0.7252007876416551,-0.7287763918021761,0.40060401375542193,0.6099804899094957,0.683118940308172,1.305309313637908,-1.4350588682848018,-1.486207589256505
-1.4858649003098914,-0.21962740474156428,-0.2166846961105293,-0.7067963382085609,-0.01072508205060009,-0.9404413089582171,-0.8988677062252775,1.2700713535589843,-0.5075885719353241,0.40683472237291723,1.3579320307654288,1.3360089440028113,-0.4948120310049355,0.40060379461836904,0.4885076677897308,0.46392272856024236,1.2041750424679443,-1.4350567987818095,-1.4862053413161982
-1.4858626536033743,-0.21962729622230326,-0.07222170594741814,-0.7067958386119848,-0.010725076994545706,-0.9404404736003587,-0.8988669401944185,1.415505162585866,-0.8080270626614852,0.648825971391961,1.4917927843434242,1.4882059490172348,-0.30868829598065695,0.40060357548167586,0.3965705922848731,0.40959340757112833,1.1214927978513616,-1.4350547292877707,-1.4862030933860915
-1.4858604069070487,-0.21962718770320303,0.07224128350524457,-0.7067953390164682,-0.010725071938498473,-0.9404396382447262,-0.8988661741655177,1.4316627001896283,-0.6878509172476123,0.8624680662715194,1.5805887244700443,1.2557790305326189,-0.17586130263565297,0.40060335634534233,0.3500223765149814,0.5058048099820722,1.0834335809480133,-1.435052659802685,-1.4862008454661852
-1.4858581602209142,-0.21962707918426363,0.21670426798342907,-0.706794839422011,-0.01072506688245839,-0.9404388028913199,-0.8988654081385755,1.431660642160233,-0.5676748658125329,1.027093566088792,1.6722954275373898,1.034363869476464,0.11640229074676145,0.4006031372093686,0.31498475518517854,0.6184496404107961,0.9992567973108315,-1.4350505903265527,-1.4861985975564789
-1.4858559135449714,-0.21962697066548525,0.3611672318541769,-0.7067943398286133,-0.010725061826425457,-0.9404379675401395,-0.898864642113592,1.4478181088061337,-0.44749887662168114,1.1363162105329871,1.7653265005375798,0.8889123828235889,0.7737762458265975,0.40060291807375453,0.28879436727129004,0.7222894923855994,0.7906624082536243,-1.435048520859373,-1.4861963496569726
-1.4858536668792193,-0.21962686214686766,0.5056301481156553,-0.706793840236275,-0.010725056770399675,-0.9404371321911854,-0.8988638760905666,1.3831779242461306,-0.38741077594287837,1.1308560556247478,1.8306535352490063,0.7874781049522408,1.5898366574146756,0.4006026989385002,0.26471124363886256,0.7835267764775153,0.5124501121198722,-1.4350464514011467,-1.486194101767666
-1.4858514202236583,-0.21962675362841097,0.650092978397235,-0.706793340644996,-0.010725051714381045,-0.940436296844457,-0.8988631100694997,1.3185382730316646,-0.38741056592246925,1.048299634718898,1.8684553553286734,0.6450059357293243,2.3042782571659424,0.40060247980360564,0.25945012427361286,0.8611809355172229,0.29100957573755865,-1.4350443819518732,-1.4861918538885595
-1.4858491735782886,-0.21962664511011507,0.7945556729596004,-0.7067928410547764,-0.010725046658369564,-0.9404354614999549,-0.8988623440503914,1.2538988260413988,-0.3874103559024022,0.9611712400236426,1.9104753405852093,0.5228691130385928,2.525433365883448,0.4006022606690708,0.23712774385104238,0.9129509114249024,0.22271439505375906,-1.4350423125115528,-1.4861896060196527
-1.4858469269431098,-0.21962653659198,0.9390181706949087,-0.7067923414656161,-0.010725041602365232,-0.9404346261576786,-0.8988615780332413,1.1407810162177667,-0.20714636544431103,0.7665591013076897,1.8478980241551501,0.23192631513164622,2.1706758614357353,0.40060204153489554,0.2864577532774139,1.0377371588704998,0.34168646186590873,-1.4350402430801852,-1.4861873581609455
-1.4858446803181218,-0.21962642807400573,1.0834803991270034,-0.7067918418775154,-0.010725036546368052,-0.9404337908176285,-0.8988608120180497,1.011504251517857,-0.026882382812940645,0.5004733785562759,1.6284148791822937,-0.15319713019063047,1.3536958904883718,0.40060182240108017,0.4319433476325323,1.203087982967444,0.6253058454244299,-1.4350381736577702,-1.486185110312438
-1.4858424337033243,-0.21962631955619252,1.2279422744117028,-0.7067913422904739,-0.010725031490378022,-0.9404329554798043,-0.8988600460048165,0.8983869312606865,0.09329360940203082,0.31569364666068367,1.440674336360786,-0.44113519219281055,0.7394989047209914,0.4006016032676245,0.5581604837355323,1.3319859315207134,0.8577776053584726,-1.4350361042443078,-1.48618286247413
-1.4858401870987177,-0.21962621103854016,1.3724037013371624,-0.706790842704492,-0.010725026434395142,-0.9404321201442056,-0.8988592799935419,0.7529510113402218,0.33364562007986415,0.18143580665447337,1.2806332344144764,-0.6572055241403413,0.26026056805367265,0.4006013841345285,0.6698491226217935,1.4319118972397589,1.0517758519380185,-1.4350340348397983,-1.4861806146460215
-1.4858379405043018,-0.2196261025210486,1.516864573324337,-0.7067903431195691,-0.010725021378419413,-0.9404312848108334,-0.8988585139842254,0.6236747661907196,0.573997546510351,0.04901388890555861,1.144779082907137,-0.8667545028121424,-0.10663507860186064,0.40060116500179227,0.7717922355345941,1.535708659814237,1.21219440436282,-1.4350319654442416,-1.4861783668281123
-1.485835693920076,-0.2196259940037179,1.6613247724275453,-0.7067898435357058,-0.010725016322450836,-0.9404304494796868,-0.8988577479768673,0.4782390538407567,0.8143492701979058,-0.06302896019650135,1.022274355232006,-1.0450723561096475,-0.40387321132278725,0.4006009458694158,0.8614495188890424,1.6226303898010332,1.3443935015705164,-1.4350298960576369,-1.4861761190204026
-1.4858334473460413,-0.10886441251191621,-1.6613218277103183,-0.706789343952902,-0.010725011266489407,-0.9404296141507664,-0.8988569819714678,0.36512219670429513,0.9345246451225938,-0.1381101377323787,0.9122863257801826,-1.1662096746001849,-0.7003492149611472,0.4006007267373991,0.9386029715121862,1.6784210006925249,1.476975660742457,-1.4350278266799847,-1.486173871222892
-1.4858312007821968,-0.10886436058911414,-1.5168565637983908,-0.7067888443711574,-0.010725006210535128,-0.9404287788240716,-0.8988562159680263,0.2358461054838064,0.9946118161670963,-0.23824617336659223,0.8121398970379211,-1.3217048715297548,-0.900739746780683,0.40060050760574206,1.0146475397189307,1.7569877844594912,1.5722701937147707,-1.4350257573112852,-1.4861716234355806
-1.485828954228542,-0.1088643086663865,-1.3723918832537838,-0.7067883447904721,-0.010725001154588002,-0.9404279434996029,-0.8988554499665435,0.12272928811124545,1.0546988699584263,-0.2897284226916201,0.7183143114572297,-1.4542988331732116,-1.0702203077146146,0.40060028847444246,1.0819816323009999,1.8206883347199991,1.6503346569295747,-1.435023687951538,-1.4861693756584682
-1.485826707685078,-0.10886425674373301,-1.227927676647308,-0.7067878452108465,-0.010724996098648026,0.26542407660493184,0.20393440966735696,0.33280283949789724,0.7542578082956504,-0.3417039961707804,0.6494113845432393,-1.4978704048760423,-1.2272716065507394,0.4006000693435026,1.1386536979868291,1.84089227576311,1.7258495823132962,0.01875176577906276,0.02134326447830825
-1.485824461151804,-0.10886420482115394,-1.0834638459203283,-0.7067873456322799,-0.010724991042715199,1.1817861070306792,1.1609208394469872,0.5267170489916908,0.4538169854065258,-0.39015563791128755,0.593255015746301,-1.2160691921415319,-1.0071819544175011,0.40059985021292255,1.178411168310395,1.6823732233597581,1.6029556032797538,0.7874946616708063,0.7657297670293908
-1.48582221462872,-0.10886415289864908,-0.9390003043842892,1.722503979492148,-0.010724985986789524,0.2757996832881948,-0.898856229381384,0.7367903983994458,0.21346433830494302,-0.3943641567737496,0.5668730006015927,-0.7414769550255155,-0.7352114814443488,0.40059963108270213,1.197765214174238,1.4423630338670248,1.46366005753154,0.8656581049326574,0.8339502098116855
-1.4858199681158264,-0.10886410097621861,-0.7945369767203362,-0.7067878145796568,-0.010724980930870999,-0.4796257859775849,-0.042350069075056854,0.9468637906604237,-0.026888299040114545,-0.27636474393148425,0.620721595465063,-0.3425792132556453,-0.5035422897276651,0.4005994119528415,1.1568969020298894,1.253168291007329,1.3503031461431023,-0.6857624360782881,-0.7336781513757513
-1.4858177216131225,-0.10886404905386234,-0.6500737989790194,-0.7067873150025391,-0.010724975874959625,-0.9214790006353148,-0.8988558463843456,1.1407768888858987,-0.26724092731628646,-0.09117350719803001,0.8524555262560872,0.6110371100181532,-0.3364581954754416,0.4005991928233406,0.9840408180007698,0.8554023964131514,1.2790060257951725,-1.4350240092272382,-1.4861694911662786
-1.4858154751206083,-0.10886399713158046,-0.5056107185800693,-0.7067868154264809,-0.0107249708190554,-0.9404284656414578,-0.8988550803877917,1.3508493093557916,-0.5075934948524382,0.17488254686317356,1.0895322508196235,1.4104073507703765,-0.1403563199550639,0.4005989736941995,0.8242947304652395,0.5683220932195144,1.210048913677802,-1.43502193988511,-1.486167243409545
-1.485813228638284,-0.10886394520937279,-0.36114769431223126,-0.7067863158514821,-0.010724965763158326,-0.9404276303230406,-0.8988543143931965,1.2377309652056445,-0.507593193948192,0.30428034049736635,1.2348036766330188,2.07421333300141,-0.009138469220086806,0.4005987545654181,0.7181735834379422,0.32832174969014377,1.1401151420909883,-1.4350198705519344,-1.4861649956630103
-1.4858109821661494,-0.10886389328723951,-0.21668469633314777,-0.7067858162775426,-0.0107249607072684,-0.9404267950068494,-0.8988535484005592,1.108453678000979,-0.5676810992966491,0.5245072822593628,1.3860135516892131,2.3566401801171866,0.10306758857369143,0.30916478534125047,0.5995681067190352,0.20841827993269774,1.056322963489851,-1.4350178012277102,-1.4861627479266744
-1.4858087357042045,-0.10886384136518043,-0.07222170616927816,-0.7067853167046624,-0.010724955651385627,-0.9404259596928839,-0.8988527824098804,0.9953359176517433,-0.5676807454841818,0.7506630969786039,1.5199773309770483,2.182861606461409,0.19628797237627033,0.28200995699384307,0.4740437674274002,0.2005155317608918,0.937936525244459,-1.4350157319124384,-1.4861605002005371
-1.4858064892524487,-0.10886378944319558,0.072241283284159,-0.7067848171328417,-0.010724950595510003,-0.9404251243811445,-0.89885201642116,0.8822186594852566,-0.6277686305192605,0.9478627968880327,1.6200544515548823,1.7035191007767188,0.24259290311362267,-0.007333921400430387,0.34815763267363975,0.26489255824710095,0.8099442899155903,-1.4350136626061187,-1.4861582524845984
-1.4858042428108829,-0.10886373752128509,0.21670426776323062,-0.70678431756208,-0.010724945539641529,-0.9404242890716306,-0.8988512504343976,0.75294167224792,-0.6878564676000032,1.0050745003268655,1.7015277580728978,1.3248335447931392,0.37367595387438624,-0.06647861980225438,0.19325171892425919,0.24304756846860617,0.5919424373273886,-1.4350115933087504,-1.4861560047788585
-1.4858019963795062,-0.10886368559944883,0.3611672316353318,-0.706783817992378,-0.010724940483780206,-0.9404234537643429,-0.8988504844495938,0.6398246936166817,-0.7479442474637457,0.7555693047558528,1.5524913352814034,0.8235179567387926,0.12030705576686919,0.3114118150047433,0.18404548166997617,0.2698240535698693,0.5305077195914543,-1.4350095240203342,-1.4861537570833168
-1.485799749958319,-0.10886363367768696,0.5056301478992408,-0.706783318423735,-0.010724935427926033,-0.9404226184592808,-0.8581258987005794,0.5590266549076127,-0.7479436976925048,0.7328850960024218,1.5712094245602228,0.5707348538762425,0.45025516056227044,0.2812713327109804,0.09714359421246013,0.26212052012109033,0.3180746381842544,-1.4350074547408695,-1.4861515093979734
-1.485797503547321,-0.10886358175599929,0.6500929781851964,-0.7067828188561516,-0.01072493037207901,-0.9404217831564445,-0.8988490211912843,0.4782286588944326,-0.8080314227384588,0.6562606765596708,1.560034468854159,0.34155983035502624,0.7598355537927501,0.3432836325321394,0.0010639790601093642,0.21329537057151213,0.09310847557305059,-1.4350053854703566,-1.486149261722828
-1.485795257146512,-0.10886352983438603,0.7945556727550086,-0.690475124193126,-0.010724925316239139,-0.9404209478558342,-0.8988482552122443,0.3974306935556785,-0.8681190695881627,0.5278856526265827,1.5273221401015125,0.06412570551539291,0.8493930448205358,0.37828642418063824,-0.06154791713934022,0.2065572246198216,-0.027425145441619867,-1.4350033162087952,-1.4861470140578812
-1.485793010755892,-0.10886347791284696,0.9390181705022167,-0.4910302062181866,-0.010724920260406414,-0.8975371255814371,-0.8988474892351626,0.3166327488589582,-0.9282066265249159,0.28355125775320794,1.378111150859001,-0.3568430676163384,0.5422460158794598,0.34617945901709263,-0.11711258183274377,0.18656981151292962,-0.084199041127548,-1.2666179847615167,-1.3109172457230152
-1.4857907643754613,-0.10886342599138232,1.0834803989523045,1.2635744720645408,-0.010724915204580842,0.7246806265401243,-0.898846723260039,0.23583481676093468,-0.9882940810140382,0.05651893566608106,1.116043623428007,-0.723366144654384,-0.124802859693395,0.4005980427647077,-0.06997888137049595,0.18846547192995777,0.003308130262214637,0.8736880369264819,0.8515478314837961
-1.4857885180052195,-0.10886337406999184,1.2279422742629869,0.6503132945173774,-0.01072491014876242,0.12274131937448071,0.5827660771643716,0.15503689120731398,-1.1084696685172588,0.021931306661793392,0.8940391316858362,-0.600214229618037,-0.6720169562444949,0.40059782363884966,-0.025749049278990348,0.05093144179313365,0.07554640214571288,0.8688412174545175,0.8410608592273008
-1.4857862716451664,-0.10886332214867561,1.3724037012245736,-0.706783430343876,-0.010724905092951147,1.0682502204105575,1.2799060789487255,0.1388771852627844,-1.10846850406077,0.015822033473108052,0.7537616369958509,-0.4122465748770764,-0.5808298190767002,0.4005976045133514,-0.006571980995465,-0.06852753554791673,-0.016507338274942798,0.6944334986331766,0.669700088625154
-1.485784025295302,-0.10886327022743378,1.516864573260431,-0.7067829307789862,-0.010724900037147024,1.118726493484602,1.2360703849987464,0.13887711853999998,-1.1084673396079512,-0.01976354577683631,0.6670132033573657,-0.023332824334008243,-0.16106525315584844,0.40059738538821066,-0.06475122416870349,-0.26811269514769903,-0.22985346700539339,0.5939153288341925,0.5657416124923875
-1.4857817789556265,-0.10886321830626614,1.661324772427545,-0.7067824312151559,-0.010724894981350052,1.1268581966944835,1.207611891063995,0.12271740566397875,-1.1084661751588019,-0.0682727509791091,0.6067927820398309,0.3321338890891923,0.25906931267359956,0.4005971662634296,-0.08667568802846196,-0.40404768807875446,-0.3854760765655225,0.5322843306198262,0.5026025158212428
-1.4857795326261394,0.001899548525484611,-1.6613218277769424,-0.7067819316523847,-0.010724889925560229,1.1369591241148482,1.198059116656975,0.09039819348855714,-1.108465010713322,-0.1313320231675751,0.5633762495071916,0.7111593381161878,0.6955356078774814,0.4005969471390084,-0.1367903890053955,-0.5457646482046123,-0.5431381506869151,0.48819318212017504,0.4573217855073238
-1.4857772863068408,0.001899547630124902,-1.5168565639156992,-0.706781432090673,-0.010724884869777556,-0.9404245709543524,-0.838779069419947,0.05807898169352389,-1.1685520513815224,-0.1974759651963873,0.5281443089431594,0.8488513561484807,0.9006395220061073,0.4005967280149469,-0.16626308323327102,-0.6107563146432304,-0.6245334134017687,-1.4350055772208878,-1.4861490301879436
-1.4857750399977308,0.0018995467347664278,-1.3723918834085778,-0.44949905294733566,-0.010724879814002034,-0.9404237356560285,-0.8988498883548185,0.0257596159241602,-1.228638931285486,-0.2522979158765762,0.5013821706261977,0.7729376554121732,0.838349742819529,0.40059650889124515,-0.1932646757770243,-0.6208856959165274,-0.6382996313521931,-1.435003507976234,-1.486146782542899
-1.485772793698809,0.0018995458394091885,-1.2279276768288647,-0.7067807746174862,-0.01072487475823366,-0.9404229003599305,-0.8988491223816,0.09039815654276415,-1.1685493095585011,-0.30510595934843004,0.47103646627260004,0.5084790684756256,0.5886159354879548,0.4005962897679031,-0.23729308638002009,-0.5923391364438374,-0.6141151410085143,-1.4350014387405317,-1.486144534908052
-1.4857705474100757,0.0018995449440531837,-1.083463846120144,-0.7067802750585499,-0.010724869702472438,-0.940422065066058,-0.8988483564103397,0.15503669550417792,-1.108459836671146,-0.34655069901402286,0.4497884968005731,0.2186926505522881,0.3009378781437312,0.4005960706449209,-0.2778659527885063,-0.5410965039738654,-0.5643119246241277,-1.4349993695137806,-1.486142287283403
-1.4857683011315304,0.0018995440486984138,-0.9390003045958206,-0.1312423162292536,-0.010724864646718364,-0.9404212297744116,-0.8988475904410377,0.21967507638291567,-1.1084586722451557,-0.4083904935974453,0.4290634282404529,-0.07628915010419116,0.0033467668118103175,0.4005958515222985,-0.30912212645947146,-0.4737218298548783,-0.4972028341007213,-1.0274628833984494,-1.0728964839516464
-1.4857660548631737,0.001899543153345075,-0.7945369769387448,-0.7067799791817301,-0.010724859590971442,-0.9404203944849907,-0.8988468244736936,0.47822918130386094,-1.2286338099337446,-0.37481097204639785,0.46652519531713477,-0.4177459159425563,-0.2425999307014817,0.4005956324000358,-0.35886238914342145,-0.368013124601435,-0.41718796683245024,-1.43499629404843,-1.4861389224035242
-1.4857638086050047,0.0018995422579929713,-0.6500737992009135,-0.7067794796251433,-0.01072485453523167,-0.9404195591977955,-0.898846058508308,0.7367828131633114,-1.4088966708661625,-0.2566152529847295,0.7016068966645375,0.25524423154266523,-0.3227616055459264,0.40059541327813286,-0.4927188155756578,-0.5026368756481996,-0.35763026047998164,-1.4349942248449363,-1.4861366748054057
-1.485761562357024,0.0018995413626421021,-0.5056107188032463,-0.7067789800696159,-0.010724849479499046,-0.940418723912826,-0.8988452925448804,1.0114960962154795,-1.529070771384987,-0.08607681533353086,0.917712359290761,1.21059308930327,-0.3107400901188499,0.3169306885396482,-0.593805220274464,-0.6715298545233355,-0.29720037859293547,-1.4349921556503937,-1.4861344272174843
-1.4857593161192308,0.0018995404672924679,-0.3611476945354212,-0.7067784805151477,-0.010724844423773574,-0.9404178886300824,-0.8988445265834112,1.0761335567101655,-1.6492443101142686,0.08768972590256399,1.0918280427510987,1.7113335584400948,-0.20993971828911226,0.2964234371229032,-0.6761590471052615,-0.7301624980281274,-0.2613392558521996,-1.434990086464802,-1.4861321796397606
-1.4857570698916258,0.0018995395719440683,-0.21668469655575617,-0.7067779809617387,-0.010724839368055251,-0.9404170533495643,-0.8813878474418854,1.140770869591093,-1.7694171980631075,0.31389664775563364,1.2497205820535597,1.9936104547806919,-0.08836302301066354,-0.03495771016611852,-0.754012259729491,-0.7680248150414587,-0.26614483204893064,-1.4349880172881615,-1.4861299320722348
-1.4857548236742084,0.0018995386765969034,-0.07222170639112815,-0.706777481409389,-0.010724834312344077,-0.9404162180712716,-0.8988430242877092,1.221567688088897,-1.8895893396983778,0.6420362615445093,1.4041103065880338,1.8842728762597105,0.009902612533623975,-0.5628961592365779,-0.830671352207725,-0.7266161900058423,-0.2702667823635425,-1.4349859481204716,-1.486127684514906
-1.4857525774669786,0.00189953778125117,0.0722412830630835,-0.7067769818580986,-0.010724829256640053,-0.940415382795205,-0.8988422583320667,1.0922895066859108,-1.8895852689365353,0.8273759801580727,1.4986919528906737,1.5236176684247296,0.06931019319662396,-0.8593096211496923,-0.8920993496891081,-0.653217506786177,-0.29389645942411574,-1.4349838789617324,-1.4861254369677745
-1.4857503312699367,0.0018995368859066719,0.2167042675430422,-0.7067764823078674,-0.01072482420094318,-0.9404145475213639,-0.8988414923783821,1.0438096654975235,-1.949668817357739,0.9741613805591928,1.5894273990290577,1.1367002958887231,0.28450125754516054,-1.13241233706933,-0.9566738440016443,-0.5820665313798583,-0.3715400602749508,-1.4349818098119445,-1.4861231894308404
-1.4857480850830822,0.001899535990563408,0.36116723141649665,-0.7067759827586955,-0.010724819145253457,-0.9404137122497486,-0.8988407264266557,0.995329612261933,-2.069839424512636,1.0668413971919077,1.6949283024552746,0.9369235314988713,0.8288026001152355,-1.2914808971290803,-1.0547094759655555,-0.5839424243526946,-0.5595783089049396,-1.4349797406711071,-1.4861209419041033
-1.4857458389064153,0.001899535095221379,0.5056301476828362,-0.7067754832105828,-0.010724814089570881,-0.9404128769803589,-0.8988399604768872,0.8337324974673804,-2.00974686279338,1.004914639154904,1.714058231341574,0.7465222674814538,1.4407739942542268,-0.9527047876825921,-1.0953029571919595,-0.5763710850857713,-0.7360373685903431,-1.43497767153922,-1.486118694387563
-1.4857435927399356,0.0018995341998805846,0.6500929779731675,-0.7067749836635294,-0.010724809033895458,-0.9404120417131948,-0.898839194529077,0.769093393425275,-2.0698294096658234,0.8962063764552904,1.7106907691089401,0.4861284327481968,2.2204570766617677,-0.4608340999251621,-1.1487963569849668,-0.5763970090572919,-0.9511617317819681,-1.4349756024162836,-1.4861164468812198
-1.485741346583643,0.001899533304541025,0.7945556725504258,-0.6901617008921066,-0.010724803978227183,-0.9404112064482564,-0.898838428583225,0.6882946638083961,-2.1299114605611327,0.7588530428120548,1.709896369164007,0.2798167961659891,2.2366426363450946,0.043089497807308995,-1.1849753369824334,-0.5715744564461898,-0.9915140549369312,-1.4349735333022982,-1.4861141993850737
-1.485739100437538,0.0018995324092028973,0.9390181703095333,0.11058729725348045,-0.010724798922566057,-0.3211241183195029,-0.898837662639331,0.5105381014187512,-1.7693829615835512,0.5341006272962091,1.6035482141827262,-0.06381366609594442,1.7289022104388325,0.40060045076548,-1.166013630730696,-0.5106448452996502,-0.9124017530739768,-0.4708072080545769,-0.49379333870546516
-1.4857368543016198,0.001899531513866004,1.0834803987776136,0.6554055808938596,-0.010724793866912084,0.23901261958316344,0.31004943932901835,0.31662220288366344,-1.4689435319256121,0.29045570602387094,1.32838716466837,-0.3981538269900016,0.442077497764437,0.40060023164269165,-1.0620297660012321,-0.4370643136482719,-0.646804329459301,0.8626954033204521,0.8375317027186914
-1.4857346081758889,0.0018995306185303458,1.2279422741142778,-0.7067752491519528,-0.010724788811265255,1.1609626162703848,1.1462625447101387,0.1227060193808343,-1.108417872433895,0.20772608172648468,1.084624794568237,-0.4572417892159184,0.041072366772012786,0.40060001252026073,-0.961868680498345,-0.423743248065174,-0.5538448232940284,0.7021465435566379,0.6793487855023894
-1.4857323620603453,0.001899529723195922,1.37240370111199,-0.7067747496075295,-0.010724783755625581,1.1728037836199772,1.1613877101982821,-0.022730976904050106,-0.8680675174062866,0.09868572107449272,0.90028445443384,-0.019488782161219596,0.28644505268846066,0.40059979339818963,-0.8870250851089642,-0.5373143876979084,-0.615800667885423,0.5952760123302084,0.567903472352226
-1.4857301159549883,0.0018995288278627334,1.5168645731965278,1.3086407949346552,-0.010724778699993054,-0.027995947691383794,-0.01544622942097259,-0.16816812502814055,-0.6277174394820602,0.006041243551543913,0.7659301679014002,0.2757763609520102,0.507001525752219,0.40059957427647824,-0.8335097667134674,-0.611255367538934,-0.6699459107677938,0.723609083896359,0.6893647653314441
-1.4857278698598182,0.0018995279325307798,1.6613247724275453,1.0769872125225677,-0.010724773644367677,0.10407413483933008,0.12041226932625017,-0.3297648457782385,-0.38736749538104925,-0.0024529340881272966,0.6603939979444834,0.37466375763081283,0.5486865490324401,0.40059935515512674,-0.802122749426023,-0.6414223407562756,-0.6864077216624124,0.7194535701654181,0.689086587780751
-1.485725623774835,0.11266349487175926,-1.6613218278435617,1.0025884302423913,-0.01072476858874945,0.1461044529012094,0.1670272683669071,-0.47520177444468853,-0.1470175941787924,0.09396861112664133,0.5655541534532743,0.37865300577739697,0.5217210330757165,0.4005991360341349,-0.7744575050863738,-0.6501416446049301,-0.6880405452151476,0.7102041606854101,0.6798886892967454
-1.4857233777000383,0.11266344109472752,-1.5168565640330012,-0.7067771517176213,-0.010724763533138372,0.7828610379730502,0.800460397822604,-0.6206387796399757,0.15341975836511376,0.1264697780972745,0.497896229004697,0.3927474290614229,0.5166544254458546,0.4005989169135029,-0.7604990490324939,-0.6613667993705616,-0.6948510842655761,0.40592375078713633,0.3979316128677843
-1.485721131635428,0.11266338731777283,-1.3723918835633642,-0.706776652173312,-0.010724758477534443,-0.2710638879447446,-0.24168174251701083,-0.7660755050916608,0.45385706521327795,0.07668426277156558,0.43110317280384675,0.44437566563719233,0.5560075437228695,0.40059869779323065,-0.7414394695086802,-0.6777736726917903,-0.7082924180469674,-0.7517902498222895,-0.8130765622825404
-1.4857188855810044,0.11266333354089518,-1.227927677010413,-0.7067761526300618,-0.010724753421937665,-0.07037951428617162,-0.8988420537257221,-0.7822346822560227,0.453856807227155,-0.024746712491448417,0.37597934506772257,0.36863209165138827,0.47404960977117816,0.4005984786733182,-0.724338901267102,-0.6637824949844375,-0.6931251864944041,-0.9906083060397083,-1.0466030044715657
-1.4857166395367674,0.11266327976409442,-1.08346384631995,-0.7067756530878709,-0.010724748366348036,-0.9404159527396081,0.461208423182686,-0.7983936863776151,0.3937690349072978,-0.14620647469951698,0.3251160965901999,0.27093679970321327,0.18893166375283574,0.40059825955376555,-0.7138167677093781,-0.6494025505141608,-0.6360338598703156,-0.7065019151149695,-0.7556855101320197
-1.4857143935027166,0.11266322598737073,-0.9390003048073424,-0.7067751535467391,-0.010724743310765558,-0.19862106161559157,-0.45269521386164224,-0.8145528248942396,0.39376882053041,-0.2698325789374367,0.2769485845529886,-0.041917946234241395,0.07954455679194698,0.40059804043457264,-0.7048223422249589,-0.5853276729507418,-0.6198517441596638,-0.7894099738448394,-0.8455253725404963
-1.4857121474788522,0.11266317221072411,-0.7945369771571433,-0.7067746540066667,-0.010724738255190228,-0.9404153560107021,2.415089389882423,-0.4267192601791142,-0.14701956090456303,-0.3266103808481805,0.2858705696083741,-0.12173989056547933,0.12579873780443257,0.4005978213157396,-0.7177295495721131,-0.5665983126563008,-0.631026542977471,0.5286392618316907,0.4963263424556081
-1.4857099014651742,0.11266311843415437,-0.650073799422797,-0.7067741544676536,-0.010724733199622047,2.8097612264036504,-0.8988421954361744,-0.03888591945721239,-0.6878077849601018,-0.26815998915282,0.4587628308837484,0.6058624049229844,0.48361884894796536,0.400597602197264,-0.8058891842520576,-0.7212692904154121,-0.6993692770559108,0.5398910079972863,0.5062337671742363
-1.485707655461682,0.11266306465766171,-0.5056107190264127,-0.7067736549296996,-0.010724728144061016,-0.9404141133120447,1.196574656417706,0.3489474009338311,-1.1084201597005665,-0.12468866676991716,0.7235290754900903,1.4594737455084765,0.9989571839421184,0.40059738307914816,-0.9252415778503313,-0.8773779770451458,-0.7868398408628389,-0.35982538264730485,-0.4138087514366745
-1.4857054094683761,0.11266301088124611,-0.3611476947586009,-0.7067731553928046,-0.010724723088507132,-0.9216969571732547,-0.8988423745469074,0.6721417135669515,-1.468943825106228,0.1267031676720635,0.9631103154385761,2.8282540063007198,1.2248566575681112,0.27304729100757025,-1.0247757039120315,-1.1060368003267673,-0.8041790902763749,-1.4349785679624896,-1.4861186520423884
-1.4857031634852562,0.11266295710490738,-0.21668469677835422,-0.7067726558569689,-0.010724718032960401,-0.9404124758940507,-0.8988416086081983,0.9953356357315559,-1.7693784260532424,0.3645554419542573,1.2055531524457967,3.1327373849147695,1.3615030972963669,0.08508652564947973,-1.1253249523504247,-1.1422463859188032,-0.8137683157662862,-1.43497649887163,-1.4861164045743334
-1.4857009175123221,0.11266290332864573,-0.0722217066129679,-0.7067721563221925,-0.010724712977420819,-0.9404116406425376,-0.8988408426714471,1.3185287913126318,-2.0698110150924953,0.6281448265387413,1.388304416526255,2.984994632745742,1.347391526204082,0.17381060897375014,-1.1884867709538218,-1.0919080220510065,-0.7802360525767017,-1.4349744297897207,-1.4861141571164749
-1.4856986715495737,0.11266284955246116,0.07224128284201829,-0.7067716567884751,-0.010724707921888385,-0.9404108053932501,-0.8988400767366541,1.253888383755116,-2.009718786076445,0.8643777994786204,1.50109194076956,2.5312301367386163,1.252976060441152,0.2369238692075463,-1.219427639194268,-0.9841063750612199,-0.7289159897303016,-1.434972360716761,-1.486111909668813
-1.4856964255970115,0.11266279577635342,0.21670426732286396,-0.7067711572558171,-0.0107247028663631,-0.940409970146188,-0.8988393108038191,1.334685298478609,-2.4303224629135416,1.0318291846171805,1.6133921034592291,2.0755632649132774,1.3613056010196298,0.3531494795145989,-1.2727255231167527,-0.9054785487047329,-0.7621123552343179,-1.4349702916527518,-1.4861096622313477
-1.4856941796546348,0.11266274200032281,0.3611672311976716,-0.7067706577242181,-0.010724697810844966,-0.9404091349013514,-0.898838544872942,1.41548192927608,-2.3702278386617355,1.160249037099553,1.7304429215992188,1.8351900771815879,1.8805136633993251,0.4005969950519941,-1.3228519309075606,-0.8570451839337542,-0.8696453205784915,-1.4349682225976925,-1.4861074148040785
-1.4856919337224437,0.11266268822436923,0.5056301474664415,-0.7067701581936784,-0.010724692755333982,-0.9404082996587405,-0.8988377789440232,1.253883216135538,-2.550480116683227,1.1661002863629113,1.812772347321623,1.5801905400487979,2.5478408190882877,0.40059677593574866,-1.3698130410625826,-0.8272702838689202,-1.0200564595917003,-1.4349661535515834,-1.4861051673870058
-1.485689687800438,0.11266263444849255,0.6500929777611484,-0.6906429438038372,-0.010724687699830147,-0.9404074644183549,-0.8988370130170621,1.25388169595601,-2.790816332310304,1.1060883865115145,1.8667725494661107,1.3508092884302856,3.1364149109754393,0.4005965568198631,-1.404418225727512,-0.8011264944106323,-1.1433498614461979,-1.4349640845144238,-1.486102919980129
-1.4856874418886177,0.11266258067269296,0.7945556723458529,-0.7067691818451466,-0.01072468264433346,-0.940406629180195,-0.8988362470920591,1.253880175782011,-2.971062826030269,1.0342641746322017,1.935124940713187,1.0748920531923032,3.3318197124879947,0.4005963377043373,-1.4437076922842091,-0.7614392895246141,-1.1917436877864847,-1.4349620154862146,-1.4861006725834482
-1.4856851959869828,0.11266252689697041,0.9390181701168591,-0.7067686823177576,-0.010724677588843923,-0.9404057939442605,-0.8988354811690142,1.0114836179699733,-2.61053402934212,0.8308706972703188,1.865598220518423,0.6824333841210793,2.8094124042854833,0.4005961185891713,-1.4281810220198046,-0.6931959633275601,-1.1183141418885094,-1.4349599464669547,-1.4860984251969638
-1.4856829500955337,0.11266247312132475,1.0834803986029307,-0.7067681827914278,-0.010724672533361537,-0.9404049587105512,-0.8988347152479272,0.7852471966620815,-2.1899234887079757,0.5260994963242259,1.6302288950883514,0.1689531512394121,1.873697687354794,0.4005958994743651,-1.3412646827472325,-0.5822099024360496,-0.9535940234939118,-1.4349578774566445,-1.4860961778206754
-1.4856807042142695,0.11266241934575619,1.2279422739655756,0.7629360598788452,-0.0107246674778863,0.3190822865503455,0.17248124505632415,0.5428512309306751,-1.7092302657065177,0.3299158406844932,1.4123796205729333,-0.17607166101297816,0.8309717795730814,0.40059568035991877,-1.253650152121947,-0.4977441956522107,-0.7386066617400895,0.8897089919809807,0.8676997793143565
-1.4856784583431903,0.11266236557026468,1.3724037009994114,0.8271300519364057,-0.010724662422418211,0.2771964928367667,0.1935795058658487,0.36509411656554314,-1.528969249673177,0.2615233260019938,1.2050785090029374,-0.27678615172413645,0.3878274380656955,0.4005954612458299,-1.1683386509045912,-0.47658150536534494,-0.642625992963701,0.8280935881506121,0.8008517216142734
-1.4856762124822962,0.11266231179485003,1.5168645731326271,-0.7067694266076179,-0.010724657366957269,1.2073371212021988,1.1261566377148995,0.18733703320676837,-1.2886229710506243,0.2371075370217784,1.029145731129548,-0.06013419987353981,0.4048518911216972,0.40059524213210085,-1.0967602700745687,-0.5358179441919878,-0.651802980302744,0.6513807284839479,0.6270953221901366
-1.4856739666315872,0.11266225801951249,1.6613247724275455,1.1524909745430028,-0.010724652311503479,0.06312352978289701,0.04547473340985214,0.009580109997933383,-1.0482773461639108,0.16041901563809097,0.8876563272268954,0.22158989682433064,0.5539701195371172,0.4005950230187315,-1.0435882458509786,-0.6134933924088348,-0.6955997859488013,0.7346862167896342,0.7017575328818749
-1.4856717207910632,0.22342740524597468,-1.6613218279101798,-0.706769904150489,-0.010724647256056838,1.0063885562934527,0.9836242601885173,0.041899531198731146,-0.8079321401357744,0.15782230810721487,0.781481920791973,0.3534877474581563,0.6176440133584633,0.400594803905722,-0.9975122714331316,-0.6390068144905243,-0.704635026985562,0.5437329592603838,0.5156240751250037
-1.4856694749607238,0.22342729468076195,-1.5168565641502987,-0.7067694046255456,-0.010724642200617345,-0.9404078721144911,2.3315943263011047,0.0580593088922226,-0.5075010693403181,0.12018609772908967,0.7059808649512557,0.45608490264918566,0.8740170924905912,0.40059458479307236,-0.9488733378055444,-0.6319085110012163,-0.7309675510586185,0.15588298399886513,0.16258121321531557
-1.4856672291405693,0.22342718411571333,-1.372391883718144,-0.7067689051016612,-0.010724637145185002,2.632252645256812,-0.8988377862531444,0.09037873731828086,-0.26715623433985497,0.05230715480868925,0.647426947042398,0.5025242829518843,1.1133086150090932,0.40059436568078244,-0.8884874906776562,-0.5832139506692258,-0.7258353024846071,0.38975957509564374,0.3379029864653535
-1.4856649833305993,0.2234270735508288,-1.2279276771919534,1.922428049221228,-0.010724632089759809,-0.9404068903208104,0.08020344177111548,-0.006579873134819997,-0.14698376091976018,-0.03808921256681418,0.5931343763097938,0.7158214356688466,1.1106306139815882,0.40059414656885245,-0.8261108592881193,-0.5797622591448179,-0.672973512117073,0.7334558799979473,0.694350939811596
-1.4856627375308142,0.22342696298610848,-1.0834638465197477,-0.7067693197680864,-0.010724627034341763,-0.7283239807445363,-0.898837516862968,-0.10353832895150353,0.03327491047348197,-0.024198924925477438,0.5492857946570989,0.7077008457219475,1.0073223555298512,0.4005939274572822,-0.7762161083885692,-0.5424279811297068,-0.6144971759075281,-1.4349635292183935,-1.4861017525246265
-1.4856604917412137,0.22342685242155222,-0.9390003050188549,-0.7067688202457146,-0.010724621978930867,-0.9097457738623799,-0.8988367509458162,-0.20049693511427283,0.1534473510871423,-0.025424393607188667,0.48841730845320785,0.43730217626214296,0.7291999733715009,0.4005937083460717,-0.720690126594718,-0.4464650631665163,-0.5194155959337092,-1.434961460215467,-1.486099505157564
-1.4856582459617975,0.2234267418571601,-0.7945369773755324,-0.7067683207244022,-0.01072461692352712,-0.9404047954735101,-0.8988359850306222,-0.03889910561989116,-0.5075014828189632,-0.05663208787581859,0.4934273963491017,0.24374242825664627,0.4296129884086596,0.40059348923521876,-0.7184340312164994,-0.4012236125414301,-0.4493666434900088,-1.43495939122149,-1.4860972578006975
-1.4856560001925656,0.2234266312929321,-0.6500737996446712,-0.7067678212041487,-0.010724611868130523,-0.9404039602509683,-0.8988352191173863,0.3489355774865302,-0.6877599233262428,0.021239312507896915,0.7093286046021905,0.6129689850599532,0.280730333189963,0.4005932701247257,-0.8073843225972351,-0.4741746593183855,-0.39026202452144315,-1.4349573222364629,-1.486095010454027
-1.485653754433518,0.2234265207288682,-0.50561071924957,-0.7067673216849544,-0.010724606812741075,-0.940403125030652,-0.8988344532061082,0.7206105407786432,-1.1684491881124914,0.15045854994197957,0.9228581595478742,1.1346749938605907,0.22083017678686878,0.40059305101459236,-0.884209335521939,-0.5695441557402868,-0.3408521918481708,-1.4349552532603849,-1.4860927631175513
-1.4856515086846547,0.2234264101649685,-0.3611476949817712,-0.7067668221668192,-0.010724601757358775,-0.940402289812561,-0.8988336872967879,1.108444492450491,-1.6491367815219633,0.3086560769979156,1.1192270811616234,1.7371744671225644,0.2068292115083123,0.40059283190481887,-0.9428927078651815,-0.6720585448329607,-0.295650537158425,-1.434953184293256,-1.4860905157912716
-1.4856492629459752,0.22342629960123286,-0.21668469700094287,-0.7067663226497432,-0.010724596701983625,-0.9404014545966952,-0.8726742674476599,1.4801174817595522,-2.0096495801201137,0.5432104319805309,1.3366911427293335,2.126680466064416,0.4032979356455457,0.13667227478316124,-1.0187686490634003,-0.7326324229183574,-0.318327544268194,-1.4349511153350767,-1.486088268475187
-1.4856470172174803,0.22342618903766157,-0.07222170683479812,-0.7067658231337263,-0.010724591646615624,-0.9404006193830551,-0.8988321997743454,1.8679483859147705,-2.3701592423120315,0.9058920645763227,1.5439166853914492,2.2183527404224854,0.522807297063943,-0.23712751754049444,-1.0770061368264758,-0.7200832160970686,-0.3106531000095705,-1.4349490463858465,-1.486086021169298
-1.4856447714991692,0.22342607847425444,0.07224128262096259,-0.7067653236187684,-0.010724586591254772,-0.9403997841716403,-0.8988314338708275,2.0618606375407804,-2.4302373768938432,1.0976558918428716,1.6862657737688618,1.9108671939704074,0.6303842315076587,-0.38020422652979363,-1.104848306339515,-0.612783172797761,-0.29299556188988196,-1.4349469774455659,-1.4860837738736046
-1.485642525791042,0.2234259679110114,0.21670426710269514,-0.7067648241048697,-0.010724581535901069,-0.9403989489624507,-0.8988306679692675,2.0618555343320657,-2.6104854801299644,1.2546634847695262,1.8082774940900674,1.6053377732764693,0.8596572827350704,-0.5107099844808775,-1.1525392952203715,-0.5476104166729592,-0.36019479907570573,-1.434944908514234,-1.486081526588106
-1.4856402800930986,0.22342585734793252,0.3611672309788561,-0.7067643245920301,-0.010724576480554514,-0.9403981137554865,-0.8988299020696654,2.0618504311612433,-2.370135121865688,1.3501698089388128,1.915898369181906,1.429510911484764,1.44250282035684,-0.44247968643138313,-1.1578784045624255,-0.45304993549971273,-0.45296755647954856,-1.434942839591851,-1.4860792793128026
-1.4856380344053388,0.2234257467850177,0.5056301472500564,-0.7067638250802497,-0.010724571425215108,-0.9403972785507478,-0.8988291361720213,2.0618453280283124,-2.6104679496457304,1.3439362397319075,1.9981961872881735,1.3056796174818093,2.167663083757378,-0.2681551865954681,-1.192865751857183,-0.44111340706256114,-0.6426997908913341,-1.4349407706784174,-1.4860770320476944
-1.485635788727763,0.22342563622226705,0.6500929775491384,-0.6910999271470928,-0.010724566369882851,-0.9403964433482342,-0.8988283702763349,1.9972020125511127,-2.1898638458684703,1.272094506456446,2.0510908059259463,1.1720354671897288,2.7632520512293377,0.25525127323277896,-1.1662500250514483,-0.3363805847114385,-0.710476473300748,-1.4349387017739323,-1.4860747847927809
-1.4856335430603709,0.22342552565968055,0.7945556721412885,-0.7067628481185887,-0.010724561314557743,-0.940395608147946,-0.8988276043826064,1.9325591715218566,-2.069688014699919,1.1795707686638512,2.1018382686323585,1.0007111246493814,2.9586195274937936,0.4005951447229395,-1.1619269000721912,-0.25670259061087,-0.7234876971976051,-1.4349366328783961,-1.4860725375480628
-1.4856312974031622,0.22342541509725822,0.9390181699241932,-0.6911097272974144,-0.010724556259239784,-0.9403947729498833,-0.8988268384908358,1.5447254199183722,-1.4087483322694512,0.9397396477696112,2.000482161595796,0.6049939778283896,2.4855464128162206,0.40059492561356214,-1.0626998015235085,-0.06807276534911776,-0.5531349765271847,-1.434934563991809,-1.4860702903135392
-1.4856290517561368,0.22342530453499995,1.0834803984282553,-0.6911592915674335,-0.010724551203928975,-0.9403939377540453,-0.898826072601023,1.1407337802535613,-0.6877252431491576,0.6072386307825516,1.7394464781578378,0.2598654829071742,1.54064499451634,0.4005947065045446,-0.8905660598723357,0.11175285678983019,-0.25128265670494565,-1.4349324951141704,-1.4860680430892101
-1.4856268061192948,0.22342519397290583,1.2279422738168797,1.0067577417740954,-0.010724546148625313,0.5196740867519595,-0.8988253067131681,0.7529025546724532,0.21355314007811702,0.3958434417201119,1.4764317693628535,-0.23224882997608007,0.9273971320829586,0.4005944873958869,-0.7164653976804398,0.3431883792761935,-0.015585830893890148,0.7228394245736645,0.7197500236322373
-1.4856245604926361,0.22342508341097592,1.372403700886838,0.6847979964278456,-0.0107245410933288,0.19018631351550813,0.47480995916588836,0.6882636698575529,0.2736382610418516,0.35628763657754703,1.2644840465813127,-0.2642201073515306,0.18398143353783603,0.400594268287589,-0.5731753093351322,0.3988850102646744,0.2589758819219406,0.8581049210320886,0.8310634265238315
-1.485622314876161,0.22342497284921006,1.5168645730687293,0.775527112845161,-0.010724536038039438,0.23460818850252416,0.3228344746345018,0.6074651723542389,0.27363812241310875,0.34829327553744815,1.1067969643018396,-0.0959275846887335,-0.07089650484569097,0.4005940491796509,-0.43258625699465025,0.4047222565263744,0.4094286137320864,0.8024485939007503,0.7743978735725646
-1.4856200692698684,0.22342486228760836,1.661324772427545,0.6910233215843739,-0.010724530982757226,0.11874553755826765,0.1769519929316174,0.5428263991107085,0.2736379837845761,0.3749511045992228,0.9869232934122821,0.06030258538626454,0.11371030538437688,0.40059383007207267,-0.32545182510791326,0.38813665103893374,0.383705796579155,0.7034167842700444,0.6733837925961084
-1.4856178236737596,0.33419113539449063,-1.6613218279767936,0.8059468755642871,-0.01072452592748216,0.21905820611752308,0.2652144770379093,0.46202797843283333,0.4538937403503196,0.39513684093884155,0.8923528551149095,0.1825067300208345,0.2340485845318247,0.40059361096485424,-0.2533879400190881,0.3628437094224511,0.3595165651734166,0.7232294072438141,0.6935438488042611
-1.4856155780878335,0.33419096029202505,-1.5168565642675906,-0.7067657262341168,-0.010724520872214241,-0.9403963397842576,-0.8552543660131264,0.36506989813447516,0.5740641019660315,0.41055204396840783,0.8141114912077173,0.21853402798417282,0.2900315485277892,0.4005933918579957,-0.19651922266957067,0.35920307221944014,0.34923165183193927,-1.4349354240643306,-1.4860708571868975
-1.4856133325120902,0.3341907851898347,-1.3723918838729163,-0.6122880217428711,-0.010724515816953474,-0.9403955045912336,-0.898826528915914,0.2842715339369884,0.694234376381531,0.36371232525783387,0.7578542662961214,0.1387009695301748,0.21880792189830892,0.4005931727514946,-0.15908052104304818,0.39018620004179644,0.37700842542472246,-1.434933355197434,-1.48606860997536
-1.4856110869465298,0.3341906100879197,-1.227927677373485,-0.7067648577892603,-0.010724510761699856,-0.9403946694004347,-0.8988257630323765,0.10651526185849756,0.8744898320180198,0.26998053747247264,0.6819951483661798,-0.0690262092239529,0.015979355618693264,0.40059295364535336,-0.11197982604138783,0.46488647179439846,0.44916999247417994,-1.4349312863394859,-1.4860663627740167
-1.4856088413911521,0.3341904349862798,-1.0834638467195357,-0.6881385639870211,-0.010724505706453384,-0.9403938342118608,-0.8988249971507967,-0.08740056671092405,1.054744984838744,0.09154305758224357,0.6172561606678441,-0.3268967519511507,-0.24360060382235196,0.40059273453957195,-0.073375769435084,0.5581677648577644,0.5419093400528907,-1.4349292174904862,-1.4860641155828678
-1.4856065958459572,0.33419025988491535,-0.9390003052303569,-0.7067638849897507,-0.010724500651214063,-0.9403929990255125,-0.8988242312711747,-0.2651566661160216,1.1749144622741572,-0.003200905195876082,0.5358670065670219,-0.5645929448159241,-0.4862698465544397,0.40059251543415036,-0.020140297020440113,0.6502849768999067,0.6347729853239642,-1.4349271486504356,-1.4860618684019133
-1.485604350310945,0.334190084783826,-0.7945369775939108,0.6229273781675753,-0.01072449559598189,0.2491910874186716,0.27733887198357715,0.009557740361672711,1.1749131440956566,-0.04376287237975022,0.5316851520830611,-0.6794007090222905,-0.613688502935778,0.4005922963290886,-0.01767560037416408,0.694140783907494,0.6828713810717156,0.9069677735594124,0.8782825565149065
-1.485602104786115,0.3341899096830118,-0.6500737998665345,0.7566872041067639,-0.010724490540756866,0.25082524726133637,0.2874521186743644,0.28427213600086093,1.174911825921593,0.11693071188953609,0.7329824941037525,0.21704830377824666,-0.3800075406864344,0.4005920772243868,-0.13873424916694635,0.3675512357590732,0.5950988556972304,0.8403392837853957,0.8135961933034207
-1.4855998592714676,0.33418973458247303,-0.5056107194727161,-0.41348222940942575,-0.01072448548553899,-0.9403934662157004,-0.8704612700612278,0.7044235801524049,0.6341431174436454,0.4547463406214079,0.9829506092555048,1.7256428230129734,0.04706700524964062,0.4005918581200447,-0.27964362320431374,-0.1028547172247699,0.4443148497465343,-1.123947930550077,-1.2074089053174457
-1.485597613767003,0.3341895594822094,-0.3611476952049304,-0.7067649185871868,-0.010724480430328262,-0.9403926310331346,-0.898824059580333,0.9144986548917251,-0.20705213466935307,0.5935408757614913,1.187326980705699,2.3771017393185465,0.1734879344095231,0.4005916390160602,-0.3836416894074654,-0.2736431454297384,0.4102514902339124,-1.4349258080821534,-1.486060154149993
-1.48559536827272,0.3341893843822209,-0.21668469722352066,-0.7067644190836531,-0.010724475375124682,-0.9403917958527942,-0.8988232937058335,1.108413926909085,-0.9280762347978386,0.8158584639542769,1.3876952519630539,2.6848469779778297,0.3548625939146229,0.40059141991243546,-0.48872945373244525,-0.35547154471778525,0.3453064814722848,-1.4349237392633858,-1.4860579069938666
-1.4855931227886197,0.3341892092825079,-0.07222170705661755,-0.7067639195811785,-0.010724470319928252,-0.9403909606746791,-0.898822527833292,1.318488084988921,-1.5890131428305032,1.0671931773084622,1.5445999373836918,2.620936496976698,0.4826735871905994,0.4005912008091706,-0.5659833541295717,-0.35031730960178925,0.2880623729711561,-1.4349216704535666,-1.4860556598479342
-1.4855908773147015,0.3341890341830699,0.07224128239991745,-0.706763420079763,-0.010724465264738971,-0.9403901254987889,-0.8988217619627081,1.415444255240216,-2.189860863861381,1.2537319151691864,1.657982101744884,2.2496584783872553,0.5485141474088677,0.40059098170626556,-0.6376708848810967,-0.28616338921391615,0.22644996041071624,-1.4349196016526953,-1.486053412712196
-1.4855886318509652,0.33418885908390716,0.21670426688253705,-0.7067629205794064,-0.01072446020955684,-0.9403892903251241,-0.8988209960940822,1.5285597189812108,-1.9495154017497,1.4251452048646793,1.7733516647963723,1.8841787294076537,0.7973057006490929,0.40059076260372034,-0.6915451961113915,-0.19181610181057024,0.14199428253333515,-1.4349175328607724,-1.486051165586652
-1.485586386397411,0.3341886839850198,0.3611672307600509,-0.7067624210801089,-0.010724455154381855,-0.9403884551536845,-0.8988202302274138,1.6416743479054046,-2.189850154083693,1.5156668217187528,1.893684027615254,1.65774050380036,1.4434722464049534,0.40059054350153506,-0.7587940954333506,-0.14874288958232437,-0.0746600486952999,-1.4349154640777977,-1.4860489184713015
-1.4855841409540385,0.33418850888640755,0.5056301470336814,-0.7067619215818705,-0.010724450099214019,-0.94038761998447,-0.8988194643627031,1.5770331991075406,-2.1297595212441194,1.508708045357874,1.9832868632905034,1.4743855711252642,2.24062236926329,0.40059032439970954,-0.805379489152562,-0.11225804370057588,-0.3088323722170203,-1.4349133953037705,-1.4860466713661449
-1.4855818955208482,0.33418833378807045,0.6500929773371386,-0.6911394014769765,-0.010724445044053331,-0.9403867848174805,-0.8988186984999502,1.4800730518057765,-2.009584797396391,1.4140521714970038,2.044689675157367,1.2622030237830777,2.921738034722521,0.40059010529824157,-0.8394999826465752,-0.07541833096373654,-0.5004855978848677,-1.434911326538691,-1.4860444242711826
-1.4855796500978395,0.33418815869000856,0.7945556719367339,-0.6912454322170216,-0.010724439988899794,-0.9403859496527163,-0.898817932639155,1.366953948828889,-1.8894109482737607,1.2988705448636049,2.1040595212454436,1.0656825676708843,3.1688273768172595,0.4005898861971335,-0.8703655614638038,-0.03217573673620033,-0.57040431748471,-1.4349092577825595,-1.4860421771864134
-1.4855774046850123,0.33418798359222207,0.9390181697315366,0.8971167366322262,-0.010724434933753404,0.3939029596242666,-0.8988171667803174,1.1407176780474813,-1.4688150432471596,1.0775182346669807,2.0308960259808804,0.7431382212572761,2.7395126694083456,0.4005896670963851,-0.8399424855222591,0.04688667749451566,-0.48442301173941804,0.5363513223948257,0.5417566896238871
-1.485575159282367,0.3341878084947107,1.0834803982535886,1.3012553970246432,-0.010724429878614161,0.600463170778924,-0.8988164009234377,0.9144821933845554,-0.9881358487376098,0.8727494254419983,1.7812810432766122,0.510633453771381,1.7920549196246185,0.4005894479959967,-0.7139638530424107,0.11933124718179908,-0.24309922947738322,0.7368944612205173,0.7103134606685102
-1.485572913889903,0.33418763339747454,1.227942273668191,-0.706762373269273,-0.010724424823482069,-0.94038670966246,-0.8785667168822996,0.6720873346299788,-0.4473725313644929,0.7710943019430628,1.5328135905863056,0.4133398570529068,0.7078185169278217,0.40058922889596815,-0.5809508595266524,0.1570805590390097,0.07582103324009305,-1.4349091800228544,-1.4860419521796602
-1.4855706685076204,0.33418745830051355,1.3724037007742698,-0.706761873773916,-0.010724419768357123,-0.9403858745009741,-0.8988149035488572,0.6559272000625432,-0.4473722783124244,0.6865615328191548,1.3478634903466364,0.3271268011222878,0.3315033084275764,0.4005890097962994,-0.47455651595698345,0.18914540362340207,0.19887647914245027,-1.4349071112817842,-1.4860397051122478
-1.4855684231355193,0.33418728320382796,1.516864573004835,-0.7067613742796177,-0.010724414713239327,-0.9403850393417132,-0.8796284237642517,0.6236077065639092,-0.3872872381749091,0.5021487365692735,1.2099114541466798,0.11469369349211364,-0.1367832072823691,0.40058879069699055,-0.38474603003526964,0.267455080071687,0.36366145641393016,-1.434905042549661,-1.4860374580550288
-1.4855661777735996,0.3341871081074176,1.661324772427545,-0.7067608747863788,-0.010724409658128679,-0.9403842041846776,-0.8544414539711037,0.6074476132180766,-0.3872870282640747,0.38134641751440346,1.0688370786473325,-0.26196950552487447,-0.4889747717786612,0.4005885715980392,-0.2853488933312613,0.4035877640768214,0.4950782724070835,-1.4188029055924587,-1.4724981295240802
-1.4855639324218608,0.44495441810288167,-1.661321828043405,-0.7067603752941989,-0.01072440460302518,-0.9403833690298672,-0.8988127133221964,0.5266490733102049,-0.14694744403663146,0.26813808979485704,0.9508714949981901,-0.5271742025635422,-0.6454783261475074,0.4005883524994477,-0.1966855242895896,0.5109054390543024,0.5650284431319369,-1.4349009513602982,-1.486033004781789
-1.4855616870803035,0.44495416687204853,-1.5168565643848773,-0.7067598758030778,-0.010724399547928828,-0.35375072959126647,-0.2039233808365954,0.462010270431398,0.15347701230247332,0.13995133939975835,0.8626870398304575,-0.6882653644595434,-0.8243315065746091,0.40058813340121613,-0.12203996549731332,0.5935488620417134,0.655732053808538,-0.6570370669188847,-0.6860291581689949
-1.485559441748927,0.44495391564164083,-1.372391884027682,-0.7067593763130159,-0.010724394492839625,-0.9134333042899002,-0.8988121612581366,0.38121178433348707,0.4539014229355778,0.028776502332833395,0.7732277088443477,-0.8004173623192529,-0.8714061710155963,0.4005879143033443,-0.030162990848065778,0.6778785930124641,0.7166661070577636,-1.4348986476542993,-1.486030481850108
-1.4855571964277317,0.4449536644116588,-1.227927677555009,-0.706758876824013,-0.010724389437757572,-0.9403818005696303,-0.8739499976688545,0.31657303152801053,0.5740709756268654,-0.07909131653737919,0.6899778214114203,-0.9380132665046449,-1.0069966436284776,0.4005876952058324,0.05667631836976683,0.7683961899009628,0.8074999263656019,-1.4348965789605548,-1.4860282348366247
-1.4855549511167172,0.4449534131821022,-1.083463846919315,-0.706758377336069,-0.010724384382682665,0.5618773467617062,0.6334437150171187,0.2519339809713098,0.6341555317445023,-0.17868557668793766,0.6151338982551364,-1.012906301461113,-1.0559471421437887,0.4005874761086803,0.13616377547659597,0.8255390452233242,0.8549343214600118,0.4334072851096109,0.4469284137920833
-1.4855527058158835,0.4449531619529712,-0.9390003054418502,-0.7067578778491841,-0.010724379327614908,1.1486673822065134,1.1980324844865473,0.1872952450094336,0.6942400389701577,-0.2664018868721239,0.550933100757328,-0.7824674297180703,-0.792401071765649,0.4005872570118881,0.19842547273392977,0.7460087390854313,0.7625573350355795,0.7206840335032765,0.6967581666400067
-1.4855504605252308,0.44495291072426585,-0.7945369778122802,1.1645724301466094,-0.010724374272554297,-0.0076867207845788,0.038508550238447285,0.6074466963262163,0.21355987934809098,-0.26098391308170177,0.5831403080936284,-0.32972904721084867,-0.3221695338061051,0.4005870379154534,0.21194468578039077,0.6066184039660077,0.617584885328178,0.7651231107502827,0.7324977892156737
-1.4855482152447586,0.444952659495986,-0.6500738000883884,-0.706758357446191,-0.010724369217500836,1.1011937368240174,1.1471024229312374,1.0275976688004296,-0.26712025636806896,-0.08884658942156047,0.8188440812007342,0.8415472341143976,0.2337977319550002,0.40058681881937863,0.11226798327013575,0.25426327760761563,0.47675269583530144,0.6178567360228899,0.5937689136732162
-1.4855459699744669,0.4449524082681317,-0.505610719695853,-0.6912129426917898,-0.010724364162454524,-0.9403841192155549,-0.8988138740695405,1.4477475134355797,-0.6877151998033534,0.3616222547319676,1.0793151321140781,1.7903866854819839,0.5977224003819169,0.07284493017058609,0.0036496650726520127,0.018939034225683108,0.41841412236193887,-1.434898474514715,-1.4860300149270784
-1.485543724714356,0.44495215704070284,-0.36114769542808056,-0.7067573803678906,-0.010724359107415359,-0.9403832840679756,-0.8988131082280804,1.91637394986734,-1.1083095611485119,0.498160781090008,1.3188420805189949,2.604152013842166,0.8957658335500542,0.3604847655007217,-0.09305662488611117,-0.15988565780443326,0.3807163035797005,-1.434896405833256,-1.4860277679279816
-1.4855414794644255,0.44495190581369964,-0.21668469744608934,-0.7067568808845339,-0.010724354052383343,-0.9403824489226216,-0.8988123423885779,2.3849964982315903,-2.0696655046461245,0.7664501094299296,1.5657918902940726,3.184327622307343,1.00371473235984,0.20606677425739833,-0.23358594387227927,-0.3207022749391987,0.33604720718367775,-1.4348943371607443,-1.4860255209390778
-1.4855392342246752,0.44495165458712194,-0.07222170727842803,-0.706756381402236,-0.010724348997358475,-0.9403816137794926,-0.898811576551033,1.9163632472190022,-0.6877105885097164,0.9982213714254458,1.7123952310338222,3.0674128628052832,1.1248853544078634,0.40058652986520477,-0.2335608642765472,-0.19760290368382905,0.41164646338529187,-1.4348922684971792,-1.4860232739603667
-1.4855369889951056,0.44495140336096983,0.07224128217888133,-0.7067558819209971,-0.010724343942340753,-0.9403807786385886,-0.8988108107154458,2.0617945147263783,-1.3486436925308456,1.2122292652296267,1.826230677477378,2.6760305540032863,1.1472161718798408,0.400586310770517,-0.2434084820351013,-0.03475722318079483,0.4695321469745319,-1.4348901998425616,-1.4860210269918483
-1.4855347437757158,0.4449511521352432,0.21670426666238787,-0.6912883036555226,-0.010724338887330181,-0.9403799434999096,-0.8988100448818162,2.061789412177167,-1.528896189589661,1.5566609259871897,1.9322797763200754,2.26673654813151,1.3443754132537353,0.3167209504321135,-0.2600315935793039,0.11904837651642036,0.43844936408075835,-1.4348881311968906,-1.486018780033523
-1.4855324985665062,0.44495090090994216,0.361167230541255,-0.7067549047438673,-0.010724333832326757,-0.9403791083634556,-0.8988092790501441,2.2233787241953897,-1.9494862850777919,1.5916869321210856,2.0710873444370894,2.010186084240435,1.94466084535725,0.4005859629917642,-0.3140962914786187,0.20094731504030897,0.24119991159233095,-1.4348860625601665,-1.4860165330853898
-1.4855302533674768,0.44495064968506665,0.5056301468173153,-0.7067544052657798,-0.010724328777330481,-0.9403782732292265,-0.8988085132204294,2.029459417214097,-1.1082972189997011,1.6231376821486987,2.177741768531342,1.85758987874528,2.6897150724606655,0.4005857438980934,-0.32205603806359845,0.3142270744855255,0.0733782705863048,-1.4348839939323896,-1.4860142861474492
-1.4855280081786273,0.44495039846061646,0.6500929771251477,-0.7067539057887512,-0.010724323722341353,-0.9403774380972225,-0.8988077473926724,1.8355418196895033,-0.8679571270107064,1.4929135242610925,2.2206480162562685,1.6684523831733173,3.1952946283846066,0.40058552480478027,-0.31976886320709225,0.4045820256552439,-0.049641655095801235,-1.4348819253135594,-1.4860120392197014
-1.4855257629999576,0.444950147236592,0.794555671732188,-0.7067534063127815,-0.010724318667359373,-0.9403766029674437,-0.898806981566873,1.6416250514930089,-0.6877020975970024,1.3491404483025327,2.2241454907466034,1.4259002854129887,3.092436212740589,0.40058530571182693,-0.30259178907609496,0.5063941438385475,-0.004757276233875918,-1.4348798567036756,-1.486009792302146
-1.4855235178314679,0.44494989601299295,0.9390181695388876,-0.706752906837871,-0.010724313612384542,-0.9403757678398897,-0.8988062157430313,1.512347077606536,-0.38727755971514083,1.0952077063964667,2.111597631898301,0.9823507030115405,2.577944236373344,0.4005850866192335,-0.21004004851197458,0.7004457252360379,0.17749919139576956,-1.4348777881027388,-1.4860075453947827
-1.4855212726731581,0.44494964478981963,1.0834803980789285,-0.7067524073640191,-0.01072430855741686,-0.9403749327145609,-0.898805449921147,1.3830693182106797,-0.026768209087484264,0.7904402423439684,1.8915645074997631,0.6525458481348154,1.7832761112918056,0.40058486752699984,-0.05525483221779318,0.8607493774774326,0.4671121538709277,-1.4348757195107484,-1.4860052984976118
-1.4855190275250276,0.44494939356707164,1.227942273519508,-0.7067519078912265,-0.010724303502456324,-0.9403740975914568,-0.8988046841012204,1.253792301566049,0.2736562421040581,0.5823604758115088,1.6970252444589036,0.33339564233205315,1.1588768737182087,0.40058464843512614,0.08419185838460373,1.0166115883895244,0.7161815148890612,-1.4348736509277051,-1.4860030516106324
-1.4855167823870772,0.44494914234474925,1.3724037006617058,-0.4387951208097347,-0.010724298447502936,-0.9403732624705777,-0.8988039182832512,1.2214718473720227,0.39382591603026906,0.44539521484808464,1.5369839711786566,0.06061106288213454,0.6788360035188361,0.40058442934361227,0.21064609720035565,1.1627054021765149,0.9310731636736019,-1.2557403936800522,-1.3017749680236954
-1.4855145372593062,0.44494889112285235,1.5168645729409425,0.3682332281819746,-0.010724293392556697,-0.03144559439351581,-0.8988031524672394,1.18915179051503,0.5139955459611518,0.33664253592436505,1.3782183267328576,-0.2794037996281589,0.2503967674765776,0.400584210252456,0.3555382995602205,1.3636794805668988,1.1560146786362677,-0.10087471708507462,-0.11715314192077204
-1.4855122921417143,0.44494863990138106,1.6613247724275448,1.3167396267324647,-0.010724288337617604,0.6951383787338957,-0.8988023866531853,1.1568315098621789,0.5740801751528213,0.32490033242264016,1.2462889063954934,-0.3060286026563825,-0.0757520806099398,0.40058399116165955,0.48286051319895645,1.41983445781031,1.3422317517708775,0.8216786797164273,0.7971249593207532
-1.4855100470343021,0.5557168632107714,-1.661321828110013,0.6341616378558721,-0.010724283282685664,0.09182845037509552,0.6332561991067008,1.0275551280820892,0.45390990132810805,0.3789636693545945,1.1295038503037191,-0.174370595068356,-0.3771391113624251,0.40058377207122303,0.5934683972531218,1.3826465667132597,1.5051613921231695,0.837722603503566,0.8088185504086812
-1.4855078019370693,0.5557165204190788,-1.5168565645021583,-0.7067536924221469,-0.010724278227760868,-0.9403742507636308,-0.850994350625197,0.8982786721515678,0.2736546715147457,0.39072727750186126,1.030653738897476,0.007011787318911993,-0.36273189283402146,0.4005835529811464,0.6691893971705214,1.2936495012493405,1.4915294227151503,-1.434872568363087,-1.4860016828102662
-1.4855055568500155,0.5557161776280206,-1.3723918841824405,-0.7067531929506657,-0.01072427317284322,-0.9403734156464238,-0.898801786170569,0.7690027008823455,0.09339945733784362,0.3506703137531544,0.946000988604526,-0.06752363559347019,-0.37455603436113966,0.4005833338914296,0.7344048385015837,1.3018255635847573,1.4703812774116574,-1.4348704998024002,-1.4859994359489874
-1.4855033117731409,0.5557158348375968,-1.2279276777365244,-0.7067526934802436,-0.01072426811793272,-0.9403725805314421,-0.8988010203616068,0.8174802633579551,-0.08685575540517383,0.285197914152449,0.8883059937361478,-0.22188081216869077,-0.48239530940672665,0.40058311480207265,0.7739813158385119,1.3259775174614847,1.4729728228920282,-1.43486843125066,-1.485997189097901
-1.4855010667064454,0.5557154920478072,-1.0834638471190852,-0.7067521940108805,-0.01072426306302937,-0.940371745418685,-0.8988002545546021,0.8821175521433133,-0.2671109588343018,0.20718825215332165,0.8402588475152086,-0.39541157082756334,-0.6128871341671409,0.4005828957130733,0.8025500161835104,1.3441733489925107,1.470609762601141,-1.4348663627078662,-1.4859949422570053
-1.4854988216499287,0.555715149258652,-0.9390003056533339,-0.7067516945425761,-0.010724258008133166,-0.9071613105696941,-0.8987994887495548,0.9305949516083699,0.153484940573799,0.12496896535837969,0.7969421134533187,-0.6309591031526799,-0.7452622999933525,0.4005826766244339,0.8556314970192045,1.4372677335924398,1.5164604489706797,-1.4348642941740182,-1.485992695426302
-1.485496576603591,0.5557148064701312,-0.7945369780306396,-0.7067511950753308,-0.01072425295324411,-0.9403701336955497,-0.898798722946465,1.0921883035695492,-0.8078770976142186,0.07887171311463798,0.7967053650604089,-0.7031898655530657,-0.8076538939072262,0.4005824575361544,0.8423773261840762,1.4090516585346977,1.4822023355750293,-1.4348622256491164,-1.4859904486057907
-1.4854943315674323,0.5557144636822445,-0.6500738003102323,-0.7067506956091444,-0.010724247898362203,-0.9221653712014021,-0.8987979571453326,1.2537812498297876,-0.9280466366233013,0.13173088570061314,0.9781861800929196,0.12410078616713013,-0.7288859695313857,0.4005822384482347,0.6954549070219666,0.9775537531630237,1.3726452422320334,-1.4348601571331607,-1.4859882017954702
-1.485492086541452,0.5557141208949923,-0.5056107199189797,-0.7067501961440169,-0.010724242843487442,-0.9403684956709304,-0.8987971913461578,1.7062423642677949,-1.829320596536906,0.2804429837650868,1.2201506655717254,0.7723383216593224,-0.4824773905135643,0.40058201936067483,0.4790189061950693,0.6169396246879163,1.141022992100477,-1.434858088626151,-1.4859859549953414
-1.4854898415256508,0.5557137781083745,-0.36114769565122024,-0.7067496966799482,-0.01072423778861983,-0.9403676605691416,-0.8987964255489402,1.9647887682695033,-1.8293168492834113,0.46145646033915366,1.4215829246419622,1.4538718800358676,-0.2444085449007576,0.400581800273475,0.3311831877700182,0.34207997311350435,0.9986001647575665,-1.434856020128087,-1.4859837082054042
-1.4854875965200283,0.5557134353223909,-0.2166846976686474,-0.7067491972169387,-0.010724232733759366,-0.9403668254695778,-0.8987956597536803,2.2233330968487017,-2.129736530756796,0.7586718627791751,1.6836760880934245,1.8826694398993908,0.06744211709803827,0.4005815811866327,0.15632589146574816,0.18801485227307033,0.854630498006379,-1.4348539516389691,-1.485981461425658
-1.4854853515245843,0.5557130925370418,-0.07222170750022797,-0.7067486977549879,-0.01072422767890605,-0.9403659903722386,-0.8987948939603777,2.0617342359928488,-1.528884651279359,1.020168029133294,1.8715521759976275,1.9187961601490269,0.31082784301083105,0.40058136210015016,0.056965541915199334,0.1984666876738349,0.7858022835140874,-1.4348518831587969,-1.4859792146561033
-1.4854831065393188,0.5557127497523269,0.07224128195785576,-0.7067481982940961,-0.010724222624059882,-0.9403651552771244,-0.8987941281690325,2.0617291339449544,-1.7692208458138516,1.263150514574121,2.061237019931978,1.7694792664097636,0.5622782714103143,0.40058114301402764,-0.05529957025420543,0.24232234811571313,0.685179791338198,-1.4348498146875706,-1.4859769678967396
-1.4854808615642314,0.5557124069682463,0.21670426644224913,-0.7067476988342631,-0.01072421756922086,-0.9403643201842351,-0.8987933623796446,1.738539310778466,-1.1683710508109821,1.3408731572066683,2.15968363494329,1.5658744687604933,0.7577997323285746,0.400580923928265,-0.09013458499632312,0.3414867275520152,0.6487362185847193,-1.4348477462252895,-1.485974721147567
-1.4854786165993223,0.5557120641848001,0.3611672303224692,-0.6910192387677445,-0.010724212514388988,-0.9403634850935705,-0.8987925965922141,1.3507141114034162,0.3337497475944076,1.088977036117425,2.046218164335068,1.1669351783850483,0.611890999529404,0.4005807048428622,0.09962949294337346,0.6722889700761823,0.9124919750112828,-1.4348456777719543,-1.4859724744085854
-1.4854763716445913,0.5557117214019882,0.5056301466009595,-0.7067467220652838,-0.010724207459564263,-0.9403626500051308,-0.8987918308067413,1.399189951745403,0.09341024681816289,1.1624596965678624,2.072981100145578,1.0020795271180747,0.9640621832712166,0.400580485757817,0.1330200807963018,0.8053003346383709,0.8473476820398474,-1.4348436093275643,-1.4859702276797948
-1.4854741267000386,0.5557113786198106,0.6500929769131665,-0.7067462226086015,-0.010724202404746686,-0.9403618149189157,-0.8987910650232256,1.4638249114739852,-0.14692925109075147,1.1015764914180972,2.075447633018138,0.887080439345491,1.3884642956865365,0.4005802666731317,0.18139115424786226,0.9129342453062282,0.74646712397081,-1.43484154089212,-1.485967980961195
-1.485471881765664,0.5557110358382674,0.7945556715276514,-0.7067457231529782,-0.010724197349936257,-0.9403609798349255,-0.8987902992416673,1.51230061965174,-0.3872687206761562,1.0123989450008464,2.061153475509583,0.7331622021317225,1.568933891726726,0.4005800475888062,0.21514358193376204,0.9994468188731462,0.7017022175157227,-1.4348394724656213,-1.4859657342527859
-1.4854696368414675,0.5557106930573584,0.9390181693462478,-0.7067452236984136,-0.010724192295132974,-0.9403601447531601,-0.8987895334620664,1.3991835938022714,-0.38726851078648405,0.7852476368514943,1.938976246798493,0.45379403519920625,1.378958036128468,0.40057982850484075,0.32672322145482774,1.1398651706279253,0.7947997924067135,-1.4348374040480676,-1.4859634875545675
-1.4854673919274486,0.555710350277084,1.083480397904277,-0.6911050915418746,-0.010724187240336839,-0.9403593096736195,-0.8987887676844228,1.3022262481442362,-0.38726830089715325,0.5226863520333002,1.6928329697225717,-0.018824710971629743,0.7385118470978403,0.4005796094212351,0.49868407828965994,1.3402366836770434,1.0417516409206538,-1.4348353356394594,-1.48596124086654
-1.4854651470236078,0.5557100074974437,1.2279422733708327,-0.5095903942791083,-0.010724182185547852,-0.8100890083097967,-0.8987880019087366,1.189110216208997,-0.3872680910081638,0.3471864008055282,1.462610520949142,-0.3273369337003987,0.31011241644249976,0.4005793903379871,0.6548820464120958,1.4622965646521862,1.2035789945735809,-1.2251928579252578,-1.2714620109435277
-1.4854629021299446,0.5557096647184376,1.3724037005491476,-0.20731936516338456,-0.01072417713076601,-0.5384138179055347,-0.8987872361350078,1.1083127365715204,-0.1469279556633937,0.2122517486548037,1.2885649473931635,-0.5598283489784125,-0.05067387427069222,0.40057917125509895,0.7887997978308255,1.558478440750124,1.3491996227285816,-0.8376826541437592,-0.8764001313297997
-1.4854606572464593,0.5557093219400658,1.5168645728770536,1.2462729947703752,-0.01072417207599132,0.7237876498197631,-0.8987864703632362,1.043674724973737,0.15349718957655747,0.17790319641448432,1.1507559299495662,-0.6035310581009443,-0.3420283543038792,0.4005789521725707,0.9010492908147114,1.5826816430388664,1.4861395474833163,0.838156485728009,0.8142256312728493
-1.4854584123731513,0.5557089791623285,1.6613247724275446,0.6117434083094012,-0.010724167021223778,0.10295423122042383,0.6283066002584002,0.9628775468630612,0.45392228910615645,0.20088718954594537,1.0376704004011905,-0.4926023419358831,-0.6752065083244858,0.4005787330904024,1.0136802199629922,1.5499259451426566,1.6669534989683046,0.848659281480335,0.8202361809766248
-1.485456167510021,0.6664779576313608,-1.6613218281766184,-0.7067459119228859,-0.010724161966463381,1.0447479507129347,1.3037032038506022,0.9790356578904239,0.39383698071517914,0.22540906026229038,0.9551954255426431,-0.14118684352045888,-0.5501882490477318,0.40057851400859396,1.0974542617305285,1.3988977481304505,1.6212921271675211,0.6992844573293633,0.674557383381108
-1.4854539226570682,0.6664775040058173,-1.5168565646194345,-0.7067454124713946,-0.010724156911710131,-0.9403600435506402,-0.8987874856703114,1.0113533401895873,0.333751687985445,0.21557267300165994,0.8990100486236123,0.07665117112259946,-0.21229650488422977,0.4005782949271455,1.1565861362090237,1.3089020038217662,1.4705801583378304,-1.4348341706726118,-1.4859597235225963
-1.485451677814293,0.6664770503812002,-1.3723918843371925,-0.706744913020962,-0.010724151856964029,-0.9403592084767836,-0.8987867199010247,1.0275116677264577,0.33375151317143426,0.1833972149145315,0.8670135798507027,0.07441643116930878,-0.15536933793730237,0.4005780758460545,1.1910432706968952,1.315664034960161,1.450161638570974,-1.4348321022885864,-1.4859574768629173
-1.4854494329816945,0.6664765967575093,-1.2279276779180321,-0.7067444135715883,-0.010724146802225075,-0.9403583734051519,-0.898785954133695,1.0436699627229633,0.27366620629482447,0.13494484343339144,0.8358344127396874,-0.027486342113329336,-0.2146637407256757,0.40057785676532354,1.2298029761129727,1.3710896752277206,1.4872601683463214,-1.434830033913506,-1.4859552302134285
-1.4854471881592737,0.6664761431347445,-1.0834638473188467,-0.7067439141232736,-0.010724141747493268,-0.9403575383357446,-0.8987851883683227,1.0759872042223884,0.2135809066068504,0.08134567351677109,0.8083375452913385,-0.175839872032383,-0.3430326229464542,0.4005776376849524,1.256793518157377,1.4424167742222593,1.5506416412029984,-1.4348279655473706,-1.48595298357413
-1.4854449433470298,0.6664756895129059,-0.9390003058648081,-0.7067434146760178,-0.010724136692768609,-0.8606144418229813,-0.8987844226049077,1.092145396318377,0.21358080135736576,0.018917943606605005,0.7779189754876692,-0.422260447805466,-0.48251095788032733,0.40057741860494117,1.2826870567657516,1.5600481286905659,1.6183523890152083,-1.43482589719018,-1.485950736945022
-1.4854426985449631,0.6664752358919938,-0.7945369782489892,-0.7067429152298207,-0.010724131638051098,-0.9125323574319827,-0.8987836568434499,0.7689596668175879,0.8144326478267164,-0.03305472932673218,0.7535547427048032,-0.5274982224412463,-0.6069194406524417,0.40057719952528986,1.3115034952667428,1.616957131594745,1.6850521030901304,-1.4348238288419342,-1.4859484903261035
-1.4854404537530732,0.6664747822720077,-0.6500738005320665,-0.7067424157846824,-0.010724126583340734,-0.9403552210231451,-0.8987828910839495,1.059825176576925,0.33375040882215845,0.01890746186743744,0.9093583921984888,-0.19084524401996572,-0.6025093248452296,0.40057698044599616,1.19999698454807,1.4659690896277398,1.6936225641151479,-1.4348217605026332,-1.4859462437173752
-1.4854382089713605,0.6664743286529481,-0.5056107201420963,-0.7067419163406032,-0.010724121528637517,-0.9403543859623134,-0.8987821253264062,1.350690240288612,-0.14693178593277983,0.1456177848171184,1.0960297252840958,0.655382755986826,-0.4724267180922913,0.4005767613670624,1.0798226535132733,1.1100431799233852,1.6540006284758275,-1.4348196921722767,-1.4859439971188368
-1.4854359641998247,0.6664738750348145,-0.36114769587434997,-0.7067414168975827,-0.010724116473941447,-0.9403535509037062,-0.8987813595708202,1.3830066639570882,-0.1469317151911091,0.3184714307895145,1.2657221784343127,1.4772351967226043,-0.3185312013838005,0.40057654228848844,0.9666225958764441,0.792720107731992,1.5970435426118323,-1.434817623850865,-1.4859417505304884
-1.4854337194384655,0.6664734214176072,-0.21668469789119563,-0.706740917455621,-0.010724111419252527,-0.9403527158473237,-0.8987805938171916,1.4153232772568682,-0.38727285969773834,0.5685527383032085,1.4334659899454099,2.001032942901671,-0.15236183098286207,0.4005763232102744,0.8402759670923262,0.5901035191960028,1.5083945835292705,-1.4348155555383981,-1.4859395039523295
-1.485431474687283,0.6664729678013261,-0.07222170772201791,-0.7067404180147181,-0.010724106364570753,-0.9403518807931659,-0.8987798280655201,1.6253904705019144,-0.5074432843055093,0.873350422926997,1.5838795989813428,2.0219409765038767,0.005395700083451069,0.35458494559924525,0.7544019301448206,0.604826791100474,1.4630128499216057,-1.4348134872348755,-1.4859372573843606
-1.4854292299462768,0.6664725141859715,0.07224128173683998,-0.7067399185748742,-0.010724101309896126,-0.9403510457412325,-0.8987790623158058,1.5769103232778463,-0.38727230702703014,1.124362887013866,1.6743024487607345,1.696402092457379,0.1146168729035879,0.40057593496135424,0.7296467053949157,0.760594785204003,1.4558117455696975,-1.4348114189402972,-1.485935010826581
-1.4854269852154476,0.6664720605715428,0.21670426622212013,-0.7067394191360892,-0.010724096255228646,-0.940350210691524,-0.8987782965680489,1.7384991788386523,-0.38727209713866584,1.3332420542462935,1.7710458650260517,1.3879100391223835,0.36614743747104955,0.4005757158841821,0.7074284177735477,0.9364993452079551,1.4054645689020453,-1.4348093506546633,-1.4859327642789912
-1.4854247404947947,0.6664716069580403,0.3611672301036932,-0.7067389196983628,-0.010724091200568314,-0.94034937564404,-0.8987775308222491,1.6900186316168648,-0.5074426600799544,1.4386197938262208,1.8562643563493106,1.1956415144076604,0.9817763403665519,0.40057549680736987,0.6911080298359337,1.0523615266334263,1.1753804392636642,-1.4348072823779738,-1.4859305177415907
-1.485422495784318,0.666471153345464,0.5056301463846132,-0.6911673454494884,-0.01072408614591513,-0.9403485405987807,-0.8987767650784064,1.6415380316527863,-0.44735695419424326,1.4476707870091972,1.923519620688847,1.0477776590775296,1.800698026153798,0.4005752777309175,0.6646953643346573,1.1293321066393782,0.857669791475024,-1.4348052141102283,-1.4859282712143798
-1.485420251084018,0.6664706997338141,0.6500929767011949,-0.7067379427527918,-0.010724081091269091,-0.940347705555746,-0.898775999336521,1.6092171489009524,-0.32718583246848737,1.3037371434148908,1.9757227500593246,0.8767758099104574,2.5473821944589368,0.4005750586548251,0.6712794231179163,1.2379879189716088,0.6116812141854883,-1.4348031458514272,-1.4859260246973578
-1.485418006393894,0.6664702461230904,0.7945556713231242,-0.7067374433182161,-0.010724076036630201,-0.9403468705149357,-0.8987752335965928,1.5607369549901298,-0.20701472913146476,1.1673408953862774,1.9852852056303587,0.7194515877753364,2.7321909508598807,0.4005748395790927,0.6924270127613088,1.3314196978966701,0.5663368820041378,-1.43480107760157,-1.4859237781905257
-1.485415761713946,0.6664697925132927,0.9390181691536167,-0.7067369438846992,-0.010724070981998459,-0.9403460354763501,-0.8987744678586219,1.4637798275602008,-0.14692913049115341,0.9305260717812567,1.9089560990573646,0.4885441804010055,2.3129237786046346,0.4005746205037178,0.7801666469255474,1.4563071585739042,0.7342358385360046,-1.4347990093606569,-1.485921531693882
-1.4854135170441745,0.6664693389044213,1.0834803977296328,-0.6911219585760559,-0.010724065927373863,-0.9403452004399891,-0.8987737021226082,1.3829822245037586,-0.08684353364843234,0.6438024470701629,1.6993019560474993,0.042956159774932307,1.4653639237944842,0.40057440142870276,0.9456271349845087,1.6648142312508878,1.0620335027943137,-1.4347969411286876,-1.4859192852074277
-1.4854112723845785,0.6664688852964761,1.2279422732221634,2.0448720666215063,-0.010724060872756413,-0.9403443654058524,-0.8987729363885515,1.2860260587126628,-0.026757937318944436,0.4947008576765868,1.5009960219624003,-0.16557436202839654,0.9041364983171913,0.4005741823540478,1.1011235407733317,1.7572622739050625,1.2906242944282276,0.5286528675189225,0.5436565898278105
-1.4854090277351584,0.6664684316894571,1.372403700436594,-0.7067368347554078,-0.010724055818146113,-0.321222145323438,-0.898772170656452,1.2052290206212213,0.03332765896380298,0.4952607540117474,1.3307180006116224,-0.4456306753814575,0.4303980694884769,0.4005739632797527,1.2326548229163268,1.8837319433532234,1.4893316514171244,-1.0701322739082761,-1.1898730341939645
-1.4854067830959143,0.6664679780833642,1.5168645728131671,1.1421752950073931,-0.01072405076354296,0.8079533054751955,-0.8987714049263097,1.1244321929000458,0.09341325484843949,0.4540236599851392,1.1969851194644803,-0.5002654726710052,0.06287612433337782,0.4005737442058175,1.3358718517967587,1.8821151118712196,1.6348661345784123,0.7856331052495655,0.762112929109912
-1.4854045384668462,0.6664675244781977,1.661324772427544,0.5850314779980124,-0.010724045708946953,0.1623935794162772,0.648825254605734,1.0274763945528902,0.15349884916573617,0.4718059589723424,1.0845853479226646,-0.3671882268280928,-0.2507448003210677,0.40057352513223987,1.4268251368415552,1.79537348456927,1.7706003719602432,0.8403761662753276,0.8117139264230153
-1.4854022938479534,0.7772370653774491,-1.6613218282432205,-0.706738080947723,-0.010724040654358094,2.7154937043371596,-0.8987714960115922,0.9143616182272786,0.4539270712224228,0.46437532246779956,0.9944776664952407,0.07750083824213055,-0.34697217433615196,0.4005733060590223,1.4947377769568198,1.551301627995779,1.7928250510280006,0.49484420714925975,0.4752265450369251
-1.4854000492392363,0.7772364778057157,-1.5168565647367054,-0.7067375815167505,-0.010724035599776383,-0.9403448598089065,-0.8987707302847036,0.8174061677510073,0.8144407437645637,0.41457920280212807,0.9175457782253713,0.48329183700464323,-0.4010183218963364,0.40057308698616456,1.5552855821937757,1.3534149706560161,1.8098896058905185,-1.4347977186825855,-1.48591963767283
-1.4853978046406948,0.7772358902353149,-1.3723918844919372,-0.7067370820868368,-0.010724030545201817,-0.9403440247800788,-0.898769964559772,0.7042919678418406,1.1749537937742165,0.3461970322373522,0.8672650427433294,0.5360195625916653,-0.5079819784012853,0.4005728679136668,1.6013032534919145,1.331581537577821,1.8664364343139754,-1.4347956504686272,-1.4859173912080028
-1.4853955600523288,0.7772353026662469,-1.2279276780995314,-0.7067365826579821,-0.010724025490634398,-0.9403431897534756,-0.8987691988367976,0.6719731234033245,1.0547813091232476,0.2604768328751628,0.8162115926136339,0.4230022386219216,-0.6471848304216349,0.40057264884152893,1.6522457054462376,1.382518401499435,1.9380218897261383,-1.434793582263613,-1.485915144753365
-1.4853933154741383,0.7772347150985112,-1.083463847518599,-0.706736083230186,-0.010724020436074126,-0.9403423547290969,-0.8987684331157803,0.6396546137099447,0.9946946624648672,0.15785863185979082,0.760633435854775,0.20521981633708636,-0.8006012550591693,0.4005724297697487,1.6973730936514009,1.4718839162141195,2.005815829698584,-1.434791514067542,-1.4859128983089152
-1.485391070906123,0.7772341275321081,-0.9390003060762726,-0.7067355838034488,-0.010724015381521002,-0.9403415197069427,-0.8987676673967201,0.6073358198050194,0.8745225063899211,0.06400295341930128,0.7116891602600329,-0.056193175867062115,-0.9366901113369466,0.4005722106983284,1.7325587860480995,1.578114645092972,2.0583288564713462,-1.434789445880415,-1.4859106518746545
-1.4853888263482828,0.7772335399670374,-0.7945369784673285,-0.7067350843777703,-0.010724010326975026,-0.940340684687013,-0.8987669016796169,0.8497222934760976,0.4539222012066321,0.015627694646304164,0.7187955034652128,-0.22393053675527985,-0.9992717824563618,0.40057199162726803,1.7243313783034164,1.646096281957017,2.077023556761304,-1.4347873777022313,-1.4859084054505822
-1.4853865818006182,0.7772329524032994,-0.6500738007538898,-0.7067345849531507,-0.010724005272436197,-0.9403398496693078,-0.898766135964471,1.075949186430878,0.1534934096221663,0.07068540793110352,0.8936755996961757,0.1739710608360261,-0.9085630040845557,0.40057177255656756,1.569162528579597,1.4442636335889165,2.015092224244962,-1.4347853095329914,-1.4859061590366984
-1.4853843372631281,0.7772323648408939,-0.5056107203652023,-0.7067340855295897,-0.010724000217904515,-0.9403390146538271,-0.8987653702512819,1.3183346623172678,-0.20702111558228678,0.190559872744118,1.0828495783012535,1.0554288866318489,-0.7224796429181884,0.4005715534862248,1.4162796267432904,1.0568657014805962,1.9178675473834785,-1.4347832413726944,-1.4859039126330034
-1.4853820927358135,0.777231777279821,-0.36114769609746905,-0.7067335861070875,-0.01072399516337998,-0.9403381796405706,-0.89876460454005,1.3991284097458696,-0.2671067789822228,0.35736108028792135,1.2618258781468217,1.8104748317559314,-0.5177008856575334,0.4005713344162419,1.2738162143738982,0.7586013016699171,1.8151008939657278,-1.4347811732213411,-1.4859016662394962
-1.4853798482186735,0.7772311897200804,-0.21668469811373345,-0.7067330866856442,-0.010723990108862592,-0.9403373446295388,-0.8987638388307753,1.4960809815333043,-0.3271924328355761,0.6219768779970319,1.4427412019011987,2.2861851879931097,-0.30335022995042205,0.4005711153466189,1.1325989099784253,0.5867385373096904,1.7124251745157018,-1.4347791050789311,-1.4858994198561777
-1.4853776037117083,0.7772306021616726,-0.07222170794379758,-0.7067325872652594,-0.010723985054352349,-0.9403365096207313,-0.8987630731234576,1.5768740045091665,-0.3872780727910709,0.9134244285242533,1.5922047928380083,2.2548068402869186,-0.11335494574910779,0.40057089627735587,1.0260259373291696,0.6068935989559545,1.6314401848040456,-1.4347770369454647,-1.485897173483047
-1.4853753592149181,0.7772300146045972,0.07224128151583449,-0.7067320878459336,-0.010723979999849255,-0.9403356746141486,-0.8987623074180967,1.7384618238226512,-0.6276211561529814,1.1911084754537318,1.7012469375399415,1.9421365989779336,0.038522764581076896,0.40057067720845285,0.9521633739747024,0.7308040221653038,1.5700734882510152,-1.434774968820941,-1.4858949271201045
-1.4853731147283025,0.7772294270488543,0.21670426600200132,-0.7067315884276666,-0.01072397494535331,-0.9403348396097899,-0.898761541714693,1.657663415602143,-0.5675349114644036,1.3902954484051697,1.7946320196924803,1.5918338105211738,0.3030213264677202,0.4005704581399074,0.8919458827259155,0.8746454551252574,1.457469985450238,-1.4347729007053607,-1.4858926807673503
-1.4853708702518613,0.7772288394944438,0.36116722988492717,-0.7067310890104583,-0.010723969890864509,-0.9403340046076558,-0.8987607760132463,1.5768654108607725,-0.3872769707615029,1.4962479010931788,1.873259370801659,1.3389314113301427,0.9160402290226749,0.4005702390717219,0.8564725958137014,0.9984760129958375,1.2096768082163623,-1.4347708325987232,-1.4858904344247843
-1.485368625785595,0.7772282519413658,0.5056301461682768,-0.6908638281046378,-0.010723964836382854,-0.940333169607746,-0.8987600103137567,1.5445446803006972,-0.4473626520799671,1.4720298957663243,1.9329914914726554,1.1615660253803841,1.7406774872432056,0.40057002000389635,0.8097074032804242,1.06173808371008,0.862728738436793,-1.434768764501029,-1.4858881880924057
-1.485366381329503,0.7772276643896204,0.6500929764892327,-0.7067301125200671,-0.010723959781908347,-0.9403323346100608,-0.8987592446162241,1.5283834631435906,-0.4473623990570545,1.3326454061166628,1.977882520921044,0.9953233197622801,2.4942881214431853,0.40056980093643074,0.7826743945732584,1.1285545954491718,0.5805169177682644,-1.4347666964122772,-1.485885941770215
-1.4853641368835853,0.7772270768392077,0.7945556711186058,-0.7067296131060087,-0.010723954727440987,-0.9403314996145999,-0.8987584789206485,1.4960629553291414,-0.4473621460345705,1.200497981022378,1.9852729634880397,0.8246534719762943,2.7016593560863846,0.4005695818693228,0.7770710745765981,1.1949020265943766,0.5022260734872075,-1.4347646283324687,-1.4858836954582122
-1.485361892447842,0.7772264892901273,0.939018168960994,-0.7067291136930091,-0.010723949672980774,-0.9403306646213633,-0.8987577132270299,1.4637425816884138,-0.507447847599517,0.9691998901077629,1.914643137531266,0.5764246527944953,2.3044014061435676,0.40056936280257466,0.820972348783502,1.2832067654603085,0.6247922531124975,-1.434762560261603,-1.4858814491563972
-1.4853596480222728,0.7772259017423793,1.083480397554997,-0.706728614281068,-0.010723944618527709,-0.940329829630351,-0.8987569475353683,1.44758168391812,-0.5675335173060371,0.6890779027125016,1.7129536095885214,0.12295090357911076,1.4754321855140524,0.4005691437361866,0.9578815737273086,1.4655675583745198,0.9164797721449973,-1.4347604921996802,-1.4858792028647696
-1.4853574036068777,0.7772253141959637,1.227942273073501,-0.2578032581146651,-0.01072393956408179,-0.5645901239606277,-0.8987561818456635,1.4152615092620513,-0.6276191475315734,0.5097419991950326,1.5438151128139734,-0.15984332970329987,0.8674895664362345,0.4005689246701584,1.0735274754871533,1.5755977080766628,1.1435477130075293,-0.893235747476311,-0.9306271053528015
-1.485355159201657,0.7772247266508809,1.3724037003240457,-0.06683865086226314,-0.010723934509643018,-0.940328764384119,-0.8987554161579159,1.237510788642366,-0.38727469894976735,0.3950614255995045,1.375825742799285,-0.300339554670598,0.45043271179668704,0.40056870560448793,1.196654768490461,1.6243814043913345,1.3063877394574834,-0.9937962658395689,-1.0393167948691004
-1.4853529148066102,0.7772241391071302,1.5168645727492838,-0.7067284513780847,-0.010723929455211391,-0.40596561732414715,-0.898754650472125,1.04360179542681,-0.2070163459758402,0.3269389069042549,1.2250502946028823,-0.5350626474382946,0.0931591122928744,0.40056848653917737,1.288670655780528,1.6887529569812052,1.4190628402432417,-1.123325334385621,-1.1693910480826177
-1.485350670421737,0.7772235515647121,1.661324772427544,1.163296501077057,-0.010723924400786913,0.5904593502511412,-0.8987538847882912,0.8658518891603657,-0.02675800081456688,0.21649356253896837,1.0938866649716878,-0.5967084957417065,-0.22171918356614428,0.4005682674742268,1.3667110914635303,1.665336169013858,1.5132886575358906,0.8045838713218348,0.7793213505030988
-1.4853484260470378,0.8879934275957322,-1.6613218283098197,-0.7067289307610894,-0.01072391934636958,0.8130586359867884,1.4254131980426585,0.7850562222476986,0.15350034257242193,0.21149755487699484,0.9811809458377586,-0.4571494003833093,-0.5924360298345183,0.4005680484096361,1.4287636937367445,1.5484083809819185,1.641841557460589,0.7232202821638816,0.6979810394846692
-1.4853461816825124,0.8879926791276129,-1.5168565648539707,0.792844695821099,-0.010723914291959395,-0.9403296785845392,-0.8987540255833845,0.6881015825468726,0.3337586681412208,0.1753854737406717,0.889977390073707,-0.18814144134413288,-0.5214939024436543,0.4005678293454054,1.4862618114007207,1.3943091442286817,1.579016132603557,-0.3914603669199606,-0.4748470090713814
-1.4853439373281607,0.8879919306613863,-1.3723918846466747,-0.7067293023319157,-0.010723909237556357,-0.9403288436007333,-0.8706515809659598,0.6073060872066146,0.5140169377657471,0.16536504238019978,0.8135831656078545,-0.17887495943478787,-0.4018842407780957,0.4005676102815323,1.5210112492130574,1.3536298938919393,1.4842183098344082,-1.4347577592808125,-1.4858758992359324
-1.4853416929839824,0.8879911821970526,-1.2279276782810222,-0.7067288029235184,-0.010723904183160464,-0.9403280086191518,-0.8987525417711708,0.6073056954464585,0.6341889442697557,0.1268725173736391,0.7512139655348997,-0.29381419209355564,-0.4965037645142121,0.40056739121801926,1.561017696469417,1.38853347080585,1.5101821162330098,-1.4347556912507182,-1.4858736529811813
-1.485339448649978,0.8879904337346111,-1.083463847718342,-0.6867324433769271,-0.01072389912877172,-0.9403271736397945,-0.8987517760943473,0.6073053036870605,0.8144469950055048,0.026746244791631478,0.7043731516098172,-0.4796538195328136,-0.6349620095444037,0.40056717215486604,1.5951953561987937,1.4694485652072014,1.5700845541483086,-1.4347536232295666,-1.4858714067366179
-1.4853372043261468,0.8879896852740624,-0.9390003062877272,-0.7067278322367324,-0.01072389407439012,-0.9403263386626615,-0.8987510104194807,0.6719409229501874,0.6341878581751577,-0.024545788661691624,0.658306687524969,-0.644273373822516,-0.7676966225807116,0.40056695309207285,1.6313704197481134,1.545017497996349,1.6312923040302736,-1.4347515552173569,-1.4858691605022414
-1.4853349600124892,0.887988936815406,-0.794536978685658,-0.6740832774071052,-0.010723889020015668,-0.9403255036877528,-0.8987502447465708,0.9304847954274054,0.45392883163699493,-0.04609587012742991,0.668898167981653,-0.7588171733243,-0.8568180626356158,0.4005667340296373,1.6219937125632844,1.6074413721874197,1.6820292780133712,-1.4347494872140898,-1.4858669142780518
-1.4853327157090046,0.8879881883586423,-0.6500738009757034,-0.7067268792078378,-0.010723883965648363,-0.9403246687150685,-0.8987494790756182,1.0920740703227942,0.15349736428751742,0.019670338764092316,0.8511285139000475,-0.23361363489772094,-0.8046054950027436,0.4005665149675617,1.46963101748512,1.3735847056018042,1.6723151770640372,-1.4347474192197647,-1.4858646680640493
-1.4853304714156936,0.887987439903771,-0.5056107205882984,-0.7067263798046471,-0.010723878911288204,-0.9403238337446084,-0.8987487134066223,1.2536629396367291,-0.20702037183478164,0.14120867224458641,1.0340309128119578,0.5109463990433686,-0.6466679330974209,0.40056629590584597,1.3176401345210016,1.0576383114166534,1.607489602809936,-1.4347453512343817,-1.4858624218602339
-1.4853282271325556,0.8879866914507925,-0.36114769632057825,-0.7067258804025149,-0.010723873856935191,-0.9403229987763726,-0.8987479477395833,1.334456363429939,-0.26710657039004865,0.3031393941106853,1.2036761332012547,1.2108369894164757,-0.47518990786002896,0.40056607684449036,1.188255210255374,0.7993337567871565,1.5531497582124076,-1.4347432832579412,-1.4858601756666048
-1.4853259828595904,0.8879859429997062,-0.2166846983362612,-0.7067253810014414,-0.010723868802589328,-0.9403221638103609,-0.8987471820745011,1.4152495034490102,-0.14693378023065162,0.5543734065770047,1.3730356487288777,1.6778533654445444,-0.2907054611928946,0.40056585778349235,1.0815028027603748,0.666898835184348,1.5201855105606852,-1.4347412152904424,-1.4858579294831629
-1.4853237385967983,0.8879851945505127,-0.07222170816556724,-0.7067248816014268,-0.010723863748250607,-0.9403213288465735,-0.8987464164113759,1.479883300738977,-0.3271927717750265,0.8220097274591245,1.5044849378603598,1.7213404389551392,-0.1452467560489862,0.3514636034269076,0.9912778960064944,0.66867247950435,1.47434868176858,-1.4347391473318858,-1.4858556833099075
-1.4853214943441793,0.8879844461032114,0.07224128129483905,-0.7067243822024707,-0.010723858693919036,-0.9403204938850104,-0.8987456507502074,1.5768348428269576,-0.3872789745914391,1.0753104159959719,1.5991387931465715,1.4304141770157914,-0.019814118861869057,0.40056547291309236,0.9521298407810674,0.8349613810524009,1.4838991341804946,-1.4347370793822707,-1.4858534371468388
-1.485319250101733,0.8879836976578027,0.21670426578189247,-0.7067238828045733,-0.010723853639594612,-0.9403196589256716,-0.8987448850909958,1.5768322520754485,-0.687710681069502,1.2342978223756413,1.6758451730907122,1.1112004347814348,0.19710506486396884,0.40056525385313674,0.8947086053585364,0.9596438425699728,1.3821056539958545,-1.434735011441598,-1.4858511909939562
-1.4853170058694591,0.8879829492142867,0.36116722966617115,-0.7067233834077346,-0.010723848585277335,-0.9403188239685568,-0.898744119433741,1.4475583498829443,-0.44736462127464793,1.3273676749696972,1.7378707962301065,0.9251418558785437,0.7676317837368423,0.40056503479354105,0.8534489418895612,1.0399524308582397,1.1366652207874932,-1.4347329435098666,-1.4858489448512606
-1.4853147616473583,0.8879822007726631,0.5056301459519505,-0.7067228840119546,-0.010723843530967201,-0.9403179890136665,-0.8987433537784432,1.4152382620469586,-0.6877100412791358,1.3056972255667039,1.7914055594432285,0.7775115890511757,1.5496839200074644,0.400564815734303,0.7810715132021243,1.0416048891099616,0.7645839680889648,-1.4347308755870771,-1.4858466987187515
-1.48531251743543,0.887981452332932,0.6500929762772806,-0.7067223846172331,-0.010723838476664214,-0.9403171540610001,-0.8987425881251019,1.3182826599831046,-0.38727738505984227,1.1415949436287152,1.8138789920716287,0.5933492584987746,2.2030110542049655,0.400564596675425,0.7643103002236579,1.1194220569827245,0.5270839533047178,-1.4347288076732294,-1.4858444525964285
-1.4853102732336745,0.8879807038950933,0.7945556709140973,-0.7067218852235705,-0.010723833422368375,-0.9403163191105579,-0.8987418224737177,1.2374863455804093,-0.3271907010242183,0.9997910344412865,1.8097071323304563,0.4499378591422055,2.3845172924650027,0.40056437761690694,0.7549842658875138,1.1604987636059936,0.447204951142843,-1.434726739768323,-1.4858422064842915
